2026-07-13 11:43:49.432 [background-preinit] INFO  o.h.validator.internal.util.Version [requestId=] [path=] - HV000001: Hibernate Validator 8.0.1.Final
2026-07-13 11:43:49.486 [main] INFO  o.m.a.s.SecurityConfigWebMvcTest [requestId=] [path=] - Starting SecurityConfigWebMvcTest using Java 23.0.2 with PID 25056 (started by egors in D:\Games\RiotApiPractice)
2026-07-13 11:43:49.487 [main] DEBUG o.m.a.s.SecurityConfigWebMvcTest [requestId=] [path=] - Running with Spring Boot v3.3.3, Spring v6.1.12
2026-07-13 11:43:49.488 [main] INFO  o.m.a.s.SecurityConfigWebMvcTest [requestId=] [path=] - No active profile set, falling back to 1 default profile: "default"
2026-07-13 11:43:51.505 [main] INFO  o.s.b.a.w.s.WelcomePageHandlerMapping [requestId=] [path=] - Adding welcome page: class path resource [static/index.html]
2026-07-13 11:43:52.365 [main] DEBUG o.m.a.s.AppSessionAuthenticationFilter [requestId=] [path=] - Filter 'appSessionAuthenticationFilter' configured for use
2026-07-13 11:43:52.365 [main] DEBUG o.main.config.RequestLoggingFilter [requestId=] [path=] - Filter 'requestLoggingFilter' configured for use
2026-07-13 11:43:52.371 [main] INFO  o.s.b.t.m.w.SpringBootMockServletContext [requestId=] [path=] - Initializing Spring TestDispatcherServlet ''
2026-07-13 11:43:52.372 [main] INFO  o.s.t.w.s.TestDispatcherServlet [requestId=] [path=] - Initializing Servlet ''
2026-07-13 11:43:52.375 [main] INFO  o.s.t.w.s.TestDispatcherServlet [requestId=] [path=] - Completed initialization in 3 ms
2026-07-13 11:43:52.421 [main] INFO  o.m.a.s.SecurityConfigWebMvcTest [requestId=] [path=] - Started SecurityConfigWebMvcTest in 3.64 seconds (process running for 8.015)
2026-07-13 11:43:57.375 [main] INFO  o.s.t.c.s.AnnotationConfigContextLoaderUtils [requestId=] [path=] - Could not detect default configuration classes for test class [org.main.account.web.AuthControllerWebMvcTest]: AuthControllerWebMvcTest does not declare any static, non-private, non-final, nested classes annotated with @Configuration.
2026-07-13 11:43:57.425 [main] INFO  o.s.b.t.c.SpringBootTestContextBootstrapper [requestId=] [path=] - Found @SpringBootConfiguration org.main.RiotPractice for test class org.main.account.web.AuthControllerWebMvcTest
2026-07-13 11:43:57.432 [main] INFO  o.s.b.d.r.RestartApplicationListener [requestId=] [path=] - Restart disabled due to context in which it is running
2026-07-13 11:43:57.476 [main] INFO  o.m.a.web.AuthControllerWebMvcTest [requestId=] [path=] - Starting AuthControllerWebMvcTest using Java 23.0.2 with PID 25056 (started by egors in D:\Games\RiotApiPractice)
2026-07-13 11:43:57.477 [main] DEBUG o.m.a.web.AuthControllerWebMvcTest [requestId=] [path=] - Running with Spring Boot v3.3.3, Spring v6.1.12
2026-07-13 11:43:57.477 [main] INFO  o.m.a.web.AuthControllerWebMvcTest [requestId=] [path=] - No active profile set, falling back to 1 default profile: "default"
2026-07-13 11:43:58.035 [main] INFO  o.s.b.a.w.s.WelcomePageHandlerMapping [requestId=] [path=] - Adding welcome page: class path resource [static/index.html]
2026-07-13 11:43:58.211 [main] DEBUG o.m.a.s.AppSessionAuthenticationFilter [requestId=] [path=] - Filter 'appSessionAuthenticationFilter' configured for use
2026-07-13 11:43:58.211 [main] DEBUG o.main.config.RequestLoggingFilter [requestId=] [path=] - Filter 'requestLoggingFilter' configured for use
2026-07-13 11:43:58.211 [main] INFO  o.s.b.t.m.w.SpringBootMockServletContext [requestId=] [path=] - Initializing Spring TestDispatcherServlet ''
2026-07-13 11:43:58.211 [main] INFO  o.s.t.w.s.TestDispatcherServlet [requestId=] [path=] - Initializing Servlet ''
2026-07-13 11:43:58.213 [main] INFO  o.s.t.w.s.TestDispatcherServlet [requestId=] [path=] - Completed initialization in 1 ms
2026-07-13 11:43:58.235 [main] INFO  o.m.a.web.AuthControllerWebMvcTest [requestId=] [path=] - Started AuthControllerWebMvcTest in 0.804 seconds (process running for 13.829)
2026-07-13 11:43:58.676 [main] WARN  o.m.handler.GlobalExceptionHandler [requestId=8541b637-7b8b-4553-9777-de0642783fa0] [path=/api/auth/register] - Handled exception: errorId=f1a9169c-75bf-4437-866d-2b8c44cd76c7, code=VALIDATION_ERROR, path=/api/auth/register, context={requestId=8541b637-7b8b-4553-9777-de0642783fa0, method=POST}, message=Validation failed for argument [0] in public org.springframework.http.ResponseEntity<java.lang.Void> org.main.account.web.AuthController.register(org.main.account.dto.RegisterRequest,jakarta.servlet.http.HttpServletRequest) with 3 errors: [Field error in object 'registerRequest' on field 'password': rejected value [short]; codes [Size.registerRequest.password,Size.password,Size.java.lang.String,Size]; arguments [org.springframework.context.support.DefaultMessageSourceResolvable: codes [registerRequest.password,password]; arguments []; default message [password],128,12]; default message [size must be between 12 and 128]] [Field error in object 'registerRequest' on field 'email': rejected value [not-an-email]; codes [Email.registerRequest.email,Email.email,Email.java.lang.String,Email]; arguments [org.springframework.context.support.DefaultMessageSourceResolvable: codes [registerRequest.email,email]; arguments []; default message [email],[Ljakarta.validation.constraints.Pattern$Flag;@31d327b6,.*]; default message [must be a well-formed email address]] [Field error in object 'registerRequest' on field 'displayName': rejected value []; codes [NotBlank.registerRequest.displayName,NotBlank.displayName,NotBlank.java.lang.String,NotBlank]; arguments [org.springframework.context.support.DefaultMessageSourceResolvable: codes [registerRequest.displayName,displayName]; arguments []; default message [displayName]]; default message [must not be blank]] 
2026-07-13 11:43:58.720 [main] INFO  o.s.t.c.s.AnnotationConfigContextLoaderUtils [requestId=] [path=] - Could not detect default configuration classes for test class [org.main.account.web.SavedProfileControllerWebMvcTest]: SavedProfileControllerWebMvcTest does not declare any static, non-private, non-final, nested classes annotated with @Configuration.
2026-07-13 11:43:58.747 [main] INFO  o.s.b.t.c.SpringBootTestContextBootstrapper [requestId=] [path=] - Found @SpringBootConfiguration org.main.RiotPractice for test class org.main.account.web.SavedProfileControllerWebMvcTest
2026-07-13 11:43:58.755 [main] INFO  o.s.b.d.r.RestartApplicationListener [requestId=] [path=] - Restart disabled due to context in which it is running
2026-07-13 11:43:58.794 [main] INFO  o.m.a.w.SavedProfileControllerWebMvcTest [requestId=] [path=] - Starting SavedProfileControllerWebMvcTest using Java 23.0.2 with PID 25056 (started by egors in D:\Games\RiotApiPractice)
2026-07-13 11:43:58.795 [main] DEBUG o.m.a.w.SavedProfileControllerWebMvcTest [requestId=] [path=] - Running with Spring Boot v3.3.3, Spring v6.1.12
2026-07-13 11:43:58.795 [main] INFO  o.m.a.w.SavedProfileControllerWebMvcTest [requestId=] [path=] - No active profile set, falling back to 1 default profile: "default"
2026-07-13 11:43:59.277 [main] INFO  o.s.b.a.w.s.WelcomePageHandlerMapping [requestId=] [path=] - Adding welcome page: class path resource [static/index.html]
2026-07-13 11:43:59.415 [main] DEBUG o.m.a.s.AppSessionAuthenticationFilter [requestId=] [path=] - Filter 'appSessionAuthenticationFilter' configured for use
2026-07-13 11:43:59.415 [main] DEBUG o.main.config.RequestLoggingFilter [requestId=] [path=] - Filter 'requestLoggingFilter' configured for use
2026-07-13 11:43:59.415 [main] INFO  o.s.b.t.m.w.SpringBootMockServletContext [requestId=] [path=] - Initializing Spring TestDispatcherServlet ''
2026-07-13 11:43:59.415 [main] INFO  o.s.t.w.s.TestDispatcherServlet [requestId=] [path=] - Initializing Servlet ''
2026-07-13 11:43:59.419 [main] INFO  o.s.t.w.s.TestDispatcherServlet [requestId=] [path=] - Completed initialization in 4 ms
2026-07-13 11:43:59.428 [main] INFO  o.m.a.w.SavedProfileControllerWebMvcTest [requestId=] [path=] - Started SavedProfileControllerWebMvcTest in 0.675 seconds (process running for 15.021)
2026-07-13 11:43:59.471 [main] WARN  o.m.handler.GlobalExceptionHandler [requestId=c337f5ee-71ff-4cde-8321-ef1a5681c99b] [path=/api/account/saved-profiles/ab438de5-4983-4182-9e67-ae52187cd38e] - Handled exception: errorId=acb4dca2-1492-4bab-a0c1-4e7a04dcc82b, code=NOT_FOUND, path=/api/account/saved-profiles/ab438de5-4983-4182-9e67-ae52187cd38e, context={requestId=c337f5ee-71ff-4cde-8321-ef1a5681c99b, method=PATCH}, message=Saved profile not found
2026-07-13 11:43:59.548 [main] INFO  o.s.t.c.s.AnnotationConfigContextLoaderUtils [requestId=] [path=] - Could not detect default configuration classes for test class [org.main.controller.CrawlerControllerWebMvcTest]: CrawlerControllerWebMvcTest does not declare any static, non-private, non-final, nested classes annotated with @Configuration.
2026-07-13 11:43:59.584 [main] INFO  o.s.b.t.c.SpringBootTestContextBootstrapper [requestId=] [path=] - Found @SpringBootConfiguration org.main.RiotPractice for test class org.main.controller.CrawlerControllerWebMvcTest
2026-07-13 11:43:59.592 [main] INFO  o.s.b.d.r.RestartApplicationListener [requestId=] [path=] - Restart disabled due to context in which it is running
2026-07-13 11:43:59.635 [main] INFO  o.m.c.CrawlerControllerWebMvcTest [requestId=] [path=] - Starting CrawlerControllerWebMvcTest using Java 23.0.2 with PID 25056 (started by egors in D:\Games\RiotApiPractice)
2026-07-13 11:43:59.637 [main] DEBUG o.m.c.CrawlerControllerWebMvcTest [requestId=] [path=] - Running with Spring Boot v3.3.3, Spring v6.1.12
2026-07-13 11:43:59.637 [main] INFO  o.m.c.CrawlerControllerWebMvcTest [requestId=] [path=] - No active profile set, falling back to 1 default profile: "default"
2026-07-13 11:44:00.175 [main] INFO  o.s.b.a.w.s.WelcomePageHandlerMapping [requestId=] [path=] - Adding welcome page: class path resource [static/index.html]
2026-07-13 11:44:00.308 [main] DEBUG o.m.a.s.AppSessionAuthenticationFilter [requestId=] [path=] - Filter 'appSessionAuthenticationFilter' configured for use
2026-07-13 11:44:00.308 [main] DEBUG o.main.config.RequestLoggingFilter [requestId=] [path=] - Filter 'requestLoggingFilter' configured for use
2026-07-13 11:44:00.308 [main] INFO  o.s.b.t.m.w.SpringBootMockServletContext [requestId=] [path=] - Initializing Spring TestDispatcherServlet ''
2026-07-13 11:44:00.308 [main] INFO  o.s.t.w.s.TestDispatcherServlet [requestId=] [path=] - Initializing Servlet ''
2026-07-13 11:44:00.309 [main] INFO  o.s.t.w.s.TestDispatcherServlet [requestId=] [path=] - Completed initialization in 1 ms
2026-07-13 11:44:00.322 [main] INFO  o.m.c.CrawlerControllerWebMvcTest [requestId=] [path=] - Started CrawlerControllerWebMvcTest in 0.73 seconds (process running for 15.915)
2026-07-13 11:44:00.437 [main] INFO  o.main.controller.CrawlerController [requestId=9c51c4bf-b53a-4ed9-bb6c-4b42d52d6656] [path=/api/crawl/euw/puuid/p] - Received crawlByPuuid request: puuid='p', limit=7
2026-07-13 11:44:00.439 [main] INFO  o.main.controller.CrawlerController [requestId=9c51c4bf-b53a-4ed9-bb6c-4b42d52d6656] [path=/api/crawl/euw/puuid/p] - crawlByPuuid completed: puuid='null', requestedLimit=0, savedNewMatches=0
2026-07-13 11:44:00.461 [main] INFO  o.main.controller.CrawlerController [requestId=ace9e68c-4c95-4fff-a2e9-3d646deeb7c2] [path=/api/crawl/euw/puuid/p] - Received crawlByPuuid request: puuid='p', limit=20
2026-07-13 11:44:00.462 [main] INFO  o.main.controller.CrawlerController [requestId=ace9e68c-4c95-4fff-a2e9-3d646deeb7c2] [path=/api/crawl/euw/puuid/p] - crawlByPuuid completed: puuid='null', requestedLimit=0, savedNewMatches=0
2026-07-13 11:44:00.476 [main] INFO  o.s.t.c.s.AnnotationConfigContextLoaderUtils [requestId=] [path=] - Could not detect default configuration classes for test class [org.main.controller.frontend.PlayerDashboardControllerWebMvcTest]: PlayerDashboardControllerWebMvcTest does not declare any static, non-private, non-final, nested classes annotated with @Configuration.
2026-07-13 11:44:00.515 [main] INFO  o.s.b.t.c.SpringBootTestContextBootstrapper [requestId=] [path=] - Found @SpringBootConfiguration org.main.RiotPractice for test class org.main.controller.frontend.PlayerDashboardControllerWebMvcTest
2026-07-13 11:44:00.523 [main] INFO  o.s.b.d.r.RestartApplicationListener [requestId=] [path=] - Restart disabled due to context in which it is running
2026-07-13 11:44:00.553 [main] INFO  o.m.c.f.PlayerDashboardControllerWebMvcTest [requestId=] [path=] - Starting PlayerDashboardControllerWebMvcTest using Java 23.0.2 with PID 25056 (started by egors in D:\Games\RiotApiPractice)
2026-07-13 11:44:00.553 [main] DEBUG o.m.c.f.PlayerDashboardControllerWebMvcTest [requestId=] [path=] - Running with Spring Boot v3.3.3, Spring v6.1.12
2026-07-13 11:44:00.553 [main] INFO  o.m.c.f.PlayerDashboardControllerWebMvcTest [requestId=] [path=] - No active profile set, falling back to 1 default profile: "default"
2026-07-13 11:44:01.375 [main] INFO  o.s.b.a.w.s.WelcomePageHandlerMapping [requestId=] [path=] - Adding welcome page: class path resource [static/index.html]
2026-07-13 11:44:01.506 [main] DEBUG o.m.a.s.AppSessionAuthenticationFilter [requestId=] [path=] - Filter 'appSessionAuthenticationFilter' configured for use
2026-07-13 11:44:01.506 [main] DEBUG o.main.config.RequestLoggingFilter [requestId=] [path=] - Filter 'requestLoggingFilter' configured for use
2026-07-13 11:44:01.507 [main] INFO  o.s.b.t.m.w.SpringBootMockServletContext [requestId=] [path=] - Initializing Spring TestDispatcherServlet ''
2026-07-13 11:44:01.507 [main] INFO  o.s.t.w.s.TestDispatcherServlet [requestId=] [path=] - Initializing Servlet ''
2026-07-13 11:44:01.508 [main] INFO  o.s.t.w.s.TestDispatcherServlet [requestId=] [path=] - Completed initialization in 1 ms
2026-07-13 11:44:01.520 [main] INFO  o.m.c.f.PlayerDashboardControllerWebMvcTest [requestId=] [path=] - Started PlayerDashboardControllerWebMvcTest in 0.997 seconds (process running for 17.113)
2026-07-13 11:44:01.695 [main] ERROR o.m.handler.GlobalExceptionHandler [requestId=] [path=] - Handled exception: errorId=62a90a5f-9c20-442f-9d9b-b09b25453b4f, code=INTERNAL_ERROR, path=/api/auth/register, context={requestId=null, method=POST}
java.lang.Exception: failure
	at org.main.handler.GlobalExceptionHandlerTest.handlesRequestsWithoutQueryString(GlobalExceptionHandlerTest.java:22)
	at java.base/jdk.internal.reflect.DirectMethodHandleAccessor.invoke(DirectMethodHandleAccessor.java:103)
	at java.base/java.lang.reflect.Method.invoke(Method.java:580)
	at org.junit.platform.commons.util.ReflectionUtils.invokeMethod(ReflectionUtils.java:728)
	at org.junit.jupiter.engine.execution.MethodInvocation.proceed(MethodInvocation.java:60)
	at org.junit.jupiter.engine.execution.InvocationInterceptorChain$ValidatingInvocation.proceed(InvocationInterceptorChain.java:131)
	at org.junit.jupiter.engine.extension.TimeoutExtension.intercept(TimeoutExtension.java:156)
	at org.junit.jupiter.engine.extension.TimeoutExtension.interceptTestableMethod(TimeoutExtension.java:147)
	at org.junit.jupiter.engine.extension.TimeoutExtension.interceptTestMethod(TimeoutExtension.java:86)
	at org.junit.jupiter.engine.execution.InterceptingExecutableInvoker$ReflectiveInterceptorCall.lambda$ofVoidMethod$0(InterceptingExecutableInvoker.java:103)
	at org.junit.jupiter.engine.execution.InterceptingExecutableInvoker.lambda$invoke$0(InterceptingExecutableInvoker.java:93)
	at org.junit.jupiter.engine.execution.InvocationInterceptorChain$InterceptedInvocation.proceed(InvocationInterceptorChain.java:106)
	at org.junit.jupiter.engine.execution.InvocationInterceptorChain.proceed(InvocationInterceptorChain.java:64)
	at org.junit.jupiter.engine.execution.InvocationInterceptorChain.chainAndInvoke(InvocationInterceptorChain.java:45)
	at org.junit.jupiter.engine.execution.InvocationInterceptorChain.invoke(InvocationInterceptorChain.java:37)
	at org.junit.jupiter.engine.execution.InterceptingExecutableInvoker.invoke(InterceptingExecutableInvoker.java:92)
	at org.junit.jupiter.engine.execution.InterceptingExecutableInvoker.invoke(InterceptingExecutableInvoker.java:86)
	at org.junit.jupiter.engine.descriptor.TestMethodTestDescriptor.lambda$invokeTestMethod$7(TestMethodTestDescriptor.java:218)
	at org.junit.platform.engine.support.hierarchical.ThrowableCollector.execute(ThrowableCollector.java:73)
	at org.junit.jupiter.engine.descriptor.TestMethodTestDescriptor.invokeTestMethod(TestMethodTestDescriptor.java:214)
	at org.junit.jupiter.engine.descriptor.TestMethodTestDescriptor.execute(TestMethodTestDescriptor.java:139)
	at org.junit.jupiter.engine.descriptor.TestMethodTestDescriptor.execute(TestMethodTestDescriptor.java:69)
	at org.junit.platform.engine.support.hierarchical.NodeTestTask.lambda$executeRecursively$6(NodeTestTask.java:151)
	at org.junit.platform.engine.support.hierarchical.ThrowableCollector.execute(ThrowableCollector.java:73)
	at org.junit.platform.engine.support.hierarchical.NodeTestTask.lambda$executeRecursively$8(NodeTestTask.java:141)
	at org.junit.platform.engine.support.hierarchical.Node.around(Node.java:137)
	at org.junit.platform.engine.support.hierarchical.NodeTestTask.lambda$executeRecursively$9(NodeTestTask.java:139)
	at org.junit.platform.engine.support.hierarchical.ThrowableCollector.execute(ThrowableCollector.java:73)
	at org.junit.platform.engine.support.hierarchical.NodeTestTask.executeRecursively(NodeTestTask.java:138)
	at org.junit.platform.engine.support.hierarchical.NodeTestTask.execute(NodeTestTask.java:95)
	at java.base/java.util.ArrayList.forEach(ArrayList.java:1597)
	at org.junit.platform.engine.support.hierarchical.SameThreadHierarchicalTestExecutorService.invokeAll(SameThreadHierarchicalTestExecutorService.java:41)
	at org.junit.platform.engine.support.hierarchical.NodeTestTask.lambda$executeRecursively$6(NodeTestTask.java:155)
	at org.junit.platform.engine.support.hierarchical.ThrowableCollector.execute(ThrowableCollector.java:73)
	at org.junit.platform.engine.support.hierarchical.NodeTestTask.lambda$executeRecursively$8(NodeTestTask.java:141)
	at org.junit.platform.engine.support.hierarchical.Node.around(Node.java:137)
	at org.junit.platform.engine.support.hierarchical.NodeTestTask.lambda$executeRecursively$9(NodeTestTask.java:139)
	at org.junit.platform.engine.support.hierarchical.ThrowableCollector.execute(ThrowableCollector.java:73)
	at org.junit.platform.engine.support.hierarchical.NodeTestTask.executeRecursively(NodeTestTask.java:138)
	at org.junit.platform.engine.support.hierarchical.NodeTestTask.execute(NodeTestTask.java:95)
	at java.base/java.util.ArrayList.forEach(ArrayList.java:1597)
	at org.junit.platform.engine.support.hierarchical.SameThreadHierarchicalTestExecutorService.invokeAll(SameThreadHierarchicalTestExecutorService.java:41)
	at org.junit.platform.engine.support.hierarchical.NodeTestTask.lambda$executeRecursively$6(NodeTestTask.java:155)
	at org.junit.platform.engine.support.hierarchical.ThrowableCollector.execute(ThrowableCollector.java:73)
	at org.junit.platform.engine.support.hierarchical.NodeTestTask.lambda$executeRecursively$8(NodeTestTask.java:141)
	at org.junit.platform.engine.support.hierarchical.Node.around(Node.java:137)
	at org.junit.platform.engine.support.hierarchical.NodeTestTask.lambda$executeRecursively$9(NodeTestTask.java:139)
	at org.junit.platform.engine.support.hierarchical.ThrowableCollector.execute(ThrowableCollector.java:73)
	at org.junit.platform.engine.support.hierarchical.NodeTestTask.executeRecursively(NodeTestTask.java:138)
	at org.junit.platform.engine.support.hierarchical.NodeTestTask.execute(NodeTestTask.java:95)
	at org.junit.platform.engine.support.hierarchical.SameThreadHierarchicalTestExecutorService.submit(SameThreadHierarchicalTestExecutorService.java:35)
	at org.junit.platform.engine.support.hierarchical.HierarchicalTestExecutor.execute(HierarchicalTestExecutor.java:57)
	at org.junit.platform.engine.support.hierarchical.HierarchicalTestEngine.execute(HierarchicalTestEngine.java:54)
	at org.junit.platform.launcher.core.EngineExecutionOrchestrator.execute(EngineExecutionOrchestrator.java:198)
	at org.junit.platform.launcher.core.EngineExecutionOrchestrator.execute(EngineExecutionOrchestrator.java:169)
	at org.junit.platform.launcher.core.EngineExecutionOrchestrator.execute(EngineExecutionOrchestrator.java:93)
	at org.junit.platform.launcher.core.EngineExecutionOrchestrator.lambda$execute$0(EngineExecutionOrchestrator.java:58)
	at org.junit.platform.launcher.core.EngineExecutionOrchestrator.withInterceptedStreams(EngineExecutionOrchestrator.java:141)
	at org.junit.platform.launcher.core.EngineExecutionOrchestrator.execute(EngineExecutionOrchestrator.java:57)
	at org.junit.platform.launcher.core.DefaultLauncher.execute(DefaultLauncher.java:103)
	at org.junit.platform.launcher.core.DefaultLauncher.execute(DefaultLauncher.java:85)
	at org.junit.platform.launcher.core.DelegatingLauncher.execute(DelegatingLauncher.java:47)
	at org.apache.maven.surefire.junitplatform.LazyLauncher.execute(LazyLauncher.java:56)
	at org.apache.maven.surefire.junitplatform.JUnitPlatformProvider.execute(JUnitPlatformProvider.java:184)
	at org.apache.maven.surefire.junitplatform.JUnitPlatformProvider.invokeAllTests(JUnitPlatformProvider.java:148)
	at org.apache.maven.surefire.junitplatform.JUnitPlatformProvider.invoke(JUnitPlatformProvider.java:122)
	at org.apache.maven.surefire.booter.ForkedBooter.runSuitesInProcess(ForkedBooter.java:385)
	at org.apache.maven.surefire.booter.ForkedBooter.execute(ForkedBooter.java:162)
	at org.apache.maven.surefire.booter.ForkedBooter.run(ForkedBooter.java:507)
	at org.apache.maven.surefire.booter.ForkedBooter.main(ForkedBooter.java:495)
2026-07-13 11:44:01.761 [main] INFO  o.s.t.c.s.AnnotationConfigContextLoaderUtils [requestId=] [path=] - Could not detect default configuration classes for test class [org.main.refresh.PlayerRefreshControllerWebMvcTest]: PlayerRefreshControllerWebMvcTest does not declare any static, non-private, non-final, nested classes annotated with @Configuration.
2026-07-13 11:44:01.798 [main] INFO  o.s.b.t.c.SpringBootTestContextBootstrapper [requestId=] [path=] - Found @SpringBootConfiguration org.main.RiotPractice for test class org.main.refresh.PlayerRefreshControllerWebMvcTest
2026-07-13 11:44:01.803 [main] INFO  o.s.b.d.r.RestartApplicationListener [requestId=] [path=] - Restart disabled due to context in which it is running
2026-07-13 11:44:01.833 [main] INFO  o.m.r.PlayerRefreshControllerWebMvcTest [requestId=] [path=] - Starting PlayerRefreshControllerWebMvcTest using Java 23.0.2 with PID 25056 (started by egors in D:\Games\RiotApiPractice)
2026-07-13 11:44:01.833 [main] DEBUG o.m.r.PlayerRefreshControllerWebMvcTest [requestId=] [path=] - Running with Spring Boot v3.3.3, Spring v6.1.12
2026-07-13 11:44:01.833 [main] INFO  o.m.r.PlayerRefreshControllerWebMvcTest [requestId=] [path=] - No active profile set, falling back to 1 default profile: "default"
2026-07-13 11:44:02.229 [main] INFO  o.s.b.a.w.s.WelcomePageHandlerMapping [requestId=] [path=] - Adding welcome page: class path resource [static/index.html]
2026-07-13 11:44:02.337 [main] DEBUG o.m.a.s.AppSessionAuthenticationFilter [requestId=] [path=] - Filter 'appSessionAuthenticationFilter' configured for use
2026-07-13 11:44:02.337 [main] DEBUG o.main.config.RequestLoggingFilter [requestId=] [path=] - Filter 'requestLoggingFilter' configured for use
2026-07-13 11:44:02.337 [main] INFO  o.s.b.t.m.w.SpringBootMockServletContext [requestId=] [path=] - Initializing Spring TestDispatcherServlet ''
2026-07-13 11:44:02.337 [main] INFO  o.s.t.w.s.TestDispatcherServlet [requestId=] [path=] - Initializing Servlet ''
2026-07-13 11:44:02.338 [main] INFO  o.s.t.w.s.TestDispatcherServlet [requestId=] [path=] - Completed initialization in 1 ms
2026-07-13 11:44:02.346 [main] INFO  o.m.r.PlayerRefreshControllerWebMvcTest [requestId=] [path=] - Started PlayerRefreshControllerWebMvcTest in 0.542 seconds (process running for 17.939)
2026-07-13 11:44:03.249 [main] INFO  org.main.service.CrawlerServiceImpl [requestId=] [path=] - Starting crawlPuuidEUW: puuid='puuid', requestedLimit=25, effectiveLimit=25
2026-07-13 11:44:03.249 [main] DEBUG org.main.service.CrawlerServiceImpl [requestId=] [path=] - Requesting match id page: puuid='puuid', start=0, count=20
2026-07-13 11:44:03.250 [main] DEBUG org.main.service.CrawlerServiceImpl [requestId=] [path=] - Requesting match id page: puuid='puuid', start=20, count=5
2026-07-13 11:44:03.254 [main] INFO  org.main.service.CrawlerServiceImpl [requestId=] [path=] - Saved new match: matchId='m0'
2026-07-13 11:44:03.256 [main] INFO  org.main.service.CrawlerServiceImpl [requestId=] [path=] - Saved new match: matchId='m1'
2026-07-13 11:44:03.257 [main] INFO  org.main.service.CrawlerServiceImpl [requestId=] [path=] - Saved new match: matchId='m2'
2026-07-13 11:44:03.258 [main] INFO  org.main.service.CrawlerServiceImpl [requestId=] [path=] - Saved new match: matchId='m3'
2026-07-13 11:44:03.259 [main] INFO  org.main.service.CrawlerServiceImpl [requestId=] [path=] - Saved new match: matchId='m4'
2026-07-13 11:44:03.260 [main] INFO  org.main.service.CrawlerServiceImpl [requestId=] [path=] - Saved new match: matchId='m5'
2026-07-13 11:44:03.261 [main] INFO  org.main.service.CrawlerServiceImpl [requestId=] [path=] - Saved new match: matchId='m6'
2026-07-13 11:44:03.262 [main] INFO  org.main.service.CrawlerServiceImpl [requestId=] [path=] - Saved new match: matchId='m7'
2026-07-13 11:44:03.263 [main] INFO  org.main.service.CrawlerServiceImpl [requestId=] [path=] - Saved new match: matchId='m8'
2026-07-13 11:44:03.264 [main] INFO  org.main.service.CrawlerServiceImpl [requestId=] [path=] - Saved new match: matchId='m9'
2026-07-13 11:44:03.266 [main] INFO  org.main.service.CrawlerServiceImpl [requestId=] [path=] - Saved new match: matchId='m10'
2026-07-13 11:44:03.266 [main] INFO  org.main.service.CrawlerServiceImpl [requestId=] [path=] - Saved new match: matchId='m11'
2026-07-13 11:44:03.267 [main] INFO  org.main.service.CrawlerServiceImpl [requestId=] [path=] - Saved new match: matchId='m12'
2026-07-13 11:44:03.268 [main] INFO  org.main.service.CrawlerServiceImpl [requestId=] [path=] - Saved new match: matchId='m13'
2026-07-13 11:44:03.268 [main] INFO  org.main.service.CrawlerServiceImpl [requestId=] [path=] - Saved new match: matchId='m14'
2026-07-13 11:44:03.269 [main] INFO  org.main.service.CrawlerServiceImpl [requestId=] [path=] - Saved new match: matchId='m15'
2026-07-13 11:44:03.270 [main] INFO  org.main.service.CrawlerServiceImpl [requestId=] [path=] - Saved new match: matchId='m16'
2026-07-13 11:44:03.271 [main] INFO  org.main.service.CrawlerServiceImpl [requestId=] [path=] - Saved new match: matchId='m17'
2026-07-13 11:44:03.272 [main] INFO  org.main.service.CrawlerServiceImpl [requestId=] [path=] - Saved new match: matchId='m18'
2026-07-13 11:44:03.274 [main] INFO  org.main.service.CrawlerServiceImpl [requestId=] [path=] - Saved new match: matchId='m19'
2026-07-13 11:44:03.275 [main] INFO  org.main.service.CrawlerServiceImpl [requestId=] [path=] - Saved new match: matchId='m20'
2026-07-13 11:44:03.276 [main] INFO  org.main.service.CrawlerServiceImpl [requestId=] [path=] - Saved new match: matchId='m21'
2026-07-13 11:44:03.276 [main] INFO  org.main.service.CrawlerServiceImpl [requestId=] [path=] - Saved new match: matchId='m22'
2026-07-13 11:44:03.277 [main] INFO  org.main.service.CrawlerServiceImpl [requestId=] [path=] - Saved new match: matchId='m23'
2026-07-13 11:44:03.278 [main] INFO  org.main.service.CrawlerServiceImpl [requestId=] [path=] - Saved new match: matchId='m24'
2026-07-13 11:44:03.278 [main] INFO  org.main.service.CrawlerServiceImpl [requestId=] [path=] - crawlPuuidEUW finished: puuid='puuid', requestedLimit=25, fetchedUnique=25, savedNewMatches=25
2026-07-13 11:44:03.416 [main] INFO  org.main.service.CrawlerServiceImpl [requestId=] [path=] - Starting crawlPuuidEUW: puuid='test-puuid', requestedLimit=2, effectiveLimit=2
2026-07-13 11:44:03.416 [main] DEBUG org.main.service.CrawlerServiceImpl [requestId=] [path=] - Requesting match id page: puuid='test-puuid', start=0, count=2
2026-07-13 11:44:03.417 [main] INFO  org.main.service.CrawlerServiceImpl [requestId=] [path=] - Match already exists, checking timeline: matchId='EUW1_123'
2026-07-13 11:44:03.424 [main] INFO  org.main.service.CrawlerServiceImpl [requestId=] [path=] - Saved new match: matchId='EUW1_456'
2026-07-13 11:44:03.425 [main] INFO  org.main.service.CrawlerServiceImpl [requestId=] [path=] - crawlPuuidEUW finished: puuid='test-puuid', requestedLimit=2, fetchedUnique=2, savedNewMatches=1
2026-07-13 11:44:03.439 [main] INFO  org.main.service.CrawlerServiceImpl [requestId=] [path=] - Starting crawlRiotIdEUW: gameName='acoomer', tagLine='EUW', requestedLimit=3
2026-07-13 11:44:03.440 [main] INFO  org.main.service.CrawlerServiceImpl [requestId=] [path=] - Player saved or updated: gameName='acoomer', tagLine='EUW', puuid='resolved-puuid'
2026-07-13 11:44:03.440 [main] DEBUG org.main.service.CrawlerServiceImpl [requestId=] [path=] - Requesting match id page: puuid='resolved-puuid', start=0, count=3
2026-07-13 11:44:03.441 [main] INFO  org.main.service.CrawlerServiceImpl [requestId=] [path=] - Saved new match: matchId='EUW1_1'
2026-07-13 11:44:03.442 [main] INFO  org.main.service.CrawlerServiceImpl [requestId=] [path=] - Saved new match: matchId='EUW1_2'
2026-07-13 11:44:03.442 [main] INFO  org.main.service.CrawlerServiceImpl [requestId=] [path=] - Saved new match: matchId='EUW1_3'
2026-07-13 11:44:03.443 [main] INFO  org.main.service.CrawlerServiceImpl [requestId=] [path=] - crawlRiotIdEUW finished: summoner='acoomer#EUW', puuid='resolved-puuid', savedNewMatches=3
2026-07-13 11:44:03.449 [main] INFO  org.main.service.CrawlerServiceImpl [requestId=] [path=] - Starting crawlPuuidEUW: puuid='test-puuid', requestedLimit=25, effectiveLimit=25
2026-07-13 11:44:03.450 [main] DEBUG org.main.service.CrawlerServiceImpl [requestId=] [path=] - Requesting match id page: puuid='test-puuid', start=0, count=20
2026-07-13 11:44:03.450 [main] DEBUG org.main.service.CrawlerServiceImpl [requestId=] [path=] - Requesting match id page: puuid='test-puuid', start=20, count=5
2026-07-13 11:44:03.451 [main] INFO  org.main.service.CrawlerServiceImpl [requestId=] [path=] - Saved new match: matchId='EUW1_1'
2026-07-13 11:44:03.453 [main] INFO  org.main.service.CrawlerServiceImpl [requestId=] [path=] - Saved new match: matchId='EUW1_2'
2026-07-13 11:44:03.454 [main] INFO  org.main.service.CrawlerServiceImpl [requestId=] [path=] - Saved new match: matchId='EUW1_3'
2026-07-13 11:44:03.456 [main] INFO  org.main.service.CrawlerServiceImpl [requestId=] [path=] - Saved new match: matchId='EUW1_4'
2026-07-13 11:44:03.457 [main] INFO  org.main.service.CrawlerServiceImpl [requestId=] [path=] - Saved new match: matchId='EUW1_5'
2026-07-13 11:44:03.457 [main] INFO  org.main.service.CrawlerServiceImpl [requestId=] [path=] - Saved new match: matchId='EUW1_6'
2026-07-13 11:44:03.458 [main] INFO  org.main.service.CrawlerServiceImpl [requestId=] [path=] - Saved new match: matchId='EUW1_7'
2026-07-13 11:44:03.459 [main] INFO  org.main.service.CrawlerServiceImpl [requestId=] [path=] - Saved new match: matchId='EUW1_8'
2026-07-13 11:44:03.459 [main] INFO  org.main.service.CrawlerServiceImpl [requestId=] [path=] - Saved new match: matchId='EUW1_9'
2026-07-13 11:44:03.460 [main] INFO  org.main.service.CrawlerServiceImpl [requestId=] [path=] - Saved new match: matchId='EUW1_10'
2026-07-13 11:44:03.461 [main] INFO  org.main.service.CrawlerServiceImpl [requestId=] [path=] - Saved new match: matchId='EUW1_11'
2026-07-13 11:44:03.461 [main] INFO  org.main.service.CrawlerServiceImpl [requestId=] [path=] - Saved new match: matchId='EUW1_12'
2026-07-13 11:44:03.462 [main] INFO  org.main.service.CrawlerServiceImpl [requestId=] [path=] - Saved new match: matchId='EUW1_13'
2026-07-13 11:44:03.462 [main] INFO  org.main.service.CrawlerServiceImpl [requestId=] [path=] - Saved new match: matchId='EUW1_14'
2026-07-13 11:44:03.463 [main] INFO  org.main.service.CrawlerServiceImpl [requestId=] [path=] - Saved new match: matchId='EUW1_15'
2026-07-13 11:44:03.463 [main] INFO  org.main.service.CrawlerServiceImpl [requestId=] [path=] - Saved new match: matchId='EUW1_16'
2026-07-13 11:44:03.465 [main] INFO  org.main.service.CrawlerServiceImpl [requestId=] [path=] - Saved new match: matchId='EUW1_17'
2026-07-13 11:44:03.465 [main] INFO  org.main.service.CrawlerServiceImpl [requestId=] [path=] - Saved new match: matchId='EUW1_18'
2026-07-13 11:44:03.466 [main] INFO  org.main.service.CrawlerServiceImpl [requestId=] [path=] - Saved new match: matchId='EUW1_19'
2026-07-13 11:44:03.467 [main] INFO  org.main.service.CrawlerServiceImpl [requestId=] [path=] - Saved new match: matchId='EUW1_20'
2026-07-13 11:44:03.468 [main] INFO  org.main.service.CrawlerServiceImpl [requestId=] [path=] - Saved new match: matchId='EUW1_21'
2026-07-13 11:44:03.469 [main] INFO  org.main.service.CrawlerServiceImpl [requestId=] [path=] - Saved new match: matchId='EUW1_22'
2026-07-13 11:44:03.469 [main] INFO  org.main.service.CrawlerServiceImpl [requestId=] [path=] - Saved new match: matchId='EUW1_23'
2026-07-13 11:44:03.471 [main] INFO  org.main.service.CrawlerServiceImpl [requestId=] [path=] - Saved new match: matchId='EUW1_24'
2026-07-13 11:44:03.472 [main] INFO  org.main.service.CrawlerServiceImpl [requestId=] [path=] - Saved new match: matchId='EUW1_25'
2026-07-13 11:44:03.472 [main] INFO  org.main.service.CrawlerServiceImpl [requestId=] [path=] - crawlPuuidEUW finished: puuid='test-puuid', requestedLimit=25, fetchedUnique=25, savedNewMatches=25
2026-07-13 11:44:03.639 [main] INFO  o.s.b.d.r.RestartApplicationListener [requestId=] [path=] - Restart disabled due to context in which it is running
2026-07-13 11:44:03.675 [main] INFO  o.main.cucumber.CucumberSpringConfig [requestId=] [path=] - Starting CucumberSpringConfig using Java 23.0.2 with PID 25056 (started by egors in D:\Games\RiotApiPractice)
2026-07-13 11:44:03.675 [main] DEBUG o.main.cucumber.CucumberSpringConfig [requestId=] [path=] - Running with Spring Boot v3.3.3, Spring v6.1.12
2026-07-13 11:44:03.675 [main] INFO  o.main.cucumber.CucumberSpringConfig [requestId=] [path=] - No active profile set, falling back to 1 default profile: "default"
2026-07-13 11:44:05.620 [main] INFO  o.main.cucumber.CucumberSpringConfig [requestId=] [path=] - Started CucumberSpringConfig in 1.981 seconds (process running for 21.214)
2026-07-13 11:44:05.749 [main] INFO  org.main.service.CrawlerServiceImpl [requestId=] [path=] - Starting crawlPuuidEUW: puuid='TEST_PUUID', requestedLimit=5, effectiveLimit=5
2026-07-13 11:44:05.750 [main] DEBUG org.main.service.CrawlerServiceImpl [requestId=] [path=] - Requesting match id page: puuid='TEST_PUUID', start=0, count=5
2026-07-13 11:44:05.751 [main] INFO  org.main.service.CrawlerServiceImpl [requestId=] [path=] - Saved new match: matchId='EUW1_0'
2026-07-13 11:44:05.751 [main] INFO  org.main.service.CrawlerServiceImpl [requestId=] [path=] - Saved new match: matchId='EUW1_1'
2026-07-13 11:44:05.752 [main] INFO  org.main.service.CrawlerServiceImpl [requestId=] [path=] - Saved new match: matchId='EUW1_2'
2026-07-13 11:44:05.753 [main] INFO  org.main.service.CrawlerServiceImpl [requestId=] [path=] - Saved new match: matchId='EUW1_3'
2026-07-13 11:44:05.753 [main] INFO  org.main.service.CrawlerServiceImpl [requestId=] [path=] - Saved new match: matchId='EUW1_4'
2026-07-13 11:44:05.754 [main] INFO  org.main.service.CrawlerServiceImpl [requestId=] [path=] - crawlPuuidEUW finished: puuid='TEST_PUUID', requestedLimit=5, fetchedUnique=5, savedNewMatches=5
2026-07-13 11:44:05.786 [main] INFO  org.main.service.CrawlerServiceImpl [requestId=] [path=] - Starting crawlPuuidEUW: puuid='TEST_PUUID', requestedLimit=5, effectiveLimit=5
2026-07-13 11:44:05.786 [main] DEBUG org.main.service.CrawlerServiceImpl [requestId=] [path=] - Requesting match id page: puuid='TEST_PUUID', start=0, count=5
2026-07-13 11:44:05.786 [main] INFO  org.main.service.CrawlerServiceImpl [requestId=] [path=] - No more match ids returned from Riot API: puuid='TEST_PUUID', start=0
2026-07-13 11:44:05.786 [main] INFO  org.main.service.CrawlerServiceImpl [requestId=] [path=] - crawlPuuidEUW finished: puuid='TEST_PUUID', requestedLimit=5, fetchedUnique=0, savedNewMatches=0
2026-07-13 11:44:05.808 [main] INFO  org.main.service.CrawlerServiceImpl [requestId=] [path=] - Starting crawlPuuidEUW: puuid='TEST_PUUID', requestedLimit=5, effectiveLimit=5
2026-07-13 11:44:05.809 [main] DEBUG org.main.service.CrawlerServiceImpl [requestId=] [path=] - Requesting match id page: puuid='TEST_PUUID', start=0, count=5
2026-07-13 11:44:05.809 [main] INFO  org.main.service.CrawlerServiceImpl [requestId=] [path=] - Match already exists, checking timeline: matchId='EUW1_0'
2026-07-13 11:44:05.809 [main] INFO  org.main.service.CrawlerServiceImpl [requestId=] [path=] - Match already exists, checking timeline: matchId='EUW1_1'
2026-07-13 11:44:05.810 [main] INFO  org.main.service.CrawlerServiceImpl [requestId=] [path=] - Match already exists, checking timeline: matchId='EUW1_2'
2026-07-13 11:44:05.810 [main] INFO  org.main.service.CrawlerServiceImpl [requestId=] [path=] - Match already exists, checking timeline: matchId='EUW1_3'
2026-07-13 11:44:05.810 [main] INFO  org.main.service.CrawlerServiceImpl [requestId=] [path=] - Match already exists, checking timeline: matchId='EUW1_4'
2026-07-13 11:44:05.810 [main] INFO  org.main.service.CrawlerServiceImpl [requestId=] [path=] - crawlPuuidEUW finished: puuid='TEST_PUUID', requestedLimit=5, fetchedUnique=5, savedNewMatches=0
2026-07-13 11:47:40.878 [background-preinit] INFO  o.h.validator.internal.util.Version [requestId=] [path=] - HV000001: Hibernate Validator 8.0.1.Final
2026-07-13 11:47:40.921 [restartedMain] INFO  org.main.RiotPractice [requestId=] [path=] - Starting RiotPractice using Java 23.0.2 with PID 33164 (D:\Games\RiotApiPractice\target\classes started by egors in D:\Games\RiotApiPractice)
2026-07-13 11:47:40.922 [restartedMain] DEBUG org.main.RiotPractice [requestId=] [path=] - Running with Spring Boot v3.3.3, Spring v6.1.12
2026-07-13 11:47:40.924 [restartedMain] INFO  org.main.RiotPractice [requestId=] [path=] - No active profile set, falling back to 1 default profile: "default"
2026-07-13 11:47:40.980 [restartedMain] INFO  o.s.b.d.e.DevToolsPropertyDefaultsPostProcessor [requestId=] [path=] - Devtools property defaults active! Set 'spring.devtools.add-properties' to 'false' to disable
2026-07-13 11:47:40.981 [restartedMain] INFO  o.s.b.d.e.DevToolsPropertyDefaultsPostProcessor [requestId=] [path=] - For additional web related logging consider setting the 'logging.level.web' property to 'DEBUG'
2026-07-13 11:47:42.224 [restartedMain] INFO  o.s.d.r.c.RepositoryConfigurationDelegate [requestId=] [path=] - Bootstrapping Spring Data JPA repositories in DEFAULT mode.
2026-07-13 11:47:42.327 [restartedMain] INFO  o.s.d.r.c.RepositoryConfigurationDelegate [requestId=] [path=] - Finished Spring Data repository scanning in 97 ms. Found 15 JPA repository interfaces.
2026-07-13 11:47:43.247 [restartedMain] INFO  o.s.b.w.e.tomcat.TomcatWebServer [requestId=] [path=] - Tomcat initialized with port 8080 (http)
2026-07-13 11:47:43.265 [restartedMain] INFO  o.a.coyote.http11.Http11NioProtocol [requestId=] [path=] - Initializing ProtocolHandler ["http-nio-8080"]
2026-07-13 11:47:43.271 [restartedMain] INFO  o.a.catalina.core.StandardService [requestId=] [path=] - Starting service [Tomcat]
2026-07-13 11:47:43.272 [restartedMain] INFO  o.a.catalina.core.StandardEngine [requestId=] [path=] - Starting Servlet engine: [Apache Tomcat/10.1.28]
2026-07-13 11:47:43.364 [restartedMain] INFO  o.a.c.c.C.[Tomcat].[localhost].[/] [requestId=] [path=] - Initializing Spring embedded WebApplicationContext
2026-07-13 11:47:43.365 [restartedMain] INFO  o.s.b.w.s.c.ServletWebServerApplicationContext [requestId=] [path=] - Root WebApplicationContext: initialization completed in 2383 ms
2026-07-13 11:47:43.860 [restartedMain] INFO  com.zaxxer.hikari.HikariDataSource [requestId=] [path=] - HikariPool-1 - Starting...
2026-07-13 11:47:44.178 [restartedMain] INFO  com.zaxxer.hikari.pool.HikariPool [requestId=] [path=] - HikariPool-1 - Added connection org.postgresql.jdbc.PgConnection@50be714
2026-07-13 11:47:44.180 [restartedMain] INFO  com.zaxxer.hikari.HikariDataSource [requestId=] [path=] - HikariPool-1 - Start completed.
2026-07-13 11:47:44.218 [restartedMain] INFO  org.flywaydb.core.FlywayExecutor [requestId=] [path=] - Database: jdbc:postgresql://localhost:5432/postgres (PostgreSQL 18.0)
2026-07-13 11:47:44.230 [restartedMain] WARN  o.f.c.i.database.base.Database [requestId=] [path=] - Flyway upgrade recommended: PostgreSQL 18.0 is newer than this version of Flyway and support has not been tested. The latest supported version of PostgreSQL is 16.
2026-07-13 11:47:44.354 [restartedMain] INFO  o.f.core.internal.command.DbValidate [requestId=] [path=] - Successfully validated 2 migrations (execution time 00:00.090s)
2026-07-13 11:47:44.389 [restartedMain] INFO  o.f.core.internal.command.DbMigrate [requestId=] [path=] - Current version of schema "app": 1
2026-07-13 11:47:44.395 [restartedMain] INFO  o.f.core.internal.command.DbMigrate [requestId=] [path=] - Schema "app" is up to date. No migration necessary.
2026-07-13 11:47:44.521 [restartedMain] INFO  o.h.jpa.internal.util.LogHelper [requestId=] [path=] - HHH000204: Processing PersistenceUnitInfo [name: default]
2026-07-13 11:47:44.617 [restartedMain] INFO  org.hibernate.Version [requestId=] [path=] - HHH000412: Hibernate ORM core version 6.5.2.Final
2026-07-13 11:47:44.668 [restartedMain] INFO  o.h.c.i.RegionFactoryInitiator [requestId=] [path=] - HHH000026: Second-level cache disabled
2026-07-13 11:47:45.084 [restartedMain] INFO  o.s.o.j.p.SpringPersistenceUnitInfo [requestId=] [path=] - No LoadTimeWeaver setup: ignoring JPA class transformer
2026-07-13 11:47:46.687 [restartedMain] INFO  o.h.e.t.j.p.i.JtaPlatformInitiator [requestId=] [path=] - HHH000489: No JTA platform available (set 'hibernate.transaction.jta.platform' to enable JTA platform integration)
2026-07-13 11:47:46.815 [restartedMain] INFO  o.s.o.j.LocalContainerEntityManagerFactoryBean [requestId=] [path=] - Initialized JPA EntityManagerFactory for persistence unit 'default'
2026-07-13 11:47:47.130 [restartedMain] INFO  o.s.d.j.r.query.QueryEnhancerFactory [requestId=] [path=] - Hibernate is in classpath; If applicable, HQL parser will be used.
2026-07-13 11:47:47.760 [restartedMain] DEBUG o.main.config.RequestLoggingFilter [requestId=] [path=] - Filter 'requestLoggingFilter' configured for use
2026-07-13 11:47:47.762 [restartedMain] DEBUG o.m.a.s.AppSessionAuthenticationFilter [requestId=] [path=] - Filter 'appSessionAuthenticationFilter' configured for use
2026-07-13 11:47:48.000 [restartedMain] INFO  org.main.client.RiotApiHttpClient [requestId=] [path=] - Riot API client initialized. Key prefix='RGAPI-cb***', startsWithRGAPI=true
2026-07-13 11:47:48.824 [restartedMain] INFO  o.s.b.a.w.s.WelcomePageHandlerMapping [requestId=] [path=] - Adding welcome page: class path resource [static/index.html]
2026-07-13 11:47:49.165 [restartedMain] INFO  o.s.b.a.e.web.EndpointLinksResolver [requestId=] [path=] - Exposing 1 endpoint beneath base path '/actuator'
2026-07-13 11:47:49.948 [restartedMain] INFO  o.s.b.d.a.OptionalLiveReloadServer [requestId=] [path=] - LiveReload server is running on port 35729
2026-07-13 11:47:50.011 [restartedMain] INFO  o.a.coyote.http11.Http11NioProtocol [requestId=] [path=] - Starting ProtocolHandler ["http-nio-8080"]
2026-07-13 11:47:50.037 [restartedMain] INFO  o.s.b.w.e.tomcat.TomcatWebServer [requestId=] [path=] - Tomcat started on port 8080 (http) with context path '/'
2026-07-13 11:47:50.055 [restartedMain] INFO  org.main.RiotPractice [requestId=] [path=] - Started RiotPractice in 9.675 seconds (process running for 10.308)
2026-07-13 11:47:50.181 [restartedMain] INFO  org.main.RiotPractice [requestId=] [path=] - RiotApiPractice application started successfully
2026-07-13 11:47:50.588 [http-nio-8080-exec-2] INFO  o.a.c.c.C.[Tomcat].[localhost].[/] [requestId=] [path=] - Initializing Spring DispatcherServlet 'dispatcherServlet'
2026-07-13 11:47:50.589 [http-nio-8080-exec-2] INFO  o.s.web.servlet.DispatcherServlet [requestId=] [path=] - Initializing Servlet 'dispatcherServlet'
2026-07-13 11:47:50.591 [http-nio-8080-exec-2] INFO  o.s.web.servlet.DispatcherServlet [requestId=] [path=] - Completed initialization in 2 ms
2026-07-13 12:58:40.981 [background-preinit] INFO  o.h.validator.internal.util.Version [requestId=] [path=] - HV000001: Hibernate Validator 8.0.1.Final
2026-07-13 12:58:41.046 [main] INFO  o.m.a.s.SecurityConfigWebMvcTest [requestId=] [path=] - Starting SecurityConfigWebMvcTest using Java 23.0.2 with PID 39568 (started by egors in D:\Games\RiotApiPractice)
2026-07-13 12:58:41.047 [main] DEBUG o.m.a.s.SecurityConfigWebMvcTest [requestId=] [path=] - Running with Spring Boot v3.3.3, Spring v6.1.12
2026-07-13 12:58:41.049 [main] INFO  o.m.a.s.SecurityConfigWebMvcTest [requestId=] [path=] - No active profile set, falling back to 1 default profile: "default"
2026-07-13 12:58:42.941 [main] INFO  o.s.b.a.w.s.WelcomePageHandlerMapping [requestId=] [path=] - Adding welcome page: class path resource [static/index.html]
2026-07-13 12:58:43.791 [main] DEBUG o.m.a.s.AppSessionAuthenticationFilter [requestId=] [path=] - Filter 'appSessionAuthenticationFilter' configured for use
2026-07-13 12:58:43.791 [main] DEBUG o.main.config.RequestLoggingFilter [requestId=] [path=] - Filter 'requestLoggingFilter' configured for use
2026-07-13 12:58:43.795 [main] INFO  o.s.b.t.m.w.SpringBootMockServletContext [requestId=] [path=] - Initializing Spring TestDispatcherServlet ''
2026-07-13 12:58:43.795 [main] INFO  o.s.t.w.s.TestDispatcherServlet [requestId=] [path=] - Initializing Servlet ''
2026-07-13 12:58:43.797 [main] INFO  o.s.t.w.s.TestDispatcherServlet [requestId=] [path=] - Completed initialization in 2 ms
2026-07-13 12:58:43.832 [main] INFO  o.m.a.s.SecurityConfigWebMvcTest [requestId=] [path=] - Started SecurityConfigWebMvcTest in 3.686 seconds (process running for 8.741)
2026-07-13 12:58:49.119 [main] INFO  o.s.t.c.s.AnnotationConfigContextLoaderUtils [requestId=] [path=] - Could not detect default configuration classes for test class [org.main.account.web.AuthControllerWebMvcTest]: AuthControllerWebMvcTest does not declare any static, non-private, non-final, nested classes annotated with @Configuration.
2026-07-13 12:58:49.170 [main] INFO  o.s.b.t.c.SpringBootTestContextBootstrapper [requestId=] [path=] - Found @SpringBootConfiguration org.main.RiotPractice for test class org.main.account.web.AuthControllerWebMvcTest
2026-07-13 12:58:49.176 [main] INFO  o.s.b.d.r.RestartApplicationListener [requestId=] [path=] - Restart disabled due to context in which it is running
2026-07-13 12:58:49.212 [main] INFO  o.m.a.web.AuthControllerWebMvcTest [requestId=] [path=] - Starting AuthControllerWebMvcTest using Java 23.0.2 with PID 39568 (started by egors in D:\Games\RiotApiPractice)
2026-07-13 12:58:49.213 [main] DEBUG o.m.a.web.AuthControllerWebMvcTest [requestId=] [path=] - Running with Spring Boot v3.3.3, Spring v6.1.12
2026-07-13 12:58:49.214 [main] INFO  o.m.a.web.AuthControllerWebMvcTest [requestId=] [path=] - No active profile set, falling back to 1 default profile: "default"
2026-07-13 12:58:49.873 [main] INFO  o.s.b.a.w.s.WelcomePageHandlerMapping [requestId=] [path=] - Adding welcome page: class path resource [static/index.html]
2026-07-13 12:58:50.304 [main] DEBUG o.m.a.s.AppSessionAuthenticationFilter [requestId=] [path=] - Filter 'appSessionAuthenticationFilter' configured for use
2026-07-13 12:58:50.307 [main] DEBUG o.main.config.RequestLoggingFilter [requestId=] [path=] - Filter 'requestLoggingFilter' configured for use
2026-07-13 12:58:50.308 [main] INFO  o.s.b.t.m.w.SpringBootMockServletContext [requestId=] [path=] - Initializing Spring TestDispatcherServlet ''
2026-07-13 12:58:50.309 [main] INFO  o.s.t.w.s.TestDispatcherServlet [requestId=] [path=] - Initializing Servlet ''
2026-07-13 12:58:50.313 [main] INFO  o.s.t.w.s.TestDispatcherServlet [requestId=] [path=] - Completed initialization in 2 ms
2026-07-13 12:58:50.332 [main] INFO  o.m.a.web.AuthControllerWebMvcTest [requestId=] [path=] - Started AuthControllerWebMvcTest in 1.157 seconds (process running for 15.241)
2026-07-13 12:58:50.860 [main] WARN  o.m.handler.GlobalExceptionHandler [requestId=2870b4f6-bea5-4d74-9d68-1557ed290044] [path=/api/auth/register] - Handled exception: errorId=bb891c09-6997-47c6-88ac-9f153c5017f8, code=VALIDATION_ERROR, path=/api/auth/register, context={requestId=2870b4f6-bea5-4d74-9d68-1557ed290044, method=POST}, message=Validation failed for argument [0] in public org.springframework.http.ResponseEntity<java.lang.Void> org.main.account.web.AuthController.register(org.main.account.dto.RegisterRequest,jakarta.servlet.http.HttpServletRequest) with 3 errors: [Field error in object 'registerRequest' on field 'password': rejected value [short]; codes [Size.registerRequest.password,Size.password,Size.java.lang.String,Size]; arguments [org.springframework.context.support.DefaultMessageSourceResolvable: codes [registerRequest.password,password]; arguments []; default message [password],128,12]; default message [size must be between 12 and 128]] [Field error in object 'registerRequest' on field 'email': rejected value [not-an-email]; codes [Email.registerRequest.email,Email.email,Email.java.lang.String,Email]; arguments [org.springframework.context.support.DefaultMessageSourceResolvable: codes [registerRequest.email,email]; arguments []; default message [email],[Ljakarta.validation.constraints.Pattern$Flag;@31d327b6,.*]; default message [must be a well-formed email address]] [Field error in object 'registerRequest' on field 'displayName': rejected value []; codes [NotBlank.registerRequest.displayName,NotBlank.displayName,NotBlank.java.lang.String,NotBlank]; arguments [org.springframework.context.support.DefaultMessageSourceResolvable: codes [registerRequest.displayName,displayName]; arguments []; default message [displayName]]; default message [must not be blank]] 
2026-07-13 12:58:50.904 [main] INFO  o.s.t.c.s.AnnotationConfigContextLoaderUtils [requestId=] [path=] - Could not detect default configuration classes for test class [org.main.account.web.SavedProfileControllerWebMvcTest]: SavedProfileControllerWebMvcTest does not declare any static, non-private, non-final, nested classes annotated with @Configuration.
2026-07-13 12:58:50.921 [main] INFO  o.s.b.t.c.SpringBootTestContextBootstrapper [requestId=] [path=] - Found @SpringBootConfiguration org.main.RiotPractice for test class org.main.account.web.SavedProfileControllerWebMvcTest
2026-07-13 12:58:50.926 [main] INFO  o.s.b.d.r.RestartApplicationListener [requestId=] [path=] - Restart disabled due to context in which it is running
2026-07-13 12:58:50.969 [main] INFO  o.m.a.w.SavedProfileControllerWebMvcTest [requestId=] [path=] - Starting SavedProfileControllerWebMvcTest using Java 23.0.2 with PID 39568 (started by egors in D:\Games\RiotApiPractice)
2026-07-13 12:58:50.969 [main] DEBUG o.m.a.w.SavedProfileControllerWebMvcTest [requestId=] [path=] - Running with Spring Boot v3.3.3, Spring v6.1.12
2026-07-13 12:58:50.969 [main] INFO  o.m.a.w.SavedProfileControllerWebMvcTest [requestId=] [path=] - No active profile set, falling back to 1 default profile: "default"
2026-07-13 12:58:51.443 [main] INFO  o.s.b.a.w.s.WelcomePageHandlerMapping [requestId=] [path=] - Adding welcome page: class path resource [static/index.html]
2026-07-13 12:58:51.608 [main] DEBUG o.m.a.s.AppSessionAuthenticationFilter [requestId=] [path=] - Filter 'appSessionAuthenticationFilter' configured for use
2026-07-13 12:58:51.608 [main] DEBUG o.main.config.RequestLoggingFilter [requestId=] [path=] - Filter 'requestLoggingFilter' configured for use
2026-07-13 12:58:51.608 [main] INFO  o.s.b.t.m.w.SpringBootMockServletContext [requestId=] [path=] - Initializing Spring TestDispatcherServlet ''
2026-07-13 12:58:51.609 [main] INFO  o.s.t.w.s.TestDispatcherServlet [requestId=] [path=] - Initializing Servlet ''
2026-07-13 12:58:51.610 [main] INFO  o.s.t.w.s.TestDispatcherServlet [requestId=] [path=] - Completed initialization in 1 ms
2026-07-13 12:58:51.617 [main] INFO  o.m.a.w.SavedProfileControllerWebMvcTest [requestId=] [path=] - Started SavedProfileControllerWebMvcTest in 0.691 seconds (process running for 16.527)
2026-07-13 12:58:51.662 [main] WARN  o.m.handler.GlobalExceptionHandler [requestId=e92c2a5e-9939-450f-966d-8d5772eaf92e] [path=/api/account/saved-profiles/ab438de5-4983-4182-9e67-ae52187cd38e] - Handled exception: errorId=f0d8b440-b843-4251-a777-10614c88dba3, code=NOT_FOUND, path=/api/account/saved-profiles/ab438de5-4983-4182-9e67-ae52187cd38e, context={requestId=e92c2a5e-9939-450f-966d-8d5772eaf92e, method=PATCH}, message=Saved profile not found
2026-07-13 12:58:51.732 [main] INFO  o.s.t.c.s.AnnotationConfigContextLoaderUtils [requestId=] [path=] - Could not detect default configuration classes for test class [org.main.controller.CrawlerControllerWebMvcTest]: CrawlerControllerWebMvcTest does not declare any static, non-private, non-final, nested classes annotated with @Configuration.
2026-07-13 12:58:51.767 [main] INFO  o.s.b.t.c.SpringBootTestContextBootstrapper [requestId=] [path=] - Found @SpringBootConfiguration org.main.RiotPractice for test class org.main.controller.CrawlerControllerWebMvcTest
2026-07-13 12:58:51.772 [main] INFO  o.s.b.d.r.RestartApplicationListener [requestId=] [path=] - Restart disabled due to context in which it is running
2026-07-13 12:58:51.803 [main] INFO  o.m.c.CrawlerControllerWebMvcTest [requestId=] [path=] - Starting CrawlerControllerWebMvcTest using Java 23.0.2 with PID 39568 (started by egors in D:\Games\RiotApiPractice)
2026-07-13 12:58:51.804 [main] DEBUG o.m.c.CrawlerControllerWebMvcTest [requestId=] [path=] - Running with Spring Boot v3.3.3, Spring v6.1.12
2026-07-13 12:58:51.804 [main] INFO  o.m.c.CrawlerControllerWebMvcTest [requestId=] [path=] - No active profile set, falling back to 1 default profile: "default"
2026-07-13 12:58:52.290 [main] INFO  o.s.b.a.w.s.WelcomePageHandlerMapping [requestId=] [path=] - Adding welcome page: class path resource [static/index.html]
2026-07-13 12:58:52.422 [main] DEBUG o.m.a.s.AppSessionAuthenticationFilter [requestId=] [path=] - Filter 'appSessionAuthenticationFilter' configured for use
2026-07-13 12:58:52.422 [main] DEBUG o.main.config.RequestLoggingFilter [requestId=] [path=] - Filter 'requestLoggingFilter' configured for use
2026-07-13 12:58:52.422 [main] INFO  o.s.b.t.m.w.SpringBootMockServletContext [requestId=] [path=] - Initializing Spring TestDispatcherServlet ''
2026-07-13 12:58:52.423 [main] INFO  o.s.t.w.s.TestDispatcherServlet [requestId=] [path=] - Initializing Servlet ''
2026-07-13 12:58:52.423 [main] INFO  o.s.t.w.s.TestDispatcherServlet [requestId=] [path=] - Completed initialization in 0 ms
2026-07-13 12:58:52.433 [main] INFO  o.m.c.CrawlerControllerWebMvcTest [requestId=] [path=] - Started CrawlerControllerWebMvcTest in 0.661 seconds (process running for 17.342)
2026-07-13 12:58:52.549 [main] INFO  o.main.controller.CrawlerController [requestId=a808b7cf-7981-4d99-a865-53bee2213637] [path=/api/crawl/euw/puuid/p] - Received crawlByPuuid request: puuid='p', limit=7
2026-07-13 12:58:52.551 [main] INFO  o.main.controller.CrawlerController [requestId=a808b7cf-7981-4d99-a865-53bee2213637] [path=/api/crawl/euw/puuid/p] - crawlByPuuid completed: puuid='null', requestedLimit=0, savedNewMatches=0
2026-07-13 12:58:52.573 [main] INFO  o.main.controller.CrawlerController [requestId=ef4676f2-e6f8-4973-a633-aec8b90df7b5] [path=/api/crawl/euw/puuid/p] - Received crawlByPuuid request: puuid='p', limit=20
2026-07-13 12:58:52.573 [main] INFO  o.main.controller.CrawlerController [requestId=ef4676f2-e6f8-4973-a633-aec8b90df7b5] [path=/api/crawl/euw/puuid/p] - crawlByPuuid completed: puuid='null', requestedLimit=0, savedNewMatches=0
2026-07-13 12:58:52.590 [main] INFO  o.s.t.c.s.AnnotationConfigContextLoaderUtils [requestId=] [path=] - Could not detect default configuration classes for test class [org.main.controller.frontend.PlayerDashboardControllerWebMvcTest]: PlayerDashboardControllerWebMvcTest does not declare any static, non-private, non-final, nested classes annotated with @Configuration.
2026-07-13 12:58:52.637 [main] INFO  o.s.b.t.c.SpringBootTestContextBootstrapper [requestId=] [path=] - Found @SpringBootConfiguration org.main.RiotPractice for test class org.main.controller.frontend.PlayerDashboardControllerWebMvcTest
2026-07-13 12:58:52.643 [main] INFO  o.s.b.d.r.RestartApplicationListener [requestId=] [path=] - Restart disabled due to context in which it is running
2026-07-13 12:58:52.679 [main] INFO  o.m.c.f.PlayerDashboardControllerWebMvcTest [requestId=] [path=] - Starting PlayerDashboardControllerWebMvcTest using Java 23.0.2 with PID 39568 (started by egors in D:\Games\RiotApiPractice)
2026-07-13 12:58:52.680 [main] DEBUG o.m.c.f.PlayerDashboardControllerWebMvcTest [requestId=] [path=] - Running with Spring Boot v3.3.3, Spring v6.1.12
2026-07-13 12:58:52.681 [main] INFO  o.m.c.f.PlayerDashboardControllerWebMvcTest [requestId=] [path=] - No active profile set, falling back to 1 default profile: "default"
2026-07-13 12:58:53.494 [main] INFO  o.s.b.a.w.s.WelcomePageHandlerMapping [requestId=] [path=] - Adding welcome page: class path resource [static/index.html]
2026-07-13 12:58:53.692 [main] DEBUG o.m.a.s.AppSessionAuthenticationFilter [requestId=] [path=] - Filter 'appSessionAuthenticationFilter' configured for use
2026-07-13 12:58:53.693 [main] DEBUG o.main.config.RequestLoggingFilter [requestId=] [path=] - Filter 'requestLoggingFilter' configured for use
2026-07-13 12:58:53.693 [main] INFO  o.s.b.t.m.w.SpringBootMockServletContext [requestId=] [path=] - Initializing Spring TestDispatcherServlet ''
2026-07-13 12:58:53.693 [main] INFO  o.s.t.w.s.TestDispatcherServlet [requestId=] [path=] - Initializing Servlet ''
2026-07-13 12:58:53.694 [main] INFO  o.s.t.w.s.TestDispatcherServlet [requestId=] [path=] - Completed initialization in 1 ms
2026-07-13 12:58:53.705 [main] INFO  o.m.c.f.PlayerDashboardControllerWebMvcTest [requestId=] [path=] - Started PlayerDashboardControllerWebMvcTest in 1.063 seconds (process running for 18.615)
2026-07-13 12:58:53.873 [main] ERROR o.m.handler.GlobalExceptionHandler [requestId=] [path=] - Handled exception: errorId=cfcecf1d-8e8b-4011-aa2c-051eb930b901, code=INTERNAL_ERROR, path=/api/auth/register, context={requestId=null, method=POST}
java.lang.Exception: failure
	at org.main.handler.GlobalExceptionHandlerTest.handlesRequestsWithoutQueryString(GlobalExceptionHandlerTest.java:22)
	at java.base/jdk.internal.reflect.DirectMethodHandleAccessor.invoke(DirectMethodHandleAccessor.java:103)
	at java.base/java.lang.reflect.Method.invoke(Method.java:580)
	at org.junit.platform.commons.util.ReflectionUtils.invokeMethod(ReflectionUtils.java:728)
	at org.junit.jupiter.engine.execution.MethodInvocation.proceed(MethodInvocation.java:60)
	at org.junit.jupiter.engine.execution.InvocationInterceptorChain$ValidatingInvocation.proceed(InvocationInterceptorChain.java:131)
	at org.junit.jupiter.engine.extension.TimeoutExtension.intercept(TimeoutExtension.java:156)
	at org.junit.jupiter.engine.extension.TimeoutExtension.interceptTestableMethod(TimeoutExtension.java:147)
	at org.junit.jupiter.engine.extension.TimeoutExtension.interceptTestMethod(TimeoutExtension.java:86)
	at org.junit.jupiter.engine.execution.InterceptingExecutableInvoker$ReflectiveInterceptorCall.lambda$ofVoidMethod$0(InterceptingExecutableInvoker.java:103)
	at org.junit.jupiter.engine.execution.InterceptingExecutableInvoker.lambda$invoke$0(InterceptingExecutableInvoker.java:93)
	at org.junit.jupiter.engine.execution.InvocationInterceptorChain$InterceptedInvocation.proceed(InvocationInterceptorChain.java:106)
	at org.junit.jupiter.engine.execution.InvocationInterceptorChain.proceed(InvocationInterceptorChain.java:64)
	at org.junit.jupiter.engine.execution.InvocationInterceptorChain.chainAndInvoke(InvocationInterceptorChain.java:45)
	at org.junit.jupiter.engine.execution.InvocationInterceptorChain.invoke(InvocationInterceptorChain.java:37)
	at org.junit.jupiter.engine.execution.InterceptingExecutableInvoker.invoke(InterceptingExecutableInvoker.java:92)
	at org.junit.jupiter.engine.execution.InterceptingExecutableInvoker.invoke(InterceptingExecutableInvoker.java:86)
	at org.junit.jupiter.engine.descriptor.TestMethodTestDescriptor.lambda$invokeTestMethod$7(TestMethodTestDescriptor.java:218)
	at org.junit.platform.engine.support.hierarchical.ThrowableCollector.execute(ThrowableCollector.java:73)
	at org.junit.jupiter.engine.descriptor.TestMethodTestDescriptor.invokeTestMethod(TestMethodTestDescriptor.java:214)
	at org.junit.jupiter.engine.descriptor.TestMethodTestDescriptor.execute(TestMethodTestDescriptor.java:139)
	at org.junit.jupiter.engine.descriptor.TestMethodTestDescriptor.execute(TestMethodTestDescriptor.java:69)
	at org.junit.platform.engine.support.hierarchical.NodeTestTask.lambda$executeRecursively$6(NodeTestTask.java:151)
	at org.junit.platform.engine.support.hierarchical.ThrowableCollector.execute(ThrowableCollector.java:73)
	at org.junit.platform.engine.support.hierarchical.NodeTestTask.lambda$executeRecursively$8(NodeTestTask.java:141)
	at org.junit.platform.engine.support.hierarchical.Node.around(Node.java:137)
	at org.junit.platform.engine.support.hierarchical.NodeTestTask.lambda$executeRecursively$9(NodeTestTask.java:139)
	at org.junit.platform.engine.support.hierarchical.ThrowableCollector.execute(ThrowableCollector.java:73)
	at org.junit.platform.engine.support.hierarchical.NodeTestTask.executeRecursively(NodeTestTask.java:138)
	at org.junit.platform.engine.support.hierarchical.NodeTestTask.execute(NodeTestTask.java:95)
	at java.base/java.util.ArrayList.forEach(ArrayList.java:1597)
	at org.junit.platform.engine.support.hierarchical.SameThreadHierarchicalTestExecutorService.invokeAll(SameThreadHierarchicalTestExecutorService.java:41)
	at org.junit.platform.engine.support.hierarchical.NodeTestTask.lambda$executeRecursively$6(NodeTestTask.java:155)
	at org.junit.platform.engine.support.hierarchical.ThrowableCollector.execute(ThrowableCollector.java:73)
	at org.junit.platform.engine.support.hierarchical.NodeTestTask.lambda$executeRecursively$8(NodeTestTask.java:141)
	at org.junit.platform.engine.support.hierarchical.Node.around(Node.java:137)
	at org.junit.platform.engine.support.hierarchical.NodeTestTask.lambda$executeRecursively$9(NodeTestTask.java:139)
	at org.junit.platform.engine.support.hierarchical.ThrowableCollector.execute(ThrowableCollector.java:73)
	at org.junit.platform.engine.support.hierarchical.NodeTestTask.executeRecursively(NodeTestTask.java:138)
	at org.junit.platform.engine.support.hierarchical.NodeTestTask.execute(NodeTestTask.java:95)
	at java.base/java.util.ArrayList.forEach(ArrayList.java:1597)
	at org.junit.platform.engine.support.hierarchical.SameThreadHierarchicalTestExecutorService.invokeAll(SameThreadHierarchicalTestExecutorService.java:41)
	at org.junit.platform.engine.support.hierarchical.NodeTestTask.lambda$executeRecursively$6(NodeTestTask.java:155)
	at org.junit.platform.engine.support.hierarchical.ThrowableCollector.execute(ThrowableCollector.java:73)
	at org.junit.platform.engine.support.hierarchical.NodeTestTask.lambda$executeRecursively$8(NodeTestTask.java:141)
	at org.junit.platform.engine.support.hierarchical.Node.around(Node.java:137)
	at org.junit.platform.engine.support.hierarchical.NodeTestTask.lambda$executeRecursively$9(NodeTestTask.java:139)
	at org.junit.platform.engine.support.hierarchical.ThrowableCollector.execute(ThrowableCollector.java:73)
	at org.junit.platform.engine.support.hierarchical.NodeTestTask.executeRecursively(NodeTestTask.java:138)
	at org.junit.platform.engine.support.hierarchical.NodeTestTask.execute(NodeTestTask.java:95)
	at org.junit.platform.engine.support.hierarchical.SameThreadHierarchicalTestExecutorService.submit(SameThreadHierarchicalTestExecutorService.java:35)
	at org.junit.platform.engine.support.hierarchical.HierarchicalTestExecutor.execute(HierarchicalTestExecutor.java:57)
	at org.junit.platform.engine.support.hierarchical.HierarchicalTestEngine.execute(HierarchicalTestEngine.java:54)
	at org.junit.platform.launcher.core.EngineExecutionOrchestrator.execute(EngineExecutionOrchestrator.java:198)
	at org.junit.platform.launcher.core.EngineExecutionOrchestrator.execute(EngineExecutionOrchestrator.java:169)
	at org.junit.platform.launcher.core.EngineExecutionOrchestrator.execute(EngineExecutionOrchestrator.java:93)
	at org.junit.platform.launcher.core.EngineExecutionOrchestrator.lambda$execute$0(EngineExecutionOrchestrator.java:58)
	at org.junit.platform.launcher.core.EngineExecutionOrchestrator.withInterceptedStreams(EngineExecutionOrchestrator.java:141)
	at org.junit.platform.launcher.core.EngineExecutionOrchestrator.execute(EngineExecutionOrchestrator.java:57)
	at org.junit.platform.launcher.core.DefaultLauncher.execute(DefaultLauncher.java:103)
	at org.junit.platform.launcher.core.DefaultLauncher.execute(DefaultLauncher.java:85)
	at org.junit.platform.launcher.core.DelegatingLauncher.execute(DelegatingLauncher.java:47)
	at org.apache.maven.surefire.junitplatform.LazyLauncher.execute(LazyLauncher.java:56)
	at org.apache.maven.surefire.junitplatform.JUnitPlatformProvider.execute(JUnitPlatformProvider.java:184)
	at org.apache.maven.surefire.junitplatform.JUnitPlatformProvider.invokeAllTests(JUnitPlatformProvider.java:148)
	at org.apache.maven.surefire.junitplatform.JUnitPlatformProvider.invoke(JUnitPlatformProvider.java:122)
	at org.apache.maven.surefire.booter.ForkedBooter.runSuitesInProcess(ForkedBooter.java:385)
	at org.apache.maven.surefire.booter.ForkedBooter.execute(ForkedBooter.java:162)
	at org.apache.maven.surefire.booter.ForkedBooter.run(ForkedBooter.java:507)
	at org.apache.maven.surefire.booter.ForkedBooter.main(ForkedBooter.java:495)
2026-07-13 12:58:53.926 [main] INFO  o.s.t.c.s.AnnotationConfigContextLoaderUtils [requestId=] [path=] - Could not detect default configuration classes for test class [org.main.refresh.PlayerRefreshControllerWebMvcTest]: PlayerRefreshControllerWebMvcTest does not declare any static, non-private, non-final, nested classes annotated with @Configuration.
2026-07-13 12:58:53.962 [main] INFO  o.s.b.t.c.SpringBootTestContextBootstrapper [requestId=] [path=] - Found @SpringBootConfiguration org.main.RiotPractice for test class org.main.refresh.PlayerRefreshControllerWebMvcTest
2026-07-13 12:58:53.969 [main] INFO  o.s.b.d.r.RestartApplicationListener [requestId=] [path=] - Restart disabled due to context in which it is running
2026-07-13 12:58:53.998 [main] INFO  o.m.r.PlayerRefreshControllerWebMvcTest [requestId=] [path=] - Starting PlayerRefreshControllerWebMvcTest using Java 23.0.2 with PID 39568 (started by egors in D:\Games\RiotApiPractice)
2026-07-13 12:58:53.998 [main] DEBUG o.m.r.PlayerRefreshControllerWebMvcTest [requestId=] [path=] - Running with Spring Boot v3.3.3, Spring v6.1.12
2026-07-13 12:58:53.999 [main] INFO  o.m.r.PlayerRefreshControllerWebMvcTest [requestId=] [path=] - No active profile set, falling back to 1 default profile: "default"
2026-07-13 12:58:54.396 [main] INFO  o.s.b.a.w.s.WelcomePageHandlerMapping [requestId=] [path=] - Adding welcome page: class path resource [static/index.html]
2026-07-13 12:58:54.515 [main] DEBUG o.m.a.s.AppSessionAuthenticationFilter [requestId=] [path=] - Filter 'appSessionAuthenticationFilter' configured for use
2026-07-13 12:58:54.515 [main] DEBUG o.main.config.RequestLoggingFilter [requestId=] [path=] - Filter 'requestLoggingFilter' configured for use
2026-07-13 12:58:54.515 [main] INFO  o.s.b.t.m.w.SpringBootMockServletContext [requestId=] [path=] - Initializing Spring TestDispatcherServlet ''
2026-07-13 12:58:54.516 [main] INFO  o.s.t.w.s.TestDispatcherServlet [requestId=] [path=] - Initializing Servlet ''
2026-07-13 12:58:54.517 [main] INFO  o.s.t.w.s.TestDispatcherServlet [requestId=] [path=] - Completed initialization in 1 ms
2026-07-13 12:58:54.525 [main] INFO  o.m.r.PlayerRefreshControllerWebMvcTest [requestId=] [path=] - Started PlayerRefreshControllerWebMvcTest in 0.556 seconds (process running for 19.434)
2026-07-13 12:58:55.510 [main] INFO  org.main.service.CrawlerServiceImpl [requestId=] [path=] - Starting crawlPuuidEUW: puuid='puuid', requestedLimit=25, effectiveLimit=25
2026-07-13 12:58:55.510 [main] DEBUG org.main.service.CrawlerServiceImpl [requestId=] [path=] - Requesting match id page: puuid='puuid', start=0, count=20
2026-07-13 12:58:55.511 [main] DEBUG org.main.service.CrawlerServiceImpl [requestId=] [path=] - Requesting match id page: puuid='puuid', start=20, count=5
2026-07-13 12:58:55.517 [main] INFO  org.main.service.CrawlerServiceImpl [requestId=] [path=] - Saved new match: matchId='m0'
2026-07-13 12:58:55.518 [main] INFO  org.main.service.CrawlerServiceImpl [requestId=] [path=] - Saved new match: matchId='m1'
2026-07-13 12:58:55.519 [main] INFO  org.main.service.CrawlerServiceImpl [requestId=] [path=] - Saved new match: matchId='m2'
2026-07-13 12:58:55.520 [main] INFO  org.main.service.CrawlerServiceImpl [requestId=] [path=] - Saved new match: matchId='m3'
2026-07-13 12:58:55.522 [main] INFO  org.main.service.CrawlerServiceImpl [requestId=] [path=] - Saved new match: matchId='m4'
2026-07-13 12:58:55.525 [main] INFO  org.main.service.CrawlerServiceImpl [requestId=] [path=] - Saved new match: matchId='m5'
2026-07-13 12:58:55.527 [main] INFO  org.main.service.CrawlerServiceImpl [requestId=] [path=] - Saved new match: matchId='m6'
2026-07-13 12:58:55.529 [main] INFO  org.main.service.CrawlerServiceImpl [requestId=] [path=] - Saved new match: matchId='m7'
2026-07-13 12:58:55.530 [main] INFO  org.main.service.CrawlerServiceImpl [requestId=] [path=] - Saved new match: matchId='m8'
2026-07-13 12:58:55.531 [main] INFO  org.main.service.CrawlerServiceImpl [requestId=] [path=] - Saved new match: matchId='m9'
2026-07-13 12:58:55.532 [main] INFO  org.main.service.CrawlerServiceImpl [requestId=] [path=] - Saved new match: matchId='m10'
2026-07-13 12:58:55.534 [main] INFO  org.main.service.CrawlerServiceImpl [requestId=] [path=] - Saved new match: matchId='m11'
2026-07-13 12:58:55.534 [main] INFO  org.main.service.CrawlerServiceImpl [requestId=] [path=] - Saved new match: matchId='m12'
2026-07-13 12:58:55.535 [main] INFO  org.main.service.CrawlerServiceImpl [requestId=] [path=] - Saved new match: matchId='m13'
2026-07-13 12:58:55.536 [main] INFO  org.main.service.CrawlerServiceImpl [requestId=] [path=] - Saved new match: matchId='m14'
2026-07-13 12:58:55.538 [main] INFO  org.main.service.CrawlerServiceImpl [requestId=] [path=] - Saved new match: matchId='m15'
2026-07-13 12:58:55.538 [main] INFO  org.main.service.CrawlerServiceImpl [requestId=] [path=] - Saved new match: matchId='m16'
2026-07-13 12:58:55.540 [main] INFO  org.main.service.CrawlerServiceImpl [requestId=] [path=] - Saved new match: matchId='m17'
2026-07-13 12:58:55.541 [main] INFO  org.main.service.CrawlerServiceImpl [requestId=] [path=] - Saved new match: matchId='m18'
2026-07-13 12:58:55.542 [main] INFO  org.main.service.CrawlerServiceImpl [requestId=] [path=] - Saved new match: matchId='m19'
2026-07-13 12:58:55.543 [main] INFO  org.main.service.CrawlerServiceImpl [requestId=] [path=] - Saved new match: matchId='m20'
2026-07-13 12:58:55.544 [main] INFO  org.main.service.CrawlerServiceImpl [requestId=] [path=] - Saved new match: matchId='m21'
2026-07-13 12:58:55.544 [main] INFO  org.main.service.CrawlerServiceImpl [requestId=] [path=] - Saved new match: matchId='m22'
2026-07-13 12:58:55.546 [main] INFO  org.main.service.CrawlerServiceImpl [requestId=] [path=] - Saved new match: matchId='m23'
2026-07-13 12:58:55.547 [main] INFO  org.main.service.CrawlerServiceImpl [requestId=] [path=] - Saved new match: matchId='m24'
2026-07-13 12:58:55.548 [main] INFO  org.main.service.CrawlerServiceImpl [requestId=] [path=] - crawlPuuidEUW finished: puuid='puuid', requestedLimit=25, fetchedUnique=25, savedNewMatches=25
2026-07-13 12:58:55.719 [main] INFO  org.main.service.CrawlerServiceImpl [requestId=] [path=] - Starting crawlPuuidEUW: puuid='test-puuid', requestedLimit=2, effectiveLimit=2
2026-07-13 12:58:55.719 [main] DEBUG org.main.service.CrawlerServiceImpl [requestId=] [path=] - Requesting match id page: puuid='test-puuid', start=0, count=2
2026-07-13 12:58:55.720 [main] INFO  org.main.service.CrawlerServiceImpl [requestId=] [path=] - Match already exists, checking timeline: matchId='EUW1_123'
2026-07-13 12:58:55.730 [main] INFO  org.main.service.CrawlerServiceImpl [requestId=] [path=] - Saved new match: matchId='EUW1_456'
2026-07-13 12:58:55.730 [main] INFO  org.main.service.CrawlerServiceImpl [requestId=] [path=] - crawlPuuidEUW finished: puuid='test-puuid', requestedLimit=2, fetchedUnique=2, savedNewMatches=1
2026-07-13 12:58:55.751 [main] INFO  org.main.service.CrawlerServiceImpl [requestId=] [path=] - Starting crawlRiotIdEUW: gameName='acoomer', tagLine='EUW', requestedLimit=3
2026-07-13 12:58:55.752 [main] INFO  org.main.service.CrawlerServiceImpl [requestId=] [path=] - Player saved or updated: gameName='acoomer', tagLine='EUW', puuid='resolved-puuid'
2026-07-13 12:58:55.753 [main] DEBUG org.main.service.CrawlerServiceImpl [requestId=] [path=] - Requesting match id page: puuid='resolved-puuid', start=0, count=3
2026-07-13 12:58:55.753 [main] INFO  org.main.service.CrawlerServiceImpl [requestId=] [path=] - Saved new match: matchId='EUW1_1'
2026-07-13 12:58:55.753 [main] INFO  org.main.service.CrawlerServiceImpl [requestId=] [path=] - Saved new match: matchId='EUW1_2'
2026-07-13 12:58:55.755 [main] INFO  org.main.service.CrawlerServiceImpl [requestId=] [path=] - Saved new match: matchId='EUW1_3'
2026-07-13 12:58:55.755 [main] INFO  org.main.service.CrawlerServiceImpl [requestId=] [path=] - crawlRiotIdEUW finished: summoner='acoomer#EUW', puuid='resolved-puuid', savedNewMatches=3
2026-07-13 12:58:55.763 [main] INFO  org.main.service.CrawlerServiceImpl [requestId=] [path=] - Starting crawlPuuidEUW: puuid='test-puuid', requestedLimit=25, effectiveLimit=25
2026-07-13 12:58:55.763 [main] DEBUG org.main.service.CrawlerServiceImpl [requestId=] [path=] - Requesting match id page: puuid='test-puuid', start=0, count=20
2026-07-13 12:58:55.764 [main] DEBUG org.main.service.CrawlerServiceImpl [requestId=] [path=] - Requesting match id page: puuid='test-puuid', start=20, count=5
2026-07-13 12:58:55.765 [main] INFO  org.main.service.CrawlerServiceImpl [requestId=] [path=] - Saved new match: matchId='EUW1_1'
2026-07-13 12:58:55.766 [main] INFO  org.main.service.CrawlerServiceImpl [requestId=] [path=] - Saved new match: matchId='EUW1_2'
2026-07-13 12:58:55.766 [main] INFO  org.main.service.CrawlerServiceImpl [requestId=] [path=] - Saved new match: matchId='EUW1_3'
2026-07-13 12:58:55.767 [main] INFO  org.main.service.CrawlerServiceImpl [requestId=] [path=] - Saved new match: matchId='EUW1_4'
2026-07-13 12:58:55.768 [main] INFO  org.main.service.CrawlerServiceImpl [requestId=] [path=] - Saved new match: matchId='EUW1_5'
2026-07-13 12:58:55.768 [main] INFO  org.main.service.CrawlerServiceImpl [requestId=] [path=] - Saved new match: matchId='EUW1_6'
2026-07-13 12:58:55.769 [main] INFO  org.main.service.CrawlerServiceImpl [requestId=] [path=] - Saved new match: matchId='EUW1_7'
2026-07-13 12:58:55.769 [main] INFO  org.main.service.CrawlerServiceImpl [requestId=] [path=] - Saved new match: matchId='EUW1_8'
2026-07-13 12:58:55.771 [main] INFO  org.main.service.CrawlerServiceImpl [requestId=] [path=] - Saved new match: matchId='EUW1_9'
2026-07-13 12:58:55.772 [main] INFO  org.main.service.CrawlerServiceImpl [requestId=] [path=] - Saved new match: matchId='EUW1_10'
2026-07-13 12:58:55.773 [main] INFO  org.main.service.CrawlerServiceImpl [requestId=] [path=] - Saved new match: matchId='EUW1_11'
2026-07-13 12:58:55.773 [main] INFO  org.main.service.CrawlerServiceImpl [requestId=] [path=] - Saved new match: matchId='EUW1_12'
2026-07-13 12:58:55.774 [main] INFO  org.main.service.CrawlerServiceImpl [requestId=] [path=] - Saved new match: matchId='EUW1_13'
2026-07-13 12:58:55.775 [main] INFO  org.main.service.CrawlerServiceImpl [requestId=] [path=] - Saved new match: matchId='EUW1_14'
2026-07-13 12:58:55.775 [main] INFO  org.main.service.CrawlerServiceImpl [requestId=] [path=] - Saved new match: matchId='EUW1_15'
2026-07-13 12:58:55.776 [main] INFO  org.main.service.CrawlerServiceImpl [requestId=] [path=] - Saved new match: matchId='EUW1_16'
2026-07-13 12:58:55.776 [main] INFO  org.main.service.CrawlerServiceImpl [requestId=] [path=] - Saved new match: matchId='EUW1_17'
2026-07-13 12:58:55.778 [main] INFO  org.main.service.CrawlerServiceImpl [requestId=] [path=] - Saved new match: matchId='EUW1_18'
2026-07-13 12:58:55.778 [main] INFO  org.main.service.CrawlerServiceImpl [requestId=] [path=] - Saved new match: matchId='EUW1_19'
2026-07-13 12:58:55.779 [main] INFO  org.main.service.CrawlerServiceImpl [requestId=] [path=] - Saved new match: matchId='EUW1_20'
2026-07-13 12:58:55.779 [main] INFO  org.main.service.CrawlerServiceImpl [requestId=] [path=] - Saved new match: matchId='EUW1_21'
2026-07-13 12:58:55.780 [main] INFO  org.main.service.CrawlerServiceImpl [requestId=] [path=] - Saved new match: matchId='EUW1_22'
2026-07-13 12:58:55.781 [main] INFO  org.main.service.CrawlerServiceImpl [requestId=] [path=] - Saved new match: matchId='EUW1_23'
2026-07-13 12:58:55.781 [main] INFO  org.main.service.CrawlerServiceImpl [requestId=] [path=] - Saved new match: matchId='EUW1_24'
2026-07-13 12:58:55.782 [main] INFO  org.main.service.CrawlerServiceImpl [requestId=] [path=] - Saved new match: matchId='EUW1_25'
2026-07-13 12:58:55.782 [main] INFO  org.main.service.CrawlerServiceImpl [requestId=] [path=] - crawlPuuidEUW finished: puuid='test-puuid', requestedLimit=25, fetchedUnique=25, savedNewMatches=25
2026-07-13 12:58:56.045 [main] INFO  o.s.b.d.r.RestartApplicationListener [requestId=] [path=] - Restart disabled due to context in which it is running
2026-07-13 12:58:56.084 [main] INFO  o.main.cucumber.CucumberSpringConfig [requestId=] [path=] - Starting CucumberSpringConfig using Java 23.0.2 with PID 39568 (started by egors in D:\Games\RiotApiPractice)
2026-07-13 12:58:56.084 [main] DEBUG o.main.cucumber.CucumberSpringConfig [requestId=] [path=] - Running with Spring Boot v3.3.3, Spring v6.1.12
2026-07-13 12:58:56.085 [main] INFO  o.main.cucumber.CucumberSpringConfig [requestId=] [path=] - No active profile set, falling back to 1 default profile: "default"
2026-07-13 12:58:58.203 [main] INFO  o.main.cucumber.CucumberSpringConfig [requestId=] [path=] - Started CucumberSpringConfig in 2.157 seconds (process running for 23.111)
2026-07-13 12:58:58.370 [main] INFO  org.main.service.CrawlerServiceImpl [requestId=] [path=] - Starting crawlPuuidEUW: puuid='TEST_PUUID', requestedLimit=5, effectiveLimit=5
2026-07-13 12:58:58.370 [main] DEBUG org.main.service.CrawlerServiceImpl [requestId=] [path=] - Requesting match id page: puuid='TEST_PUUID', start=0, count=5
2026-07-13 12:58:58.371 [main] INFO  org.main.service.CrawlerServiceImpl [requestId=] [path=] - Saved new match: matchId='EUW1_0'
2026-07-13 12:58:58.371 [main] INFO  org.main.service.CrawlerServiceImpl [requestId=] [path=] - Saved new match: matchId='EUW1_1'
2026-07-13 12:58:58.373 [main] INFO  org.main.service.CrawlerServiceImpl [requestId=] [path=] - Saved new match: matchId='EUW1_2'
2026-07-13 12:58:58.374 [main] INFO  org.main.service.CrawlerServiceImpl [requestId=] [path=] - Saved new match: matchId='EUW1_3'
2026-07-13 12:58:58.374 [main] INFO  org.main.service.CrawlerServiceImpl [requestId=] [path=] - Saved new match: matchId='EUW1_4'
2026-07-13 12:58:58.375 [main] INFO  org.main.service.CrawlerServiceImpl [requestId=] [path=] - crawlPuuidEUW finished: puuid='TEST_PUUID', requestedLimit=5, fetchedUnique=5, savedNewMatches=5
2026-07-13 12:58:58.413 [main] INFO  org.main.service.CrawlerServiceImpl [requestId=] [path=] - Starting crawlPuuidEUW: puuid='TEST_PUUID', requestedLimit=5, effectiveLimit=5
2026-07-13 12:58:58.413 [main] DEBUG org.main.service.CrawlerServiceImpl [requestId=] [path=] - Requesting match id page: puuid='TEST_PUUID', start=0, count=5
2026-07-13 12:58:58.413 [main] INFO  org.main.service.CrawlerServiceImpl [requestId=] [path=] - No more match ids returned from Riot API: puuid='TEST_PUUID', start=0
2026-07-13 12:58:58.413 [main] INFO  org.main.service.CrawlerServiceImpl [requestId=] [path=] - crawlPuuidEUW finished: puuid='TEST_PUUID', requestedLimit=5, fetchedUnique=0, savedNewMatches=0
2026-07-13 12:58:58.439 [main] INFO  org.main.service.CrawlerServiceImpl [requestId=] [path=] - Starting crawlPuuidEUW: puuid='TEST_PUUID', requestedLimit=5, effectiveLimit=5
2026-07-13 12:58:58.439 [main] DEBUG org.main.service.CrawlerServiceImpl [requestId=] [path=] - Requesting match id page: puuid='TEST_PUUID', start=0, count=5
2026-07-13 12:58:58.440 [main] INFO  org.main.service.CrawlerServiceImpl [requestId=] [path=] - Match already exists, checking timeline: matchId='EUW1_0'
2026-07-13 12:58:58.440 [main] INFO  org.main.service.CrawlerServiceImpl [requestId=] [path=] - Match already exists, checking timeline: matchId='EUW1_1'
2026-07-13 12:58:58.441 [main] INFO  org.main.service.CrawlerServiceImpl [requestId=] [path=] - Match already exists, checking timeline: matchId='EUW1_2'
2026-07-13 12:58:58.441 [main] INFO  org.main.service.CrawlerServiceImpl [requestId=] [path=] - Match already exists, checking timeline: matchId='EUW1_3'
2026-07-13 12:58:58.443 [main] INFO  org.main.service.CrawlerServiceImpl [requestId=] [path=] - Match already exists, checking timeline: matchId='EUW1_4'
2026-07-13 12:58:58.443 [main] INFO  org.main.service.CrawlerServiceImpl [requestId=] [path=] - crawlPuuidEUW finished: puuid='TEST_PUUID', requestedLimit=5, fetchedUnique=5, savedNewMatches=0
2026-07-13 13:03:09.280 [background-preinit] INFO  o.h.validator.internal.util.Version [requestId=] [path=] - HV000001: Hibernate Validator 8.0.1.Final
2026-07-13 13:03:09.336 [main] INFO  o.m.builds.ChampionBuildMigrationIT [requestId=] [path=] - Starting ChampionBuildMigrationIT using Java 23.0.2 with PID 46244 (started by egors in D:\Games\RiotApiPractice)
2026-07-13 13:03:09.337 [main] DEBUG o.m.builds.ChampionBuildMigrationIT [requestId=] [path=] - Running with Spring Boot v3.3.3, Spring v6.1.12
2026-07-13 13:03:09.338 [main] INFO  o.m.builds.ChampionBuildMigrationIT [requestId=] [path=] - No active profile set, falling back to 1 default profile: "default"
2026-07-13 13:03:11.835 [main] INFO  o.s.d.r.c.RepositoryConfigurationDelegate [requestId=] [path=] - Bootstrapping Spring Data JPA repositories in DEFAULT mode.
2026-07-13 13:03:12.043 [main] INFO  o.s.d.r.c.RepositoryConfigurationDelegate [requestId=] [path=] - Finished Spring Data repository scanning in 191 ms. Found 15 JPA repository interfaces.
2026-07-13 13:03:14.130 [main] INFO  org.flywaydb.core.FlywayExecutor [requestId=] [path=] - Database: jdbc:postgresql://localhost:64467/test (PostgreSQL 16.14)
2026-07-13 13:03:14.227 [main] INFO  o.f.c.internal.database.base.Schema [requestId=] [path=] - Creating schema "app" ...
2026-07-13 13:03:14.252 [main] INFO  o.f.c.i.s.JdbcTableSchemaHistory [requestId=] [path=] - Creating Schema History table "app"."flyway_schema_history" ...
2026-07-13 13:03:14.445 [main] INFO  o.f.core.internal.command.DbMigrate [requestId=] [path=] - Current version of schema "app": null
2026-07-13 13:03:14.473 [main] INFO  o.f.core.internal.command.DbMigrate [requestId=] [path=] - Migrating schema "app" to version "1 - create player loop schema"
2026-07-13 13:03:14.600 [main] INFO  o.f.core.internal.command.DbMigrate [requestId=] [path=] - Successfully applied 1 migration to schema "app", now at version v1 (execution time 00:00.094s)
2026-07-13 13:03:14.828 [main] INFO  o.h.jpa.internal.util.LogHelper [requestId=] [path=] - HHH000204: Processing PersistenceUnitInfo [name: default]
2026-07-13 13:03:14.999 [main] INFO  org.hibernate.Version [requestId=] [path=] - HHH000412: Hibernate ORM core version 6.5.2.Final
2026-07-13 13:03:15.076 [main] INFO  o.h.c.i.RegionFactoryInitiator [requestId=] [path=] - HHH000026: Second-level cache disabled
2026-07-13 13:03:15.618 [main] INFO  o.s.o.j.p.SpringPersistenceUnitInfo [requestId=] [path=] - No LoadTimeWeaver setup: ignoring JPA class transformer
2026-07-13 13:03:15.678 [main] INFO  com.zaxxer.hikari.HikariDataSource [requestId=] [path=] - HikariPool-1 - Starting...
2026-07-13 13:03:15.728 [main] INFO  com.zaxxer.hikari.pool.HikariPool [requestId=] [path=] - HikariPool-1 - Added connection org.postgresql.jdbc.PgConnection@6768dc74
2026-07-13 13:03:15.732 [main] INFO  com.zaxxer.hikari.HikariDataSource [requestId=] [path=] - HikariPool-1 - Start completed.
2026-07-13 13:03:17.782 [main] INFO  o.h.e.t.j.p.i.JtaPlatformInitiator [requestId=] [path=] - HHH000489: No JTA platform available (set 'hibernate.transaction.jta.platform' to enable JTA platform integration)
2026-07-13 13:03:17.786 [main] INFO  o.s.o.j.LocalContainerEntityManagerFactoryBean [requestId=] [path=] - Initialized JPA EntityManagerFactory for persistence unit 'default'
2026-07-13 13:03:18.304 [main] INFO  o.s.d.j.r.query.QueryEnhancerFactory [requestId=] [path=] - Hibernate is in classpath; If applicable, HQL parser will be used.
2026-07-13 13:03:19.513 [main] INFO  org.main.client.RiotApiHttpClient [requestId=] [path=] - Riot API client initialized. Key prefix='RGAPI-cb***', startsWithRGAPI=true
2026-07-13 13:03:21.249 [main] INFO  o.s.b.a.w.s.WelcomePageHandlerMapping [requestId=] [path=] - Adding welcome page: class path resource [static/index.html]
2026-07-13 13:03:21.892 [main] INFO  o.s.b.a.e.web.EndpointLinksResolver [requestId=] [path=] - Exposing 1 endpoint beneath base path '/actuator'
2026-07-13 13:03:23.186 [main] INFO  o.m.builds.ChampionBuildMigrationIT [requestId=] [path=] - Started ChampionBuildMigrationIT in 14.509 seconds (process running for 23.117)
2026-07-13 13:03:24.926 [SpringApplicationShutdownHook] INFO  o.s.o.j.LocalContainerEntityManagerFactoryBean [requestId=] [path=] - Closing JPA EntityManagerFactory for persistence unit 'default'
2026-07-13 13:03:24.933 [SpringApplicationShutdownHook] INFO  com.zaxxer.hikari.HikariDataSource [requestId=] [path=] - HikariPool-1 - Shutdown initiated...
2026-07-13 13:03:24.944 [SpringApplicationShutdownHook] INFO  com.zaxxer.hikari.HikariDataSource [requestId=] [path=] - HikariPool-1 - Shutdown completed.
2026-07-13 13:04:55.642 [background-preinit] INFO  o.h.validator.internal.util.Version [requestId=] [path=] - HV000001: Hibernate Validator 8.0.1.Final
2026-07-13 13:04:55.688 [main] INFO  o.m.builds.ChampionBuildMigrationIT [requestId=] [path=] - Starting ChampionBuildMigrationIT using Java 23.0.2 with PID 47004 (started by egors in D:\Games\RiotApiPractice)
2026-07-13 13:04:55.689 [main] DEBUG o.m.builds.ChampionBuildMigrationIT [requestId=] [path=] - Running with Spring Boot v3.3.3, Spring v6.1.12
2026-07-13 13:04:55.690 [main] INFO  o.m.builds.ChampionBuildMigrationIT [requestId=] [path=] - No active profile set, falling back to 1 default profile: "default"
2026-07-13 13:04:57.819 [main] INFO  o.s.d.r.c.RepositoryConfigurationDelegate [requestId=] [path=] - Bootstrapping Spring Data JPA repositories in DEFAULT mode.
2026-07-13 13:04:58.016 [main] INFO  o.s.d.r.c.RepositoryConfigurationDelegate [requestId=] [path=] - Finished Spring Data repository scanning in 182 ms. Found 15 JPA repository interfaces.
2026-07-13 13:04:59.793 [main] INFO  org.flywaydb.core.FlywayExecutor [requestId=] [path=] - Database: jdbc:postgresql://localhost:51564/test (PostgreSQL 16.14)
2026-07-13 13:04:59.867 [main] INFO  o.f.c.internal.database.base.Schema [requestId=] [path=] - Creating schema "app" ...
2026-07-13 13:04:59.883 [main] INFO  o.f.c.i.s.JdbcTableSchemaHistory [requestId=] [path=] - Creating Schema History table "app"."flyway_schema_history" ...
2026-07-13 13:05:00.027 [main] INFO  o.f.core.internal.command.DbMigrate [requestId=] [path=] - Current version of schema "app": null
2026-07-13 13:05:00.058 [main] INFO  o.f.core.internal.command.DbMigrate [requestId=] [path=] - Migrating schema "app" to version "1 - create player loop schema"
2026-07-13 13:05:00.178 [main] INFO  o.f.core.internal.command.DbMigrate [requestId=] [path=] - Migrating schema "app" to version "2 - create champion build schema"
2026-07-13 13:05:00.244 [main] INFO  o.f.core.internal.command.DbMigrate [requestId=] [path=] - Successfully applied 2 migrations to schema "app", now at version v2 (execution time 00:00.130s)
2026-07-13 13:05:00.427 [main] INFO  o.h.jpa.internal.util.LogHelper [requestId=] [path=] - HHH000204: Processing PersistenceUnitInfo [name: default]
2026-07-13 13:05:00.533 [main] INFO  org.hibernate.Version [requestId=] [path=] - HHH000412: Hibernate ORM core version 6.5.2.Final
2026-07-13 13:05:00.587 [main] INFO  o.h.c.i.RegionFactoryInitiator [requestId=] [path=] - HHH000026: Second-level cache disabled
2026-07-13 13:05:01.005 [main] INFO  o.s.o.j.p.SpringPersistenceUnitInfo [requestId=] [path=] - No LoadTimeWeaver setup: ignoring JPA class transformer
2026-07-13 13:05:01.044 [main] INFO  com.zaxxer.hikari.HikariDataSource [requestId=] [path=] - HikariPool-1 - Starting...
2026-07-13 13:05:01.084 [main] INFO  com.zaxxer.hikari.pool.HikariPool [requestId=] [path=] - HikariPool-1 - Added connection org.postgresql.jdbc.PgConnection@7fd3c38b
2026-07-13 13:05:01.086 [main] INFO  com.zaxxer.hikari.HikariDataSource [requestId=] [path=] - HikariPool-1 - Start completed.
2026-07-13 13:05:02.805 [main] INFO  o.h.e.t.j.p.i.JtaPlatformInitiator [requestId=] [path=] - HHH000489: No JTA platform available (set 'hibernate.transaction.jta.platform' to enable JTA platform integration)
2026-07-13 13:05:02.808 [main] INFO  o.s.o.j.LocalContainerEntityManagerFactoryBean [requestId=] [path=] - Initialized JPA EntityManagerFactory for persistence unit 'default'
2026-07-13 13:05:03.212 [main] INFO  o.s.d.j.r.query.QueryEnhancerFactory [requestId=] [path=] - Hibernate is in classpath; If applicable, HQL parser will be used.
2026-07-13 13:05:04.450 [main] INFO  org.main.client.RiotApiHttpClient [requestId=] [path=] - Riot API client initialized. Key prefix='RGAPI-cb***', startsWithRGAPI=true
2026-07-13 13:05:06.018 [main] INFO  o.s.b.a.w.s.WelcomePageHandlerMapping [requestId=] [path=] - Adding welcome page: class path resource [static/index.html]
2026-07-13 13:05:06.614 [main] INFO  o.s.b.a.e.web.EndpointLinksResolver [requestId=] [path=] - Exposing 1 endpoint beneath base path '/actuator'
2026-07-13 13:05:07.869 [main] INFO  o.m.builds.ChampionBuildMigrationIT [requestId=] [path=] - Started ChampionBuildMigrationIT in 12.773 seconds (process running for 19.822)
2026-07-13 13:05:09.446 [SpringApplicationShutdownHook] INFO  o.s.o.j.LocalContainerEntityManagerFactoryBean [requestId=] [path=] - Closing JPA EntityManagerFactory for persistence unit 'default'
2026-07-13 13:05:09.451 [SpringApplicationShutdownHook] INFO  com.zaxxer.hikari.HikariDataSource [requestId=] [path=] - HikariPool-1 - Shutdown initiated...
2026-07-13 13:05:09.463 [SpringApplicationShutdownHook] INFO  com.zaxxer.hikari.HikariDataSource [requestId=] [path=] - HikariPool-1 - Shutdown completed.
2026-07-13 13:10:54.262 [background-preinit] INFO  o.h.validator.internal.util.Version [requestId=] [path=] - HV000001: Hibernate Validator 8.0.1.Final
2026-07-13 13:10:54.311 [main] INFO  o.m.builds.ChampionBuildMigrationIT [requestId=] [path=] - Starting ChampionBuildMigrationIT using Java 23.0.2 with PID 44680 (started by egors in D:\Games\RiotApiPractice)
2026-07-13 13:10:54.311 [main] DEBUG o.m.builds.ChampionBuildMigrationIT [requestId=] [path=] - Running with Spring Boot v3.3.3, Spring v6.1.12
2026-07-13 13:10:54.313 [main] INFO  o.m.builds.ChampionBuildMigrationIT [requestId=] [path=] - No active profile set, falling back to 1 default profile: "default"
2026-07-13 13:10:56.550 [main] INFO  o.s.d.r.c.RepositoryConfigurationDelegate [requestId=] [path=] - Bootstrapping Spring Data JPA repositories in DEFAULT mode.
2026-07-13 13:10:56.756 [main] INFO  o.s.d.r.c.RepositoryConfigurationDelegate [requestId=] [path=] - Finished Spring Data repository scanning in 188 ms. Found 15 JPA repository interfaces.
2026-07-13 13:10:58.680 [main] INFO  org.flywaydb.core.FlywayExecutor [requestId=] [path=] - Database: jdbc:postgresql://localhost:55843/test (PostgreSQL 16.14)
2026-07-13 13:10:58.767 [main] INFO  o.f.c.internal.database.base.Schema [requestId=] [path=] - Creating schema "app" ...
2026-07-13 13:10:58.783 [main] INFO  o.f.c.i.s.JdbcTableSchemaHistory [requestId=] [path=] - Creating Schema History table "app"."flyway_schema_history" ...
2026-07-13 13:10:58.932 [main] INFO  o.f.core.internal.command.DbMigrate [requestId=] [path=] - Current version of schema "app": null
2026-07-13 13:10:58.963 [main] INFO  o.f.core.internal.command.DbMigrate [requestId=] [path=] - Migrating schema "app" to version "1 - create player loop schema"
2026-07-13 13:10:59.087 [main] INFO  o.f.core.internal.command.DbMigrate [requestId=] [path=] - Migrating schema "app" to version "2 - create champion build schema"
2026-07-13 13:10:59.150 [main] INFO  o.f.core.internal.command.DbMigrate [requestId=] [path=] - Successfully applied 2 migrations to schema "app", now at version v2 (execution time 00:00.133s)
2026-07-13 13:10:59.314 [main] INFO  o.h.jpa.internal.util.LogHelper [requestId=] [path=] - HHH000204: Processing PersistenceUnitInfo [name: default]
2026-07-13 13:10:59.402 [main] INFO  org.hibernate.Version [requestId=] [path=] - HHH000412: Hibernate ORM core version 6.5.2.Final
2026-07-13 13:10:59.446 [main] INFO  o.h.c.i.RegionFactoryInitiator [requestId=] [path=] - HHH000026: Second-level cache disabled
2026-07-13 13:10:59.874 [main] INFO  o.s.o.j.p.SpringPersistenceUnitInfo [requestId=] [path=] - No LoadTimeWeaver setup: ignoring JPA class transformer
2026-07-13 13:10:59.912 [main] INFO  com.zaxxer.hikari.HikariDataSource [requestId=] [path=] - HikariPool-1 - Starting...
2026-07-13 13:10:59.967 [main] INFO  com.zaxxer.hikari.pool.HikariPool [requestId=] [path=] - HikariPool-1 - Added connection org.postgresql.jdbc.PgConnection@25031fd4
2026-07-13 13:10:59.971 [main] INFO  com.zaxxer.hikari.HikariDataSource [requestId=] [path=] - HikariPool-1 - Start completed.
2026-07-13 13:11:01.654 [main] INFO  o.h.e.t.j.p.i.JtaPlatformInitiator [requestId=] [path=] - HHH000489: No JTA platform available (set 'hibernate.transaction.jta.platform' to enable JTA platform integration)
2026-07-13 13:11:01.657 [main] INFO  o.s.o.j.LocalContainerEntityManagerFactoryBean [requestId=] [path=] - Initialized JPA EntityManagerFactory for persistence unit 'default'
2026-07-13 13:11:02.077 [main] INFO  o.s.d.j.r.query.QueryEnhancerFactory [requestId=] [path=] - Hibernate is in classpath; If applicable, HQL parser will be used.
2026-07-13 13:11:03.300 [main] INFO  org.main.client.RiotApiHttpClient [requestId=] [path=] - Riot API client initialized. Key prefix='RGAPI-cb***', startsWithRGAPI=true
2026-07-13 13:11:04.844 [main] INFO  o.s.b.a.w.s.WelcomePageHandlerMapping [requestId=] [path=] - Adding welcome page: class path resource [static/index.html]
2026-07-13 13:11:05.505 [main] INFO  o.s.b.a.e.web.EndpointLinksResolver [requestId=] [path=] - Exposing 1 endpoint beneath base path '/actuator'
2026-07-13 13:11:06.800 [main] INFO  o.m.builds.ChampionBuildMigrationIT [requestId=] [path=] - Started ChampionBuildMigrationIT in 13.065 seconds (process running for 19.824)
2026-07-13 13:11:08.403 [SpringApplicationShutdownHook] INFO  o.s.o.j.LocalContainerEntityManagerFactoryBean [requestId=] [path=] - Closing JPA EntityManagerFactory for persistence unit 'default'
2026-07-13 13:11:08.408 [SpringApplicationShutdownHook] INFO  com.zaxxer.hikari.HikariDataSource [requestId=] [path=] - HikariPool-1 - Shutdown initiated...
2026-07-13 13:11:08.421 [SpringApplicationShutdownHook] INFO  com.zaxxer.hikari.HikariDataSource [requestId=] [path=] - HikariPool-1 - Shutdown completed.
2026-07-13 13:11:41.538 [background-preinit] INFO  o.h.validator.internal.util.Version [requestId=] [path=] - HV000001: Hibernate Validator 8.0.1.Final
2026-07-13 13:11:41.591 [main] INFO  o.m.builds.ChampionBuildMigrationIT [requestId=] [path=] - Starting ChampionBuildMigrationIT using Java 23.0.2 with PID 41068 (started by egors in D:\Games\RiotApiPractice)
2026-07-13 13:11:41.592 [main] DEBUG o.m.builds.ChampionBuildMigrationIT [requestId=] [path=] - Running with Spring Boot v3.3.3, Spring v6.1.12
2026-07-13 13:11:41.594 [main] INFO  o.m.builds.ChampionBuildMigrationIT [requestId=] [path=] - No active profile set, falling back to 1 default profile: "default"
2026-07-13 13:11:44.011 [main] INFO  o.s.d.r.c.RepositoryConfigurationDelegate [requestId=] [path=] - Bootstrapping Spring Data JPA repositories in DEFAULT mode.
2026-07-13 13:11:44.214 [main] INFO  o.s.d.r.c.RepositoryConfigurationDelegate [requestId=] [path=] - Finished Spring Data repository scanning in 190 ms. Found 15 JPA repository interfaces.
2026-07-13 13:11:46.202 [main] INFO  org.flywaydb.core.FlywayExecutor [requestId=] [path=] - Database: jdbc:postgresql://localhost:55904/test (PostgreSQL 16.14)
2026-07-13 13:11:46.267 [main] INFO  o.f.c.internal.database.base.Schema [requestId=] [path=] - Creating schema "app" ...
2026-07-13 13:11:46.285 [main] INFO  o.f.c.i.s.JdbcTableSchemaHistory [requestId=] [path=] - Creating Schema History table "app"."flyway_schema_history" ...
2026-07-13 13:11:46.440 [main] INFO  o.f.core.internal.command.DbMigrate [requestId=] [path=] - Current version of schema "app": null
2026-07-13 13:11:46.469 [main] INFO  o.f.core.internal.command.DbMigrate [requestId=] [path=] - Migrating schema "app" to version "1 - create player loop schema"
2026-07-13 13:11:46.589 [main] INFO  o.f.core.internal.command.DbMigrate [requestId=] [path=] - Migrating schema "app" to version "2 - create champion build schema"
2026-07-13 13:11:46.652 [main] INFO  o.f.core.internal.command.DbMigrate [requestId=] [path=] - Successfully applied 2 migrations to schema "app", now at version v2 (execution time 00:00.130s)
2026-07-13 13:11:46.831 [main] INFO  o.h.jpa.internal.util.LogHelper [requestId=] [path=] - HHH000204: Processing PersistenceUnitInfo [name: default]
2026-07-13 13:11:46.929 [main] INFO  org.hibernate.Version [requestId=] [path=] - HHH000412: Hibernate ORM core version 6.5.2.Final
2026-07-13 13:11:46.982 [main] INFO  o.h.c.i.RegionFactoryInitiator [requestId=] [path=] - HHH000026: Second-level cache disabled
2026-07-13 13:11:47.406 [main] INFO  o.s.o.j.p.SpringPersistenceUnitInfo [requestId=] [path=] - No LoadTimeWeaver setup: ignoring JPA class transformer
2026-07-13 13:11:47.452 [main] INFO  com.zaxxer.hikari.HikariDataSource [requestId=] [path=] - HikariPool-1 - Starting...
2026-07-13 13:11:47.493 [main] INFO  com.zaxxer.hikari.pool.HikariPool [requestId=] [path=] - HikariPool-1 - Added connection org.postgresql.jdbc.PgConnection@7fd3c38b
2026-07-13 13:11:47.495 [main] INFO  com.zaxxer.hikari.HikariDataSource [requestId=] [path=] - HikariPool-1 - Start completed.
2026-07-13 13:11:49.194 [main] INFO  o.h.e.t.j.p.i.JtaPlatformInitiator [requestId=] [path=] - HHH000489: No JTA platform available (set 'hibernate.transaction.jta.platform' to enable JTA platform integration)
2026-07-13 13:11:49.200 [main] INFO  o.s.o.j.LocalContainerEntityManagerFactoryBean [requestId=] [path=] - Initialized JPA EntityManagerFactory for persistence unit 'default'
2026-07-13 13:11:49.698 [main] INFO  o.s.d.j.r.query.QueryEnhancerFactory [requestId=] [path=] - Hibernate is in classpath; If applicable, HQL parser will be used.
2026-07-13 13:11:50.966 [main] INFO  org.main.client.RiotApiHttpClient [requestId=] [path=] - Riot API client initialized. Key prefix='RGAPI-cb***', startsWithRGAPI=true
2026-07-13 13:11:52.633 [main] INFO  o.s.b.a.w.s.WelcomePageHandlerMapping [requestId=] [path=] - Adding welcome page: class path resource [static/index.html]
2026-07-13 13:11:53.318 [main] INFO  o.s.b.a.e.web.EndpointLinksResolver [requestId=] [path=] - Exposing 1 endpoint beneath base path '/actuator'
2026-07-13 13:11:54.607 [main] INFO  o.m.builds.ChampionBuildMigrationIT [requestId=] [path=] - Started ChampionBuildMigrationIT in 13.623 seconds (process running for 19.983)
2026-07-13 13:11:56.412 [SpringApplicationShutdownHook] INFO  o.s.o.j.LocalContainerEntityManagerFactoryBean [requestId=] [path=] - Closing JPA EntityManagerFactory for persistence unit 'default'
2026-07-13 13:11:56.417 [SpringApplicationShutdownHook] INFO  com.zaxxer.hikari.HikariDataSource [requestId=] [path=] - HikariPool-1 - Shutdown initiated...
2026-07-13 13:11:56.429 [SpringApplicationShutdownHook] INFO  com.zaxxer.hikari.HikariDataSource [requestId=] [path=] - HikariPool-1 - Shutdown completed.
2026-07-13 13:12:56.218 [background-preinit] INFO  o.h.validator.internal.util.Version [requestId=] [path=] - HV000001: Hibernate Validator 8.0.1.Final
2026-07-13 13:12:56.272 [main] INFO  o.m.builds.ChampionBuildMigrationIT [requestId=] [path=] - Starting ChampionBuildMigrationIT using Java 23.0.2 with PID 46696 (started by egors in D:\Games\RiotApiPractice)
2026-07-13 13:12:56.272 [main] DEBUG o.m.builds.ChampionBuildMigrationIT [requestId=] [path=] - Running with Spring Boot v3.3.3, Spring v6.1.12
2026-07-13 13:12:56.274 [main] INFO  o.m.builds.ChampionBuildMigrationIT [requestId=] [path=] - No active profile set, falling back to 1 default profile: "default"
2026-07-13 13:12:58.431 [main] INFO  o.s.d.r.c.RepositoryConfigurationDelegate [requestId=] [path=] - Bootstrapping Spring Data JPA repositories in DEFAULT mode.
2026-07-13 13:12:58.639 [main] INFO  o.s.d.r.c.RepositoryConfigurationDelegate [requestId=] [path=] - Finished Spring Data repository scanning in 190 ms. Found 15 JPA repository interfaces.
2026-07-13 13:13:00.415 [main] INFO  org.flywaydb.core.FlywayExecutor [requestId=] [path=] - Database: jdbc:postgresql://localhost:55986/test (PostgreSQL 16.14)
2026-07-13 13:13:00.481 [main] INFO  o.f.c.internal.database.base.Schema [requestId=] [path=] - Creating schema "app" ...
2026-07-13 13:13:00.497 [main] INFO  o.f.c.i.s.JdbcTableSchemaHistory [requestId=] [path=] - Creating Schema History table "app"."flyway_schema_history" ...
2026-07-13 13:13:00.639 [main] INFO  o.f.core.internal.command.DbMigrate [requestId=] [path=] - Current version of schema "app": null
2026-07-13 13:13:00.666 [main] INFO  o.f.core.internal.command.DbMigrate [requestId=] [path=] - Migrating schema "app" to version "1 - create player loop schema"
2026-07-13 13:13:00.784 [main] INFO  o.f.core.internal.command.DbMigrate [requestId=] [path=] - Migrating schema "app" to version "2 - create champion build schema"
2026-07-13 13:13:00.846 [main] INFO  o.f.core.internal.command.DbMigrate [requestId=] [path=] - Successfully applied 2 migrations to schema "app", now at version v2 (execution time 00:00.125s)
2026-07-13 13:13:01.026 [main] INFO  o.h.jpa.internal.util.LogHelper [requestId=] [path=] - HHH000204: Processing PersistenceUnitInfo [name: default]
2026-07-13 13:13:01.106 [main] INFO  org.hibernate.Version [requestId=] [path=] - HHH000412: Hibernate ORM core version 6.5.2.Final
2026-07-13 13:13:01.150 [main] INFO  o.h.c.i.RegionFactoryInitiator [requestId=] [path=] - HHH000026: Second-level cache disabled
2026-07-13 13:13:01.593 [main] INFO  o.s.o.j.p.SpringPersistenceUnitInfo [requestId=] [path=] - No LoadTimeWeaver setup: ignoring JPA class transformer
2026-07-13 13:13:01.632 [main] INFO  com.zaxxer.hikari.HikariDataSource [requestId=] [path=] - HikariPool-1 - Starting...
2026-07-13 13:13:01.669 [main] INFO  com.zaxxer.hikari.pool.HikariPool [requestId=] [path=] - HikariPool-1 - Added connection org.postgresql.jdbc.PgConnection@27260f9c
2026-07-13 13:13:01.672 [main] INFO  com.zaxxer.hikari.HikariDataSource [requestId=] [path=] - HikariPool-1 - Start completed.
2026-07-13 13:13:03.457 [main] INFO  o.h.e.t.j.p.i.JtaPlatformInitiator [requestId=] [path=] - HHH000489: No JTA platform available (set 'hibernate.transaction.jta.platform' to enable JTA platform integration)
2026-07-13 13:13:03.461 [main] INFO  o.s.o.j.LocalContainerEntityManagerFactoryBean [requestId=] [path=] - Initialized JPA EntityManagerFactory for persistence unit 'default'
2026-07-13 13:13:03.889 [main] INFO  o.s.d.j.r.query.QueryEnhancerFactory [requestId=] [path=] - Hibernate is in classpath; If applicable, HQL parser will be used.
2026-07-13 13:13:04.973 [main] INFO  org.main.client.RiotApiHttpClient [requestId=] [path=] - Riot API client initialized. Key prefix='RGAPI-cb***', startsWithRGAPI=true
2026-07-13 13:13:06.616 [main] INFO  o.s.b.a.w.s.WelcomePageHandlerMapping [requestId=] [path=] - Adding welcome page: class path resource [static/index.html]
2026-07-13 13:13:07.265 [main] INFO  o.s.b.a.e.web.EndpointLinksResolver [requestId=] [path=] - Exposing 1 endpoint beneath base path '/actuator'
2026-07-13 13:13:08.581 [main] INFO  o.m.builds.ChampionBuildMigrationIT [requestId=] [path=] - Started ChampionBuildMigrationIT in 12.909 seconds (process running for 19.23)
2026-07-13 13:13:10.204 [SpringApplicationShutdownHook] INFO  o.s.o.j.LocalContainerEntityManagerFactoryBean [requestId=] [path=] - Closing JPA EntityManagerFactory for persistence unit 'default'
2026-07-13 13:13:10.211 [SpringApplicationShutdownHook] INFO  com.zaxxer.hikari.HikariDataSource [requestId=] [path=] - HikariPool-1 - Shutdown initiated...
2026-07-13 13:13:10.221 [SpringApplicationShutdownHook] INFO  com.zaxxer.hikari.HikariDataSource [requestId=] [path=] - HikariPool-1 - Shutdown completed.
2026-07-13 14:27:52.043 [HikariPool-1 housekeeper] WARN  com.zaxxer.hikari.pool.HikariPool [requestId=] [path=] - HikariPool-1 - Thread starvation or clock leap detected (housekeeper delta=7m5s429ms490µs800ns).
2026-07-13 16:05:06.194 [background-preinit] INFO  o.h.validator.internal.util.Version [requestId=] [path=] - HV000001: Hibernate Validator 8.0.1.Final
2026-07-13 16:05:06.242 [main] INFO  o.m.b.a.ChampionBuildControllerTest [requestId=] [path=] - Starting ChampionBuildControllerTest using Java 23.0.2 with PID 41156 (started by egors in D:\Games\RiotApiPractice)
2026-07-13 16:05:06.243 [main] DEBUG o.m.b.a.ChampionBuildControllerTest [requestId=] [path=] - Running with Spring Boot v3.3.3, Spring v6.1.12
2026-07-13 16:05:06.244 [main] INFO  o.m.b.a.ChampionBuildControllerTest [requestId=] [path=] - No active profile set, falling back to 1 default profile: "default"
2026-07-13 16:05:10.336 [main] INFO  o.s.b.a.w.s.WelcomePageHandlerMapping [requestId=] [path=] - Adding welcome page: class path resource [static/index.html]
2026-07-13 16:05:11.193 [main] DEBUG o.m.a.s.AppSessionAuthenticationFilter [requestId=] [path=] - Filter 'appSessionAuthenticationFilter' configured for use
2026-07-13 16:05:11.194 [main] DEBUG o.main.config.RequestLoggingFilter [requestId=] [path=] - Filter 'requestLoggingFilter' configured for use
2026-07-13 16:05:11.204 [main] INFO  o.s.b.t.m.w.SpringBootMockServletContext [requestId=] [path=] - Initializing Spring TestDispatcherServlet ''
2026-07-13 16:05:11.205 [main] INFO  o.s.t.w.s.TestDispatcherServlet [requestId=] [path=] - Initializing Servlet ''
2026-07-13 16:05:11.207 [main] INFO  o.s.t.w.s.TestDispatcherServlet [requestId=] [path=] - Completed initialization in 2 ms
2026-07-13 16:05:11.249 [main] INFO  o.m.b.a.ChampionBuildControllerTest [requestId=] [path=] - Started ChampionBuildControllerTest in 5.611 seconds (process running for 7.238)
2026-07-13 16:05:11.798 [main] WARN  o.m.handler.GlobalExceptionHandler [requestId=0306f660-541b-4fb7-b340-4a50fcdedc9d] [path=/api/champions/22/builds] - Handled exception: errorId=ccf628b8-4cca-43d6-a328-8fdc361bc086, code=BAD_REQUEST, path=/api/champions/22/builds, context={requestId=0306f660-541b-4fb7-b340-4a50fcdedc9d, method=GET}, message=Failed to convert value of type 'java.lang.String' to required type 'org.main.builds.model.BuildRole'; Failed to convert from type [java.lang.String] to type [@org.springframework.web.bind.annotation.RequestParam org.main.builds.model.BuildRole] for value [INVALID]
2026-07-13 16:05:11.838 [main] WARN  o.m.handler.GlobalExceptionHandler [requestId=0d4e3923-1ed1-43bc-adde-13c19e91c0ae] [path=/api/champions/999/builds/options] - Handled exception: errorId=722f1430-5ad2-44c3-a7c9-03d4fb4ad293, code=NOT_FOUND, path=/api/champions/999/builds/options, context={requestId=0d4e3923-1ed1-43bc-adde-13c19e91c0ae, method=GET}, message=Champion not found: 999
2026-07-13 16:07:22.639 [background-preinit] INFO  o.h.validator.internal.util.Version [requestId=] [path=] - HV000001: Hibernate Validator 8.0.1.Final
2026-07-13 16:07:22.697 [main] INFO  o.m.b.a.ChampionBuildControllerTest [requestId=] [path=] - Starting ChampionBuildControllerTest using Java 23.0.2 with PID 45104 (started by egors in D:\Games\RiotApiPractice)
2026-07-13 16:07:22.698 [main] DEBUG o.m.b.a.ChampionBuildControllerTest [requestId=] [path=] - Running with Spring Boot v3.3.3, Spring v6.1.12
2026-07-13 16:07:22.700 [main] INFO  o.m.b.a.ChampionBuildControllerTest [requestId=] [path=] - No active profile set, falling back to 1 default profile: "default"
2026-07-13 16:07:26.166 [main] INFO  o.s.b.a.w.s.WelcomePageHandlerMapping [requestId=] [path=] - Adding welcome page: class path resource [static/index.html]
2026-07-13 16:07:26.933 [main] DEBUG o.m.a.s.AppSessionAuthenticationFilter [requestId=] [path=] - Filter 'appSessionAuthenticationFilter' configured for use
2026-07-13 16:07:26.933 [main] DEBUG o.main.config.RequestLoggingFilter [requestId=] [path=] - Filter 'requestLoggingFilter' configured for use
2026-07-13 16:07:26.944 [main] INFO  o.s.b.t.m.w.SpringBootMockServletContext [requestId=] [path=] - Initializing Spring TestDispatcherServlet ''
2026-07-13 16:07:26.944 [main] INFO  o.s.t.w.s.TestDispatcherServlet [requestId=] [path=] - Initializing Servlet ''
2026-07-13 16:07:26.947 [main] INFO  o.s.t.w.s.TestDispatcherServlet [requestId=] [path=] - Completed initialization in 3 ms
2026-07-13 16:07:26.984 [main] INFO  o.m.b.a.ChampionBuildControllerTest [requestId=] [path=] - Started ChampionBuildControllerTest in 4.966 seconds (process running for 6.498)
2026-07-13 16:07:27.497 [main] WARN  o.m.handler.GlobalExceptionHandler [requestId=519d508e-8a3a-4028-b467-d40fb77927e1] [path=/api/champions/22/builds] - Handled exception: errorId=e3037a74-221f-4dc7-b810-978bd308ca9b, code=BAD_REQUEST, path=/api/champions/22/builds, context={requestId=519d508e-8a3a-4028-b467-d40fb77927e1, method=GET}, message=Failed to convert value of type 'java.lang.String' to required type 'org.main.builds.model.BuildRole'; Failed to convert from type [java.lang.String] to type [@org.springframework.web.bind.annotation.RequestParam org.main.builds.model.BuildRole] for value [INVALID]
2026-07-13 16:07:27.532 [main] WARN  o.m.handler.GlobalExceptionHandler [requestId=28c0c41a-8661-418d-b53a-a6be2f13a17f] [path=/api/champions/999/builds/options] - Handled exception: errorId=5bcedff1-b292-4b1f-8852-6a5ead7a0068, code=NOT_FOUND, path=/api/champions/999/builds/options, context={requestId=28c0c41a-8661-418d-b53a-a6be2f13a17f, method=GET}, message=Champion not found: 999
2026-07-13 16:10:19.803 [background-preinit] INFO  o.h.validator.internal.util.Version [requestId=] [path=] - HV000001: Hibernate Validator 8.0.1.Final
2026-07-13 16:10:19.870 [main] INFO  o.m.b.a.ChampionBuildControllerTest [requestId=] [path=] - Starting ChampionBuildControllerTest using Java 23.0.2 with PID 19052 (started by egors in D:\Games\RiotApiPractice)
2026-07-13 16:10:19.871 [main] DEBUG o.m.b.a.ChampionBuildControllerTest [requestId=] [path=] - Running with Spring Boot v3.3.3, Spring v6.1.12
2026-07-13 16:10:19.872 [main] INFO  o.m.b.a.ChampionBuildControllerTest [requestId=] [path=] - No active profile set, falling back to 1 default profile: "default"
2026-07-13 16:10:21.804 [main] INFO  o.s.b.a.w.s.WelcomePageHandlerMapping [requestId=] [path=] - Adding welcome page: class path resource [static/index.html]
2026-07-13 16:10:22.549 [main] DEBUG o.m.a.s.AppSessionAuthenticationFilter [requestId=] [path=] - Filter 'appSessionAuthenticationFilter' configured for use
2026-07-13 16:10:22.550 [main] DEBUG o.main.config.RequestLoggingFilter [requestId=] [path=] - Filter 'requestLoggingFilter' configured for use
2026-07-13 16:10:22.559 [main] INFO  o.s.b.t.m.w.SpringBootMockServletContext [requestId=] [path=] - Initializing Spring TestDispatcherServlet ''
2026-07-13 16:10:22.561 [main] INFO  o.s.t.w.s.TestDispatcherServlet [requestId=] [path=] - Initializing Servlet ''
2026-07-13 16:10:22.563 [main] INFO  o.s.t.w.s.TestDispatcherServlet [requestId=] [path=] - Completed initialization in 2 ms
2026-07-13 16:10:22.598 [main] INFO  o.m.b.a.ChampionBuildControllerTest [requestId=] [path=] - Started ChampionBuildControllerTest in 3.446 seconds (process running for 7.86)
2026-07-13 16:10:22.995 [main] WARN  o.m.handler.GlobalExceptionHandler [requestId=7e900d23-43c7-4892-b9be-70922f887c9c] [path=/api/champions/22/builds] - Handled exception: errorId=3159477a-98f3-40e3-8c8e-5804efffebd6, code=BAD_REQUEST, path=/api/champions/22/builds, context={requestId=7e900d23-43c7-4892-b9be-70922f887c9c, method=GET}, message=Failed to convert value of type 'java.lang.String' to required type 'org.main.builds.model.BuildRole'; Failed to convert from type [java.lang.String] to type [@org.springframework.web.bind.annotation.RequestParam org.main.builds.model.BuildRole] for value [INVALID]
2026-07-13 16:10:23.031 [main] WARN  o.m.handler.GlobalExceptionHandler [requestId=fe084f00-24f5-4bfe-8132-986a8541db9b] [path=/api/champions/999/builds/options] - Handled exception: errorId=995ecc0f-19ab-4aac-9624-d5286fdd6aa5, code=NOT_FOUND, path=/api/champions/999/builds/options, context={requestId=fe084f00-24f5-4bfe-8132-986a8541db9b, method=GET}, message=Champion not found: 999
2026-07-13 16:11:30.059 [background-preinit] INFO  o.h.validator.internal.util.Version [requestId=] [path=] - HV000001: Hibernate Validator 8.0.1.Final
2026-07-13 16:11:30.132 [main] INFO  o.m.b.a.ChampionBuildControllerTest [requestId=] [path=] - Starting ChampionBuildControllerTest using Java 23.0.2 with PID 43916 (started by egors in D:\Games\RiotApiPractice)
2026-07-13 16:11:30.132 [main] DEBUG o.m.b.a.ChampionBuildControllerTest [requestId=] [path=] - Running with Spring Boot v3.3.3, Spring v6.1.12
2026-07-13 16:11:30.133 [main] INFO  o.m.b.a.ChampionBuildControllerTest [requestId=] [path=] - No active profile set, falling back to 1 default profile: "default"
2026-07-13 16:11:32.172 [main] INFO  o.s.b.a.w.s.WelcomePageHandlerMapping [requestId=] [path=] - Adding welcome page: class path resource [static/index.html]
2026-07-13 16:11:32.933 [main] DEBUG o.m.a.s.AppSessionAuthenticationFilter [requestId=] [path=] - Filter 'appSessionAuthenticationFilter' configured for use
2026-07-13 16:11:32.933 [main] DEBUG o.main.config.RequestLoggingFilter [requestId=] [path=] - Filter 'requestLoggingFilter' configured for use
2026-07-13 16:11:32.941 [main] INFO  o.s.b.t.m.w.SpringBootMockServletContext [requestId=] [path=] - Initializing Spring TestDispatcherServlet ''
2026-07-13 16:11:32.942 [main] INFO  o.s.t.w.s.TestDispatcherServlet [requestId=] [path=] - Initializing Servlet ''
2026-07-13 16:11:32.944 [main] INFO  o.s.t.w.s.TestDispatcherServlet [requestId=] [path=] - Completed initialization in 2 ms
2026-07-13 16:11:32.981 [main] INFO  o.m.b.a.ChampionBuildControllerTest [requestId=] [path=] - Started ChampionBuildControllerTest in 3.505 seconds (process running for 7.205)
2026-07-13 16:11:33.324 [main] WARN  o.m.handler.GlobalExceptionHandler [requestId=363d79cf-7181-4f7e-9a21-756495224f2f] [path=/api/champions/22/builds] - Handled exception: errorId=c3094d27-a9da-43aa-9537-046568428cb7, code=BAD_REQUEST, path=/api/champions/22/builds, context={requestId=363d79cf-7181-4f7e-9a21-756495224f2f, method=GET}, message=Failed to convert value of type 'java.lang.String' to required type 'org.main.builds.model.BuildRole'; Failed to convert from type [java.lang.String] to type [@org.springframework.web.bind.annotation.RequestParam org.main.builds.model.BuildRole] for value [INVALID]
2026-07-13 16:11:33.349 [main] WARN  o.m.handler.GlobalExceptionHandler [requestId=03badcf7-772f-4660-bd70-1bcf5a40c61b] [path=/api/champions/999/builds/options] - Handled exception: errorId=4bf24700-9139-4948-9300-6f4f73817b91, code=NOT_FOUND, path=/api/champions/999/builds/options, context={requestId=03badcf7-772f-4660-bd70-1bcf5a40c61b, method=GET}, message=Champion not found: 999
2026-07-13 17:15:04.590 [background-preinit] INFO  o.h.validator.internal.util.Version [requestId=] [path=] - HV000001: Hibernate Validator 8.0.1.Final
2026-07-13 17:15:04.636 [main] INFO  o.m.a.s.SecurityConfigWebMvcTest [requestId=] [path=] - Starting SecurityConfigWebMvcTest using Java 23.0.2 with PID 27008 (started by egors in D:\Games\RiotApiPractice)
2026-07-13 17:15:04.636 [main] DEBUG o.m.a.s.SecurityConfigWebMvcTest [requestId=] [path=] - Running with Spring Boot v3.3.3, Spring v6.1.12
2026-07-13 17:15:04.637 [main] INFO  o.m.a.s.SecurityConfigWebMvcTest [requestId=] [path=] - No active profile set, falling back to 1 default profile: "default"
2026-07-13 17:15:06.259 [main] INFO  o.s.b.a.w.s.WelcomePageHandlerMapping [requestId=] [path=] - Adding welcome page: class path resource [static/index.html]
2026-07-13 17:15:06.848 [main] DEBUG o.m.a.s.AppSessionAuthenticationFilter [requestId=] [path=] - Filter 'appSessionAuthenticationFilter' configured for use
2026-07-13 17:15:06.848 [main] DEBUG o.main.config.RequestLoggingFilter [requestId=] [path=] - Filter 'requestLoggingFilter' configured for use
2026-07-13 17:15:06.853 [main] INFO  o.s.b.t.m.w.SpringBootMockServletContext [requestId=] [path=] - Initializing Spring TestDispatcherServlet ''
2026-07-13 17:15:06.853 [main] INFO  o.s.t.w.s.TestDispatcherServlet [requestId=] [path=] - Initializing Servlet ''
2026-07-13 17:15:06.855 [main] INFO  o.s.t.w.s.TestDispatcherServlet [requestId=] [path=] - Completed initialization in 2 ms
2026-07-13 17:15:06.886 [main] INFO  o.m.a.s.SecurityConfigWebMvcTest [requestId=] [path=] - Started SecurityConfigWebMvcTest in 2.919 seconds (process running for 6.83)
2026-07-13 17:15:11.392 [main] INFO  o.s.t.c.s.AnnotationConfigContextLoaderUtils [requestId=] [path=] - Could not detect default configuration classes for test class [org.main.account.web.AuthControllerWebMvcTest]: AuthControllerWebMvcTest does not declare any static, non-private, non-final, nested classes annotated with @Configuration.
2026-07-13 17:15:11.421 [main] INFO  o.s.b.t.c.SpringBootTestContextBootstrapper [requestId=] [path=] - Found @SpringBootConfiguration org.main.RiotPractice for test class org.main.account.web.AuthControllerWebMvcTest
2026-07-13 17:15:11.425 [main] INFO  o.s.b.d.r.RestartApplicationListener [requestId=] [path=] - Restart disabled due to context in which it is running
2026-07-13 17:15:11.450 [main] INFO  o.m.a.web.AuthControllerWebMvcTest [requestId=] [path=] - Starting AuthControllerWebMvcTest using Java 23.0.2 with PID 27008 (started by egors in D:\Games\RiotApiPractice)
2026-07-13 17:15:11.450 [main] DEBUG o.m.a.web.AuthControllerWebMvcTest [requestId=] [path=] - Running with Spring Boot v3.3.3, Spring v6.1.12
2026-07-13 17:15:11.450 [main] INFO  o.m.a.web.AuthControllerWebMvcTest [requestId=] [path=] - No active profile set, falling back to 1 default profile: "default"
2026-07-13 17:15:11.858 [main] INFO  o.s.b.a.w.s.WelcomePageHandlerMapping [requestId=] [path=] - Adding welcome page: class path resource [static/index.html]
2026-07-13 17:15:12.004 [main] DEBUG o.m.a.s.AppSessionAuthenticationFilter [requestId=] [path=] - Filter 'appSessionAuthenticationFilter' configured for use
2026-07-13 17:15:12.005 [main] DEBUG o.main.config.RequestLoggingFilter [requestId=] [path=] - Filter 'requestLoggingFilter' configured for use
2026-07-13 17:15:12.005 [main] INFO  o.s.b.t.m.w.SpringBootMockServletContext [requestId=] [path=] - Initializing Spring TestDispatcherServlet ''
2026-07-13 17:15:12.005 [main] INFO  o.s.t.w.s.TestDispatcherServlet [requestId=] [path=] - Initializing Servlet ''
2026-07-13 17:15:12.006 [main] INFO  o.s.t.w.s.TestDispatcherServlet [requestId=] [path=] - Completed initialization in 1 ms
2026-07-13 17:15:12.016 [main] INFO  o.m.a.web.AuthControllerWebMvcTest [requestId=] [path=] - Started AuthControllerWebMvcTest in 0.591 seconds (process running for 11.961)
2026-07-13 17:15:12.336 [main] WARN  o.m.handler.GlobalExceptionHandler [requestId=3f2c4c6c-5d5f-457e-a144-12324817b57e] [path=/api/auth/register] - Handled exception: errorId=fc71ece7-fa4d-46bb-9a7c-45092996b134, code=VALIDATION_ERROR, path=/api/auth/register, context={requestId=3f2c4c6c-5d5f-457e-a144-12324817b57e, method=POST}, message=Validation failed for argument [0] in public org.springframework.http.ResponseEntity<java.lang.Void> org.main.account.web.AuthController.register(org.main.account.dto.RegisterRequest,jakarta.servlet.http.HttpServletRequest) with 3 errors: [Field error in object 'registerRequest' on field 'email': rejected value [not-an-email]; codes [Email.registerRequest.email,Email.email,Email.java.lang.String,Email]; arguments [org.springframework.context.support.DefaultMessageSourceResolvable: codes [registerRequest.email,email]; arguments []; default message [email],[Ljakarta.validation.constraints.Pattern$Flag;@63236968,.*]; default message [must be a well-formed email address]] [Field error in object 'registerRequest' on field 'password': rejected value [short]; codes [Size.registerRequest.password,Size.password,Size.java.lang.String,Size]; arguments [org.springframework.context.support.DefaultMessageSourceResolvable: codes [registerRequest.password,password]; arguments []; default message [password],128,12]; default message [size must be between 12 and 128]] [Field error in object 'registerRequest' on field 'displayName': rejected value []; codes [NotBlank.registerRequest.displayName,NotBlank.displayName,NotBlank.java.lang.String,NotBlank]; arguments [org.springframework.context.support.DefaultMessageSourceResolvable: codes [registerRequest.displayName,displayName]; arguments []; default message [displayName]]; default message [must not be blank]] 
2026-07-13 17:15:12.369 [main] INFO  o.s.t.c.s.AnnotationConfigContextLoaderUtils [requestId=] [path=] - Could not detect default configuration classes for test class [org.main.account.web.SavedProfileControllerWebMvcTest]: SavedProfileControllerWebMvcTest does not declare any static, non-private, non-final, nested classes annotated with @Configuration.
2026-07-13 17:15:12.385 [main] INFO  o.s.b.t.c.SpringBootTestContextBootstrapper [requestId=] [path=] - Found @SpringBootConfiguration org.main.RiotPractice for test class org.main.account.web.SavedProfileControllerWebMvcTest
2026-07-13 17:15:12.391 [main] INFO  o.s.b.d.r.RestartApplicationListener [requestId=] [path=] - Restart disabled due to context in which it is running
2026-07-13 17:15:12.421 [main] INFO  o.m.a.w.SavedProfileControllerWebMvcTest [requestId=] [path=] - Starting SavedProfileControllerWebMvcTest using Java 23.0.2 with PID 27008 (started by egors in D:\Games\RiotApiPractice)
2026-07-13 17:15:12.422 [main] DEBUG o.m.a.w.SavedProfileControllerWebMvcTest [requestId=] [path=] - Running with Spring Boot v3.3.3, Spring v6.1.12
2026-07-13 17:15:12.422 [main] INFO  o.m.a.w.SavedProfileControllerWebMvcTest [requestId=] [path=] - No active profile set, falling back to 1 default profile: "default"
2026-07-13 17:15:12.726 [main] INFO  o.s.b.a.w.s.WelcomePageHandlerMapping [requestId=] [path=] - Adding welcome page: class path resource [static/index.html]
2026-07-13 17:15:12.822 [main] DEBUG o.m.a.s.AppSessionAuthenticationFilter [requestId=] [path=] - Filter 'appSessionAuthenticationFilter' configured for use
2026-07-13 17:15:12.822 [main] DEBUG o.main.config.RequestLoggingFilter [requestId=] [path=] - Filter 'requestLoggingFilter' configured for use
2026-07-13 17:15:12.822 [main] INFO  o.s.b.t.m.w.SpringBootMockServletContext [requestId=] [path=] - Initializing Spring TestDispatcherServlet ''
2026-07-13 17:15:12.822 [main] INFO  o.s.t.w.s.TestDispatcherServlet [requestId=] [path=] - Initializing Servlet ''
2026-07-13 17:15:12.823 [main] INFO  o.s.t.w.s.TestDispatcherServlet [requestId=] [path=] - Completed initialization in 1 ms
2026-07-13 17:15:12.829 [main] INFO  o.m.a.w.SavedProfileControllerWebMvcTest [requestId=] [path=] - Started SavedProfileControllerWebMvcTest in 0.439 seconds (process running for 12.774)
2026-07-13 17:15:12.861 [main] WARN  o.m.handler.GlobalExceptionHandler [requestId=fc3802e5-4b17-4b7a-b4b7-ef40c8790be9] [path=/api/account/saved-profiles/ab438de5-4983-4182-9e67-ae52187cd38e] - Handled exception: errorId=44103457-eb73-4abd-9b73-ea8d9ec86003, code=NOT_FOUND, path=/api/account/saved-profiles/ab438de5-4983-4182-9e67-ae52187cd38e, context={requestId=fc3802e5-4b17-4b7a-b4b7-ef40c8790be9, method=PATCH}, message=Saved profile not found
2026-07-13 17:15:13.454 [main] INFO  o.s.t.c.s.AnnotationConfigContextLoaderUtils [requestId=] [path=] - Could not detect default configuration classes for test class [org.main.builds.api.ChampionBuildControllerTest]: ChampionBuildControllerTest does not declare any static, non-private, non-final, nested classes annotated with @Configuration.
2026-07-13 17:15:13.493 [main] INFO  o.s.b.t.c.SpringBootTestContextBootstrapper [requestId=] [path=] - Found @SpringBootConfiguration org.main.RiotPractice for test class org.main.builds.api.ChampionBuildControllerTest
2026-07-13 17:15:13.497 [main] INFO  o.s.b.d.r.RestartApplicationListener [requestId=] [path=] - Restart disabled due to context in which it is running
2026-07-13 17:15:13.522 [main] INFO  o.m.b.a.ChampionBuildControllerTest [requestId=] [path=] - Starting ChampionBuildControllerTest using Java 23.0.2 with PID 27008 (started by egors in D:\Games\RiotApiPractice)
2026-07-13 17:15:13.522 [main] DEBUG o.m.b.a.ChampionBuildControllerTest [requestId=] [path=] - Running with Spring Boot v3.3.3, Spring v6.1.12
2026-07-13 17:15:13.523 [main] INFO  o.m.b.a.ChampionBuildControllerTest [requestId=] [path=] - No active profile set, falling back to 1 default profile: "default"
2026-07-13 17:15:13.858 [main] INFO  o.s.b.a.w.s.WelcomePageHandlerMapping [requestId=] [path=] - Adding welcome page: class path resource [static/index.html]
2026-07-13 17:15:13.940 [main] DEBUG o.m.a.s.AppSessionAuthenticationFilter [requestId=] [path=] - Filter 'appSessionAuthenticationFilter' configured for use
2026-07-13 17:15:13.940 [main] DEBUG o.main.config.RequestLoggingFilter [requestId=] [path=] - Filter 'requestLoggingFilter' configured for use
2026-07-13 17:15:13.940 [main] INFO  o.s.b.t.m.w.SpringBootMockServletContext [requestId=] [path=] - Initializing Spring TestDispatcherServlet ''
2026-07-13 17:15:13.940 [main] INFO  o.s.t.w.s.TestDispatcherServlet [requestId=] [path=] - Initializing Servlet ''
2026-07-13 17:15:13.941 [main] INFO  o.s.t.w.s.TestDispatcherServlet [requestId=] [path=] - Completed initialization in 1 ms
2026-07-13 17:15:13.947 [main] INFO  o.m.b.a.ChampionBuildControllerTest [requestId=] [path=] - Started ChampionBuildControllerTest in 0.449 seconds (process running for 13.891)
2026-07-13 17:15:14.015 [main] WARN  o.m.handler.GlobalExceptionHandler [requestId=8792a273-0356-4082-95c4-e430bf5ebd59] [path=/api/champions/22/builds] - Handled exception: errorId=072edd2b-c774-4a8e-99a0-b645d4383d2a, code=BAD_REQUEST, path=/api/champions/22/builds, context={requestId=8792a273-0356-4082-95c4-e430bf5ebd59, method=GET}, message=Failed to convert value of type 'java.lang.String' to required type 'org.main.builds.model.BuildRole'; Failed to convert from type [java.lang.String] to type [@org.springframework.web.bind.annotation.RequestParam org.main.builds.model.BuildRole] for value [INVALID]
2026-07-13 17:15:14.028 [main] WARN  o.m.handler.GlobalExceptionHandler [requestId=9909fe8f-dd1c-499b-bb1c-3abbfe6309d0] [path=/api/champions/999/builds/options] - Handled exception: errorId=48362999-dade-4426-bf40-21b6378e2330, code=NOT_FOUND, path=/api/champions/999/builds/options, context={requestId=9909fe8f-dd1c-499b-bb1c-3abbfe6309d0, method=GET}, message=Champion not found: 999
2026-07-13 17:15:14.525 [main] INFO  o.s.t.c.s.AnnotationConfigContextLoaderUtils [requestId=] [path=] - Could not detect default configuration classes for test class [org.main.controller.CrawlerControllerWebMvcTest]: CrawlerControllerWebMvcTest does not declare any static, non-private, non-final, nested classes annotated with @Configuration.
2026-07-13 17:15:14.553 [main] INFO  o.s.b.t.c.SpringBootTestContextBootstrapper [requestId=] [path=] - Found @SpringBootConfiguration org.main.RiotPractice for test class org.main.controller.CrawlerControllerWebMvcTest
2026-07-13 17:15:14.557 [main] INFO  o.s.b.d.r.RestartApplicationListener [requestId=] [path=] - Restart disabled due to context in which it is running
2026-07-13 17:15:14.583 [main] INFO  o.m.c.CrawlerControllerWebMvcTest [requestId=] [path=] - Starting CrawlerControllerWebMvcTest using Java 23.0.2 with PID 27008 (started by egors in D:\Games\RiotApiPractice)
2026-07-13 17:15:14.583 [main] DEBUG o.m.c.CrawlerControllerWebMvcTest [requestId=] [path=] - Running with Spring Boot v3.3.3, Spring v6.1.12
2026-07-13 17:15:14.583 [main] INFO  o.m.c.CrawlerControllerWebMvcTest [requestId=] [path=] - No active profile set, falling back to 1 default profile: "default"
2026-07-13 17:15:14.937 [main] INFO  o.s.b.a.w.s.WelcomePageHandlerMapping [requestId=] [path=] - Adding welcome page: class path resource [static/index.html]
2026-07-13 17:15:15.018 [main] DEBUG o.m.a.s.AppSessionAuthenticationFilter [requestId=] [path=] - Filter 'appSessionAuthenticationFilter' configured for use
2026-07-13 17:15:15.018 [main] DEBUG o.main.config.RequestLoggingFilter [requestId=] [path=] - Filter 'requestLoggingFilter' configured for use
2026-07-13 17:15:15.018 [main] INFO  o.s.b.t.m.w.SpringBootMockServletContext [requestId=] [path=] - Initializing Spring TestDispatcherServlet ''
2026-07-13 17:15:15.018 [main] INFO  o.s.t.w.s.TestDispatcherServlet [requestId=] [path=] - Initializing Servlet ''
2026-07-13 17:15:15.019 [main] INFO  o.s.t.w.s.TestDispatcherServlet [requestId=] [path=] - Completed initialization in 1 ms
2026-07-13 17:15:15.026 [main] INFO  o.m.c.CrawlerControllerWebMvcTest [requestId=] [path=] - Started CrawlerControllerWebMvcTest in 0.468 seconds (process running for 14.97)
2026-07-13 17:15:15.080 [main] INFO  o.main.controller.CrawlerController [requestId=87825f19-fdab-4dd0-92f1-07830ec662be] [path=/api/crawl/euw/puuid/p] - Received crawlByPuuid request: puuid='p', limit=7
2026-07-13 17:15:15.081 [main] INFO  o.main.controller.CrawlerController [requestId=87825f19-fdab-4dd0-92f1-07830ec662be] [path=/api/crawl/euw/puuid/p] - crawlByPuuid completed: puuid='null', requestedLimit=0, savedNewMatches=0
2026-07-13 17:15:15.094 [main] INFO  o.main.controller.CrawlerController [requestId=6602c33f-d84a-419b-8216-f7615efc607f] [path=/api/crawl/euw/puuid/p] - Received crawlByPuuid request: puuid='p', limit=20
2026-07-13 17:15:15.095 [main] INFO  o.main.controller.CrawlerController [requestId=6602c33f-d84a-419b-8216-f7615efc607f] [path=/api/crawl/euw/puuid/p] - crawlByPuuid completed: puuid='null', requestedLimit=0, savedNewMatches=0
2026-07-13 17:15:15.104 [main] INFO  o.s.t.c.s.AnnotationConfigContextLoaderUtils [requestId=] [path=] - Could not detect default configuration classes for test class [org.main.controller.frontend.PlayerDashboardControllerWebMvcTest]: PlayerDashboardControllerWebMvcTest does not declare any static, non-private, non-final, nested classes annotated with @Configuration.
2026-07-13 17:15:15.124 [main] INFO  o.s.b.t.c.SpringBootTestContextBootstrapper [requestId=] [path=] - Found @SpringBootConfiguration org.main.RiotPractice for test class org.main.controller.frontend.PlayerDashboardControllerWebMvcTest
2026-07-13 17:15:15.128 [main] INFO  o.s.b.d.r.RestartApplicationListener [requestId=] [path=] - Restart disabled due to context in which it is running
2026-07-13 17:15:15.152 [main] INFO  o.m.c.f.PlayerDashboardControllerWebMvcTest [requestId=] [path=] - Starting PlayerDashboardControllerWebMvcTest using Java 23.0.2 with PID 27008 (started by egors in D:\Games\RiotApiPractice)
2026-07-13 17:15:15.152 [main] DEBUG o.m.c.f.PlayerDashboardControllerWebMvcTest [requestId=] [path=] - Running with Spring Boot v3.3.3, Spring v6.1.12
2026-07-13 17:15:15.152 [main] INFO  o.m.c.f.PlayerDashboardControllerWebMvcTest [requestId=] [path=] - No active profile set, falling back to 1 default profile: "default"
2026-07-13 17:15:15.743 [main] INFO  o.s.b.a.w.s.WelcomePageHandlerMapping [requestId=] [path=] - Adding welcome page: class path resource [static/index.html]
2026-07-13 17:15:15.816 [main] DEBUG o.m.a.s.AppSessionAuthenticationFilter [requestId=] [path=] - Filter 'appSessionAuthenticationFilter' configured for use
2026-07-13 17:15:15.816 [main] DEBUG o.main.config.RequestLoggingFilter [requestId=] [path=] - Filter 'requestLoggingFilter' configured for use
2026-07-13 17:15:15.816 [main] INFO  o.s.b.t.m.w.SpringBootMockServletContext [requestId=] [path=] - Initializing Spring TestDispatcherServlet ''
2026-07-13 17:15:15.816 [main] INFO  o.s.t.w.s.TestDispatcherServlet [requestId=] [path=] - Initializing Servlet ''
2026-07-13 17:15:15.817 [main] INFO  o.s.t.w.s.TestDispatcherServlet [requestId=] [path=] - Completed initialization in 1 ms
2026-07-13 17:15:15.824 [main] INFO  o.m.c.f.PlayerDashboardControllerWebMvcTest [requestId=] [path=] - Started PlayerDashboardControllerWebMvcTest in 0.697 seconds (process running for 15.768)
2026-07-13 17:15:15.932 [main] ERROR o.m.handler.GlobalExceptionHandler [requestId=] [path=] - Handled exception: errorId=cda5473a-c102-444e-a01f-6fb5de40384d, code=INTERNAL_ERROR, path=/api/auth/register, context={requestId=null, method=POST}
java.lang.Exception: failure
	at org.main.handler.GlobalExceptionHandlerTest.handlesRequestsWithoutQueryString(GlobalExceptionHandlerTest.java:22)
	at java.base/jdk.internal.reflect.DirectMethodHandleAccessor.invoke(DirectMethodHandleAccessor.java:103)
	at java.base/java.lang.reflect.Method.invoke(Method.java:580)
	at org.junit.platform.commons.util.ReflectionUtils.invokeMethod(ReflectionUtils.java:728)
	at org.junit.jupiter.engine.execution.MethodInvocation.proceed(MethodInvocation.java:60)
	at org.junit.jupiter.engine.execution.InvocationInterceptorChain$ValidatingInvocation.proceed(InvocationInterceptorChain.java:131)
	at org.junit.jupiter.engine.extension.TimeoutExtension.intercept(TimeoutExtension.java:156)
	at org.junit.jupiter.engine.extension.TimeoutExtension.interceptTestableMethod(TimeoutExtension.java:147)
	at org.junit.jupiter.engine.extension.TimeoutExtension.interceptTestMethod(TimeoutExtension.java:86)
	at org.junit.jupiter.engine.execution.InterceptingExecutableInvoker$ReflectiveInterceptorCall.lambda$ofVoidMethod$0(InterceptingExecutableInvoker.java:103)
	at org.junit.jupiter.engine.execution.InterceptingExecutableInvoker.lambda$invoke$0(InterceptingExecutableInvoker.java:93)
	at org.junit.jupiter.engine.execution.InvocationInterceptorChain$InterceptedInvocation.proceed(InvocationInterceptorChain.java:106)
	at org.junit.jupiter.engine.execution.InvocationInterceptorChain.proceed(InvocationInterceptorChain.java:64)
	at org.junit.jupiter.engine.execution.InvocationInterceptorChain.chainAndInvoke(InvocationInterceptorChain.java:45)
	at org.junit.jupiter.engine.execution.InvocationInterceptorChain.invoke(InvocationInterceptorChain.java:37)
	at org.junit.jupiter.engine.execution.InterceptingExecutableInvoker.invoke(InterceptingExecutableInvoker.java:92)
	at org.junit.jupiter.engine.execution.InterceptingExecutableInvoker.invoke(InterceptingExecutableInvoker.java:86)
	at org.junit.jupiter.engine.descriptor.TestMethodTestDescriptor.lambda$invokeTestMethod$7(TestMethodTestDescriptor.java:218)
	at org.junit.platform.engine.support.hierarchical.ThrowableCollector.execute(ThrowableCollector.java:73)
	at org.junit.jupiter.engine.descriptor.TestMethodTestDescriptor.invokeTestMethod(TestMethodTestDescriptor.java:214)
	at org.junit.jupiter.engine.descriptor.TestMethodTestDescriptor.execute(TestMethodTestDescriptor.java:139)
	at org.junit.jupiter.engine.descriptor.TestMethodTestDescriptor.execute(TestMethodTestDescriptor.java:69)
	at org.junit.platform.engine.support.hierarchical.NodeTestTask.lambda$executeRecursively$6(NodeTestTask.java:151)
	at org.junit.platform.engine.support.hierarchical.ThrowableCollector.execute(ThrowableCollector.java:73)
	at org.junit.platform.engine.support.hierarchical.NodeTestTask.lambda$executeRecursively$8(NodeTestTask.java:141)
	at org.junit.platform.engine.support.hierarchical.Node.around(Node.java:137)
	at org.junit.platform.engine.support.hierarchical.NodeTestTask.lambda$executeRecursively$9(NodeTestTask.java:139)
	at org.junit.platform.engine.support.hierarchical.ThrowableCollector.execute(ThrowableCollector.java:73)
	at org.junit.platform.engine.support.hierarchical.NodeTestTask.executeRecursively(NodeTestTask.java:138)
	at org.junit.platform.engine.support.hierarchical.NodeTestTask.execute(NodeTestTask.java:95)
	at java.base/java.util.ArrayList.forEach(ArrayList.java:1597)
	at org.junit.platform.engine.support.hierarchical.SameThreadHierarchicalTestExecutorService.invokeAll(SameThreadHierarchicalTestExecutorService.java:41)
	at org.junit.platform.engine.support.hierarchical.NodeTestTask.lambda$executeRecursively$6(NodeTestTask.java:155)
	at org.junit.platform.engine.support.hierarchical.ThrowableCollector.execute(ThrowableCollector.java:73)
	at org.junit.platform.engine.support.hierarchical.NodeTestTask.lambda$executeRecursively$8(NodeTestTask.java:141)
	at org.junit.platform.engine.support.hierarchical.Node.around(Node.java:137)
	at org.junit.platform.engine.support.hierarchical.NodeTestTask.lambda$executeRecursively$9(NodeTestTask.java:139)
	at org.junit.platform.engine.support.hierarchical.ThrowableCollector.execute(ThrowableCollector.java:73)
	at org.junit.platform.engine.support.hierarchical.NodeTestTask.executeRecursively(NodeTestTask.java:138)
	at org.junit.platform.engine.support.hierarchical.NodeTestTask.execute(NodeTestTask.java:95)
	at java.base/java.util.ArrayList.forEach(ArrayList.java:1597)
	at org.junit.platform.engine.support.hierarchical.SameThreadHierarchicalTestExecutorService.invokeAll(SameThreadHierarchicalTestExecutorService.java:41)
	at org.junit.platform.engine.support.hierarchical.NodeTestTask.lambda$executeRecursively$6(NodeTestTask.java:155)
	at org.junit.platform.engine.support.hierarchical.ThrowableCollector.execute(ThrowableCollector.java:73)
	at org.junit.platform.engine.support.hierarchical.NodeTestTask.lambda$executeRecursively$8(NodeTestTask.java:141)
	at org.junit.platform.engine.support.hierarchical.Node.around(Node.java:137)
	at org.junit.platform.engine.support.hierarchical.NodeTestTask.lambda$executeRecursively$9(NodeTestTask.java:139)
	at org.junit.platform.engine.support.hierarchical.ThrowableCollector.execute(ThrowableCollector.java:73)
	at org.junit.platform.engine.support.hierarchical.NodeTestTask.executeRecursively(NodeTestTask.java:138)
	at org.junit.platform.engine.support.hierarchical.NodeTestTask.execute(NodeTestTask.java:95)
	at org.junit.platform.engine.support.hierarchical.SameThreadHierarchicalTestExecutorService.submit(SameThreadHierarchicalTestExecutorService.java:35)
	at org.junit.platform.engine.support.hierarchical.HierarchicalTestExecutor.execute(HierarchicalTestExecutor.java:57)
	at org.junit.platform.engine.support.hierarchical.HierarchicalTestEngine.execute(HierarchicalTestEngine.java:54)
	at org.junit.platform.launcher.core.EngineExecutionOrchestrator.execute(EngineExecutionOrchestrator.java:198)
	at org.junit.platform.launcher.core.EngineExecutionOrchestrator.execute(EngineExecutionOrchestrator.java:169)
	at org.junit.platform.launcher.core.EngineExecutionOrchestrator.execute(EngineExecutionOrchestrator.java:93)
	at org.junit.platform.launcher.core.EngineExecutionOrchestrator.lambda$execute$0(EngineExecutionOrchestrator.java:58)
	at org.junit.platform.launcher.core.EngineExecutionOrchestrator.withInterceptedStreams(EngineExecutionOrchestrator.java:141)
	at org.junit.platform.launcher.core.EngineExecutionOrchestrator.execute(EngineExecutionOrchestrator.java:57)
	at org.junit.platform.launcher.core.DefaultLauncher.execute(DefaultLauncher.java:103)
	at org.junit.platform.launcher.core.DefaultLauncher.execute(DefaultLauncher.java:85)
	at org.junit.platform.launcher.core.DelegatingLauncher.execute(DelegatingLauncher.java:47)
	at org.apache.maven.surefire.junitplatform.LazyLauncher.execute(LazyLauncher.java:56)
	at org.apache.maven.surefire.junitplatform.JUnitPlatformProvider.execute(JUnitPlatformProvider.java:184)
	at org.apache.maven.surefire.junitplatform.JUnitPlatformProvider.invokeAllTests(JUnitPlatformProvider.java:148)
	at org.apache.maven.surefire.junitplatform.JUnitPlatformProvider.invoke(JUnitPlatformProvider.java:122)
	at org.apache.maven.surefire.booter.ForkedBooter.runSuitesInProcess(ForkedBooter.java:385)
	at org.apache.maven.surefire.booter.ForkedBooter.execute(ForkedBooter.java:162)
	at org.apache.maven.surefire.booter.ForkedBooter.run(ForkedBooter.java:507)
	at org.apache.maven.surefire.booter.ForkedBooter.main(ForkedBooter.java:495)
2026-07-13 17:15:15.956 [main] INFO  o.s.t.c.s.AnnotationConfigContextLoaderUtils [requestId=] [path=] - Could not detect default configuration classes for test class [org.main.refresh.PlayerRefreshControllerWebMvcTest]: PlayerRefreshControllerWebMvcTest does not declare any static, non-private, non-final, nested classes annotated with @Configuration.
2026-07-13 17:15:15.977 [main] INFO  o.s.b.t.c.SpringBootTestContextBootstrapper [requestId=] [path=] - Found @SpringBootConfiguration org.main.RiotPractice for test class org.main.refresh.PlayerRefreshControllerWebMvcTest
2026-07-13 17:15:15.981 [main] INFO  o.s.b.d.r.RestartApplicationListener [requestId=] [path=] - Restart disabled due to context in which it is running
2026-07-13 17:15:15.999 [main] INFO  o.m.r.PlayerRefreshControllerWebMvcTest [requestId=] [path=] - Starting PlayerRefreshControllerWebMvcTest using Java 23.0.2 with PID 27008 (started by egors in D:\Games\RiotApiPractice)
2026-07-13 17:15:15.999 [main] DEBUG o.m.r.PlayerRefreshControllerWebMvcTest [requestId=] [path=] - Running with Spring Boot v3.3.3, Spring v6.1.12
2026-07-13 17:15:15.999 [main] INFO  o.m.r.PlayerRefreshControllerWebMvcTest [requestId=] [path=] - No active profile set, falling back to 1 default profile: "default"
2026-07-13 17:15:16.223 [main] INFO  o.s.b.a.w.s.WelcomePageHandlerMapping [requestId=] [path=] - Adding welcome page: class path resource [static/index.html]
2026-07-13 17:15:16.284 [main] DEBUG o.m.a.s.AppSessionAuthenticationFilter [requestId=] [path=] - Filter 'appSessionAuthenticationFilter' configured for use
2026-07-13 17:15:16.284 [main] DEBUG o.main.config.RequestLoggingFilter [requestId=] [path=] - Filter 'requestLoggingFilter' configured for use
2026-07-13 17:15:16.285 [main] INFO  o.s.b.t.m.w.SpringBootMockServletContext [requestId=] [path=] - Initializing Spring TestDispatcherServlet ''
2026-07-13 17:15:16.285 [main] INFO  o.s.t.w.s.TestDispatcherServlet [requestId=] [path=] - Initializing Servlet ''
2026-07-13 17:15:16.285 [main] INFO  o.s.t.w.s.TestDispatcherServlet [requestId=] [path=] - Completed initialization in 0 ms
2026-07-13 17:15:16.290 [main] INFO  o.m.r.PlayerRefreshControllerWebMvcTest [requestId=] [path=] - Started PlayerRefreshControllerWebMvcTest in 0.309 seconds (process running for 16.235)
2026-07-13 17:15:16.936 [main] INFO  org.main.service.CrawlerServiceImpl [requestId=] [path=] - Starting crawlPuuidEUW: puuid='puuid', requestedLimit=25, effectiveLimit=25
2026-07-13 17:15:16.936 [main] DEBUG org.main.service.CrawlerServiceImpl [requestId=] [path=] - Requesting match id page: puuid='puuid', start=0, count=20
2026-07-13 17:15:16.936 [main] DEBUG org.main.service.CrawlerServiceImpl [requestId=] [path=] - Requesting match id page: puuid='puuid', start=20, count=5
2026-07-13 17:15:16.938 [main] INFO  org.main.service.CrawlerServiceImpl [requestId=] [path=] - Saved new match: matchId='m0'
2026-07-13 17:15:16.939 [main] INFO  org.main.service.CrawlerServiceImpl [requestId=] [path=] - Saved new match: matchId='m1'
2026-07-13 17:15:16.939 [main] INFO  org.main.service.CrawlerServiceImpl [requestId=] [path=] - Saved new match: matchId='m2'
2026-07-13 17:15:16.940 [main] INFO  org.main.service.CrawlerServiceImpl [requestId=] [path=] - Saved new match: matchId='m3'
2026-07-13 17:15:16.940 [main] INFO  org.main.service.CrawlerServiceImpl [requestId=] [path=] - Saved new match: matchId='m4'
2026-07-13 17:15:16.941 [main] INFO  org.main.service.CrawlerServiceImpl [requestId=] [path=] - Saved new match: matchId='m5'
2026-07-13 17:15:16.941 [main] INFO  org.main.service.CrawlerServiceImpl [requestId=] [path=] - Saved new match: matchId='m6'
2026-07-13 17:15:16.942 [main] INFO  org.main.service.CrawlerServiceImpl [requestId=] [path=] - Saved new match: matchId='m7'
2026-07-13 17:15:16.942 [main] INFO  org.main.service.CrawlerServiceImpl [requestId=] [path=] - Saved new match: matchId='m8'
2026-07-13 17:15:16.943 [main] INFO  org.main.service.CrawlerServiceImpl [requestId=] [path=] - Saved new match: matchId='m9'
2026-07-13 17:15:16.943 [main] INFO  org.main.service.CrawlerServiceImpl [requestId=] [path=] - Saved new match: matchId='m10'
2026-07-13 17:15:16.944 [main] INFO  org.main.service.CrawlerServiceImpl [requestId=] [path=] - Saved new match: matchId='m11'
2026-07-13 17:15:16.945 [main] INFO  org.main.service.CrawlerServiceImpl [requestId=] [path=] - Saved new match: matchId='m12'
2026-07-13 17:15:16.945 [main] INFO  org.main.service.CrawlerServiceImpl [requestId=] [path=] - Saved new match: matchId='m13'
2026-07-13 17:15:16.946 [main] INFO  org.main.service.CrawlerServiceImpl [requestId=] [path=] - Saved new match: matchId='m14'
2026-07-13 17:15:16.947 [main] INFO  org.main.service.CrawlerServiceImpl [requestId=] [path=] - Saved new match: matchId='m15'
2026-07-13 17:15:16.947 [main] INFO  org.main.service.CrawlerServiceImpl [requestId=] [path=] - Saved new match: matchId='m16'
2026-07-13 17:15:16.948 [main] INFO  org.main.service.CrawlerServiceImpl [requestId=] [path=] - Saved new match: matchId='m17'
2026-07-13 17:15:16.948 [main] INFO  org.main.service.CrawlerServiceImpl [requestId=] [path=] - Saved new match: matchId='m18'
2026-07-13 17:15:16.949 [main] INFO  org.main.service.CrawlerServiceImpl [requestId=] [path=] - Saved new match: matchId='m19'
2026-07-13 17:15:16.949 [main] INFO  org.main.service.CrawlerServiceImpl [requestId=] [path=] - Saved new match: matchId='m20'
2026-07-13 17:15:16.949 [main] INFO  org.main.service.CrawlerServiceImpl [requestId=] [path=] - Saved new match: matchId='m21'
2026-07-13 17:15:16.951 [main] INFO  org.main.service.CrawlerServiceImpl [requestId=] [path=] - Saved new match: matchId='m22'
2026-07-13 17:15:16.951 [main] INFO  org.main.service.CrawlerServiceImpl [requestId=] [path=] - Saved new match: matchId='m23'
2026-07-13 17:15:16.952 [main] INFO  org.main.service.CrawlerServiceImpl [requestId=] [path=] - Saved new match: matchId='m24'
2026-07-13 17:15:16.952 [main] INFO  org.main.service.CrawlerServiceImpl [requestId=] [path=] - crawlPuuidEUW finished: puuid='puuid', requestedLimit=25, fetchedUnique=25, savedNewMatches=25
2026-07-13 17:15:17.003 [main] INFO  org.main.service.CrawlerServiceImpl [requestId=] [path=] - Starting crawlPuuidEUW: puuid='test-puuid', requestedLimit=2, effectiveLimit=2
2026-07-13 17:15:17.003 [main] DEBUG org.main.service.CrawlerServiceImpl [requestId=] [path=] - Requesting match id page: puuid='test-puuid', start=0, count=2
2026-07-13 17:15:17.005 [main] INFO  org.main.service.CrawlerServiceImpl [requestId=] [path=] - Match already exists, checking timeline: matchId='EUW1_123'
2026-07-13 17:15:17.011 [main] INFO  org.main.service.CrawlerServiceImpl [requestId=] [path=] - Saved new match: matchId='EUW1_456'
2026-07-13 17:15:17.011 [main] INFO  org.main.service.CrawlerServiceImpl [requestId=] [path=] - crawlPuuidEUW finished: puuid='test-puuid', requestedLimit=2, fetchedUnique=2, savedNewMatches=1
2026-07-13 17:15:17.023 [main] INFO  org.main.service.CrawlerServiceImpl [requestId=] [path=] - Starting crawlRiotIdEUW: gameName='acoomer', tagLine='EUW', requestedLimit=3
2026-07-13 17:15:17.024 [main] INFO  org.main.service.CrawlerServiceImpl [requestId=] [path=] - Player saved or updated: gameName='acoomer', tagLine='EUW', puuid='resolved-puuid'
2026-07-13 17:15:17.024 [main] DEBUG org.main.service.CrawlerServiceImpl [requestId=] [path=] - Requesting match id page: puuid='resolved-puuid', start=0, count=3
2026-07-13 17:15:17.025 [main] INFO  org.main.service.CrawlerServiceImpl [requestId=] [path=] - Saved new match: matchId='EUW1_1'
2026-07-13 17:15:17.025 [main] INFO  org.main.service.CrawlerServiceImpl [requestId=] [path=] - Saved new match: matchId='EUW1_2'
2026-07-13 17:15:17.026 [main] INFO  org.main.service.CrawlerServiceImpl [requestId=] [path=] - Saved new match: matchId='EUW1_3'
2026-07-13 17:15:17.026 [main] INFO  org.main.service.CrawlerServiceImpl [requestId=] [path=] - crawlRiotIdEUW finished: summoner='acoomer#EUW', puuid='resolved-puuid', savedNewMatches=3
2026-07-13 17:15:17.030 [main] INFO  org.main.service.CrawlerServiceImpl [requestId=] [path=] - Starting crawlPuuidEUW: puuid='test-puuid', requestedLimit=25, effectiveLimit=25
2026-07-13 17:15:17.030 [main] DEBUG org.main.service.CrawlerServiceImpl [requestId=] [path=] - Requesting match id page: puuid='test-puuid', start=0, count=20
2026-07-13 17:15:17.030 [main] DEBUG org.main.service.CrawlerServiceImpl [requestId=] [path=] - Requesting match id page: puuid='test-puuid', start=20, count=5
2026-07-13 17:15:17.031 [main] INFO  org.main.service.CrawlerServiceImpl [requestId=] [path=] - Saved new match: matchId='EUW1_1'
2026-07-13 17:15:17.032 [main] INFO  org.main.service.CrawlerServiceImpl [requestId=] [path=] - Saved new match: matchId='EUW1_2'
2026-07-13 17:15:17.032 [main] INFO  org.main.service.CrawlerServiceImpl [requestId=] [path=] - Saved new match: matchId='EUW1_3'
2026-07-13 17:15:17.033 [main] INFO  org.main.service.CrawlerServiceImpl [requestId=] [path=] - Saved new match: matchId='EUW1_4'
2026-07-13 17:15:17.034 [main] INFO  org.main.service.CrawlerServiceImpl [requestId=] [path=] - Saved new match: matchId='EUW1_5'
2026-07-13 17:15:17.034 [main] INFO  org.main.service.CrawlerServiceImpl [requestId=] [path=] - Saved new match: matchId='EUW1_6'
2026-07-13 17:15:17.036 [main] INFO  org.main.service.CrawlerServiceImpl [requestId=] [path=] - Saved new match: matchId='EUW1_7'
2026-07-13 17:15:17.036 [main] INFO  org.main.service.CrawlerServiceImpl [requestId=] [path=] - Saved new match: matchId='EUW1_8'
2026-07-13 17:15:17.037 [main] INFO  org.main.service.CrawlerServiceImpl [requestId=] [path=] - Saved new match: matchId='EUW1_9'
2026-07-13 17:15:17.038 [main] INFO  org.main.service.CrawlerServiceImpl [requestId=] [path=] - Saved new match: matchId='EUW1_10'
2026-07-13 17:15:17.038 [main] INFO  org.main.service.CrawlerServiceImpl [requestId=] [path=] - Saved new match: matchId='EUW1_11'
2026-07-13 17:15:17.039 [main] INFO  org.main.service.CrawlerServiceImpl [requestId=] [path=] - Saved new match: matchId='EUW1_12'
2026-07-13 17:15:17.040 [main] INFO  org.main.service.CrawlerServiceImpl [requestId=] [path=] - Saved new match: matchId='EUW1_13'
2026-07-13 17:15:17.041 [main] INFO  org.main.service.CrawlerServiceImpl [requestId=] [path=] - Saved new match: matchId='EUW1_14'
2026-07-13 17:15:17.041 [main] INFO  org.main.service.CrawlerServiceImpl [requestId=] [path=] - Saved new match: matchId='EUW1_15'
2026-07-13 17:15:17.042 [main] INFO  org.main.service.CrawlerServiceImpl [requestId=] [path=] - Saved new match: matchId='EUW1_16'
2026-07-13 17:15:17.043 [main] INFO  org.main.service.CrawlerServiceImpl [requestId=] [path=] - Saved new match: matchId='EUW1_17'
2026-07-13 17:15:17.043 [main] INFO  org.main.service.CrawlerServiceImpl [requestId=] [path=] - Saved new match: matchId='EUW1_18'
2026-07-13 17:15:17.043 [main] INFO  org.main.service.CrawlerServiceImpl [requestId=] [path=] - Saved new match: matchId='EUW1_19'
2026-07-13 17:15:17.044 [main] INFO  org.main.service.CrawlerServiceImpl [requestId=] [path=] - Saved new match: matchId='EUW1_20'
2026-07-13 17:15:17.045 [main] INFO  org.main.service.CrawlerServiceImpl [requestId=] [path=] - Saved new match: matchId='EUW1_21'
2026-07-13 17:15:17.045 [main] INFO  org.main.service.CrawlerServiceImpl [requestId=] [path=] - Saved new match: matchId='EUW1_22'
2026-07-13 17:15:17.046 [main] INFO  org.main.service.CrawlerServiceImpl [requestId=] [path=] - Saved new match: matchId='EUW1_23'
2026-07-13 17:15:17.047 [main] INFO  org.main.service.CrawlerServiceImpl [requestId=] [path=] - Saved new match: matchId='EUW1_24'
2026-07-13 17:15:17.047 [main] INFO  org.main.service.CrawlerServiceImpl [requestId=] [path=] - Saved new match: matchId='EUW1_25'
2026-07-13 17:15:17.048 [main] INFO  org.main.service.CrawlerServiceImpl [requestId=] [path=] - crawlPuuidEUW finished: puuid='test-puuid', requestedLimit=25, fetchedUnique=25, savedNewMatches=25
2026-07-13 17:15:17.237 [main] INFO  o.s.b.d.r.RestartApplicationListener [requestId=] [path=] - Restart disabled due to context in which it is running
2026-07-13 17:15:17.269 [main] INFO  o.main.cucumber.CucumberSpringConfig [requestId=] [path=] - Starting CucumberSpringConfig using Java 23.0.2 with PID 27008 (started by egors in D:\Games\RiotApiPractice)
2026-07-13 17:15:17.270 [main] DEBUG o.main.cucumber.CucumberSpringConfig [requestId=] [path=] - Running with Spring Boot v3.3.3, Spring v6.1.12
2026-07-13 17:15:17.270 [main] INFO  o.main.cucumber.CucumberSpringConfig [requestId=] [path=] - No active profile set, falling back to 1 default profile: "default"
2026-07-13 17:15:18.774 [main] INFO  o.main.cucumber.CucumberSpringConfig [requestId=] [path=] - Started CucumberSpringConfig in 1.537 seconds (process running for 18.719)
2026-07-13 17:15:18.862 [main] INFO  org.main.service.CrawlerServiceImpl [requestId=] [path=] - Starting crawlPuuidEUW: puuid='TEST_PUUID', requestedLimit=5, effectiveLimit=5
2026-07-13 17:15:18.862 [main] DEBUG org.main.service.CrawlerServiceImpl [requestId=] [path=] - Requesting match id page: puuid='TEST_PUUID', start=0, count=5
2026-07-13 17:15:18.863 [main] INFO  org.main.service.CrawlerServiceImpl [requestId=] [path=] - Saved new match: matchId='EUW1_0'
2026-07-13 17:15:18.864 [main] INFO  org.main.service.CrawlerServiceImpl [requestId=] [path=] - Saved new match: matchId='EUW1_1'
2026-07-13 17:15:18.865 [main] INFO  org.main.service.CrawlerServiceImpl [requestId=] [path=] - Saved new match: matchId='EUW1_2'
2026-07-13 17:15:18.866 [main] INFO  org.main.service.CrawlerServiceImpl [requestId=] [path=] - Saved new match: matchId='EUW1_3'
2026-07-13 17:15:18.866 [main] INFO  org.main.service.CrawlerServiceImpl [requestId=] [path=] - Saved new match: matchId='EUW1_4'
2026-07-13 17:15:18.867 [main] INFO  org.main.service.CrawlerServiceImpl [requestId=] [path=] - crawlPuuidEUW finished: puuid='TEST_PUUID', requestedLimit=5, fetchedUnique=5, savedNewMatches=5
2026-07-13 17:15:18.890 [main] INFO  org.main.service.CrawlerServiceImpl [requestId=] [path=] - Starting crawlPuuidEUW: puuid='TEST_PUUID', requestedLimit=5, effectiveLimit=5
2026-07-13 17:15:18.890 [main] DEBUG org.main.service.CrawlerServiceImpl [requestId=] [path=] - Requesting match id page: puuid='TEST_PUUID', start=0, count=5
2026-07-13 17:15:18.890 [main] INFO  org.main.service.CrawlerServiceImpl [requestId=] [path=] - No more match ids returned from Riot API: puuid='TEST_PUUID', start=0
2026-07-13 17:15:18.890 [main] INFO  org.main.service.CrawlerServiceImpl [requestId=] [path=] - crawlPuuidEUW finished: puuid='TEST_PUUID', requestedLimit=5, fetchedUnique=0, savedNewMatches=0
2026-07-13 17:15:18.906 [main] INFO  org.main.service.CrawlerServiceImpl [requestId=] [path=] - Starting crawlPuuidEUW: puuid='TEST_PUUID', requestedLimit=5, effectiveLimit=5
2026-07-13 17:15:18.907 [main] DEBUG org.main.service.CrawlerServiceImpl [requestId=] [path=] - Requesting match id page: puuid='TEST_PUUID', start=0, count=5
2026-07-13 17:15:18.907 [main] INFO  org.main.service.CrawlerServiceImpl [requestId=] [path=] - Match already exists, checking timeline: matchId='EUW1_0'
2026-07-13 17:15:18.907 [main] INFO  org.main.service.CrawlerServiceImpl [requestId=] [path=] - Match already exists, checking timeline: matchId='EUW1_1'
2026-07-13 17:15:18.908 [main] INFO  org.main.service.CrawlerServiceImpl [requestId=] [path=] - Match already exists, checking timeline: matchId='EUW1_2'
2026-07-13 17:15:18.908 [main] INFO  org.main.service.CrawlerServiceImpl [requestId=] [path=] - Match already exists, checking timeline: matchId='EUW1_3'
2026-07-13 17:15:18.909 [main] INFO  org.main.service.CrawlerServiceImpl [requestId=] [path=] - Match already exists, checking timeline: matchId='EUW1_4'
2026-07-13 17:15:18.909 [main] INFO  org.main.service.CrawlerServiceImpl [requestId=] [path=] - crawlPuuidEUW finished: puuid='TEST_PUUID', requestedLimit=5, fetchedUnique=5, savedNewMatches=0
2026-07-13 17:15:46.220 [background-preinit] INFO  o.h.validator.internal.util.Version [requestId=] [path=] - HV000001: Hibernate Validator 8.0.1.Final
2026-07-13 17:15:46.281 [main] INFO  org.main.PlayerLoopPublicAccessIT [requestId=] [path=] - Starting PlayerLoopPublicAccessIT using Java 23.0.2 with PID 22444 (started by egors in D:\Games\RiotApiPractice)
2026-07-13 17:15:46.282 [main] DEBUG org.main.PlayerLoopPublicAccessIT [requestId=] [path=] - Running with Spring Boot v3.3.3, Spring v6.1.12
2026-07-13 17:15:46.282 [main] INFO  org.main.PlayerLoopPublicAccessIT [requestId=] [path=] - No active profile set, falling back to 1 default profile: "default"
2026-07-13 17:15:49.014 [main] INFO  o.s.b.a.w.s.WelcomePageHandlerMapping [requestId=] [path=] - Adding welcome page: class path resource [static/index.html]
2026-07-13 17:15:49.583 [main] DEBUG o.m.a.s.AppSessionAuthenticationFilter [requestId=] [path=] - Filter 'appSessionAuthenticationFilter' configured for use
2026-07-13 17:15:49.583 [main] DEBUG o.main.config.RequestLoggingFilter [requestId=] [path=] - Filter 'requestLoggingFilter' configured for use
2026-07-13 17:15:49.589 [main] INFO  o.s.b.t.m.w.SpringBootMockServletContext [requestId=] [path=] - Initializing Spring TestDispatcherServlet ''
2026-07-13 17:15:49.590 [main] INFO  o.s.t.w.s.TestDispatcherServlet [requestId=] [path=] - Initializing Servlet ''
2026-07-13 17:15:49.592 [main] INFO  o.s.t.w.s.TestDispatcherServlet [requestId=] [path=] - Completed initialization in 2 ms
2026-07-13 17:15:49.624 [main] INFO  org.main.PlayerLoopPublicAccessIT [requestId=] [path=] - Started PlayerLoopPublicAccessIT in 4.046 seconds (process running for 16.12)
2026-07-13 17:15:50.007 [main] INFO  o.s.t.c.s.AnnotationConfigContextLoaderUtils [requestId=] [path=] - Could not detect default configuration classes for test class [org.main.refresh.PlayerRefreshConcurrencyIT]: PlayerRefreshConcurrencyIT does not declare any static, non-private, non-final, nested classes annotated with @Configuration.
2026-07-13 17:42:22.786 [background-preinit] INFO  o.h.validator.internal.util.Version [requestId=] [path=] - HV000001: Hibernate Validator 8.0.1.Final
2026-07-13 17:42:22.832 [main] INFO  o.m.a.s.SecurityConfigWebMvcTest [requestId=] [path=] - Starting SecurityConfigWebMvcTest using Java 23.0.2 with PID 29840 (started by egors in D:\Games\RiotApiPractice)
2026-07-13 17:42:22.833 [main] DEBUG o.m.a.s.SecurityConfigWebMvcTest [requestId=] [path=] - Running with Spring Boot v3.3.3, Spring v6.1.12
2026-07-13 17:42:22.833 [main] INFO  o.m.a.s.SecurityConfigWebMvcTest [requestId=] [path=] - No active profile set, falling back to 1 default profile: "default"
2026-07-13 17:42:24.339 [main] INFO  o.s.b.a.w.s.WelcomePageHandlerMapping [requestId=] [path=] - Adding welcome page: class path resource [static/index.html]
2026-07-13 17:42:24.883 [main] DEBUG o.m.a.s.AppSessionAuthenticationFilter [requestId=] [path=] - Filter 'appSessionAuthenticationFilter' configured for use
2026-07-13 17:42:24.883 [main] DEBUG o.main.config.RequestLoggingFilter [requestId=] [path=] - Filter 'requestLoggingFilter' configured for use
2026-07-13 17:42:24.888 [main] INFO  o.s.b.t.m.w.SpringBootMockServletContext [requestId=] [path=] - Initializing Spring TestDispatcherServlet ''
2026-07-13 17:42:24.888 [main] INFO  o.s.t.w.s.TestDispatcherServlet [requestId=] [path=] - Initializing Servlet ''
2026-07-13 17:42:24.890 [main] INFO  o.s.t.w.s.TestDispatcherServlet [requestId=] [path=] - Completed initialization in 2 ms
2026-07-13 17:42:24.915 [main] INFO  o.m.a.s.SecurityConfigWebMvcTest [requestId=] [path=] - Started SecurityConfigWebMvcTest in 2.698 seconds (process running for 6.297)
2026-07-13 17:42:29.307 [main] INFO  o.s.t.c.s.AnnotationConfigContextLoaderUtils [requestId=] [path=] - Could not detect default configuration classes for test class [org.main.account.web.AuthControllerWebMvcTest]: AuthControllerWebMvcTest does not declare any static, non-private, non-final, nested classes annotated with @Configuration.
2026-07-13 17:42:29.338 [main] INFO  o.s.b.t.c.SpringBootTestContextBootstrapper [requestId=] [path=] - Found @SpringBootConfiguration org.main.RiotPractice for test class org.main.account.web.AuthControllerWebMvcTest
2026-07-13 17:42:29.343 [main] INFO  o.s.b.d.r.RestartApplicationListener [requestId=] [path=] - Restart disabled due to context in which it is running
2026-07-13 17:42:29.372 [main] INFO  o.m.a.web.AuthControllerWebMvcTest [requestId=] [path=] - Starting AuthControllerWebMvcTest using Java 23.0.2 with PID 29840 (started by egors in D:\Games\RiotApiPractice)
2026-07-13 17:42:29.372 [main] DEBUG o.m.a.web.AuthControllerWebMvcTest [requestId=] [path=] - Running with Spring Boot v3.3.3, Spring v6.1.12
2026-07-13 17:42:29.373 [main] INFO  o.m.a.web.AuthControllerWebMvcTest [requestId=] [path=] - No active profile set, falling back to 1 default profile: "default"
2026-07-13 17:42:29.891 [main] INFO  o.s.b.a.w.s.WelcomePageHandlerMapping [requestId=] [path=] - Adding welcome page: class path resource [static/index.html]
2026-07-13 17:42:30.007 [main] DEBUG o.m.a.s.AppSessionAuthenticationFilter [requestId=] [path=] - Filter 'appSessionAuthenticationFilter' configured for use
2026-07-13 17:42:30.007 [main] DEBUG o.main.config.RequestLoggingFilter [requestId=] [path=] - Filter 'requestLoggingFilter' configured for use
2026-07-13 17:42:30.007 [main] INFO  o.s.b.t.m.w.SpringBootMockServletContext [requestId=] [path=] - Initializing Spring TestDispatcherServlet ''
2026-07-13 17:42:30.007 [main] INFO  o.s.t.w.s.TestDispatcherServlet [requestId=] [path=] - Initializing Servlet ''
2026-07-13 17:42:30.009 [main] INFO  o.s.t.w.s.TestDispatcherServlet [requestId=] [path=] - Completed initialization in 2 ms
2026-07-13 17:42:30.016 [main] INFO  o.m.a.web.AuthControllerWebMvcTest [requestId=] [path=] - Started AuthControllerWebMvcTest in 0.674 seconds (process running for 11.397)
2026-07-13 17:42:30.377 [main] WARN  o.m.handler.GlobalExceptionHandler [requestId=1f7b9966-f594-433d-87e7-da61bc393c07] [path=/api/auth/register] - Handled exception: errorId=79dc15d4-96c5-48c4-bc7a-5e417e62749f, code=VALIDATION_ERROR, path=/api/auth/register, context={requestId=1f7b9966-f594-433d-87e7-da61bc393c07, method=POST}, message=Validation failed for argument [0] in public org.springframework.http.ResponseEntity<java.lang.Void> org.main.account.web.AuthController.register(org.main.account.dto.RegisterRequest,jakarta.servlet.http.HttpServletRequest) with 3 errors: [Field error in object 'registerRequest' on field 'password': rejected value [short]; codes [Size.registerRequest.password,Size.password,Size.java.lang.String,Size]; arguments [org.springframework.context.support.DefaultMessageSourceResolvable: codes [registerRequest.password,password]; arguments []; default message [password],128,12]; default message [size must be between 12 and 128]] [Field error in object 'registerRequest' on field 'email': rejected value [not-an-email]; codes [Email.registerRequest.email,Email.email,Email.java.lang.String,Email]; arguments [org.springframework.context.support.DefaultMessageSourceResolvable: codes [registerRequest.email,email]; arguments []; default message [email],[Ljakarta.validation.constraints.Pattern$Flag;@40af3dd8,.*]; default message [must be a well-formed email address]] [Field error in object 'registerRequest' on field 'displayName': rejected value []; codes [NotBlank.registerRequest.displayName,NotBlank.displayName,NotBlank.java.lang.String,NotBlank]; arguments [org.springframework.context.support.DefaultMessageSourceResolvable: codes [registerRequest.displayName,displayName]; arguments []; default message [displayName]]; default message [must not be blank]] 
2026-07-13 17:42:30.408 [main] INFO  o.s.t.c.s.AnnotationConfigContextLoaderUtils [requestId=] [path=] - Could not detect default configuration classes for test class [org.main.account.web.SavedProfileControllerWebMvcTest]: SavedProfileControllerWebMvcTest does not declare any static, non-private, non-final, nested classes annotated with @Configuration.
2026-07-13 17:42:30.421 [main] INFO  o.s.b.t.c.SpringBootTestContextBootstrapper [requestId=] [path=] - Found @SpringBootConfiguration org.main.RiotPractice for test class org.main.account.web.SavedProfileControllerWebMvcTest
2026-07-13 17:42:30.426 [main] INFO  o.s.b.d.r.RestartApplicationListener [requestId=] [path=] - Restart disabled due to context in which it is running
2026-07-13 17:42:30.453 [main] INFO  o.m.a.w.SavedProfileControllerWebMvcTest [requestId=] [path=] - Starting SavedProfileControllerWebMvcTest using Java 23.0.2 with PID 29840 (started by egors in D:\Games\RiotApiPractice)
2026-07-13 17:42:30.453 [main] DEBUG o.m.a.w.SavedProfileControllerWebMvcTest [requestId=] [path=] - Running with Spring Boot v3.3.3, Spring v6.1.12
2026-07-13 17:42:30.453 [main] INFO  o.m.a.w.SavedProfileControllerWebMvcTest [requestId=] [path=] - No active profile set, falling back to 1 default profile: "default"
2026-07-13 17:42:30.837 [main] INFO  o.s.b.a.w.s.WelcomePageHandlerMapping [requestId=] [path=] - Adding welcome page: class path resource [static/index.html]
2026-07-13 17:42:30.949 [main] DEBUG o.m.a.s.AppSessionAuthenticationFilter [requestId=] [path=] - Filter 'appSessionAuthenticationFilter' configured for use
2026-07-13 17:42:30.950 [main] DEBUG o.main.config.RequestLoggingFilter [requestId=] [path=] - Filter 'requestLoggingFilter' configured for use
2026-07-13 17:42:30.950 [main] INFO  o.s.b.t.m.w.SpringBootMockServletContext [requestId=] [path=] - Initializing Spring TestDispatcherServlet ''
2026-07-13 17:42:30.950 [main] INFO  o.s.t.w.s.TestDispatcherServlet [requestId=] [path=] - Initializing Servlet ''
2026-07-13 17:42:30.951 [main] INFO  o.s.t.w.s.TestDispatcherServlet [requestId=] [path=] - Completed initialization in 0 ms
2026-07-13 17:42:30.957 [main] INFO  o.m.a.w.SavedProfileControllerWebMvcTest [requestId=] [path=] - Started SavedProfileControllerWebMvcTest in 0.532 seconds (process running for 12.338)
2026-07-13 17:42:30.990 [main] WARN  o.m.handler.GlobalExceptionHandler [requestId=2c7988ab-1971-4acd-8a24-66e02357bc19] [path=/api/account/saved-profiles/ab438de5-4983-4182-9e67-ae52187cd38e] - Handled exception: errorId=5baff6be-291a-4a66-9ca9-2931582cbbcc, code=NOT_FOUND, path=/api/account/saved-profiles/ab438de5-4983-4182-9e67-ae52187cd38e, context={requestId=2c7988ab-1971-4acd-8a24-66e02357bc19, method=PATCH}, message=Saved profile not found
2026-07-13 17:42:31.621 [main] INFO  o.s.t.c.s.AnnotationConfigContextLoaderUtils [requestId=] [path=] - Could not detect default configuration classes for test class [org.main.builds.api.ChampionBuildControllerTest]: ChampionBuildControllerTest does not declare any static, non-private, non-final, nested classes annotated with @Configuration.
2026-07-13 17:42:31.646 [main] INFO  o.s.b.t.c.SpringBootTestContextBootstrapper [requestId=] [path=] - Found @SpringBootConfiguration org.main.RiotPractice for test class org.main.builds.api.ChampionBuildControllerTest
2026-07-13 17:42:31.650 [main] INFO  o.s.b.d.r.RestartApplicationListener [requestId=] [path=] - Restart disabled due to context in which it is running
2026-07-13 17:42:31.671 [main] INFO  o.m.b.a.ChampionBuildControllerTest [requestId=] [path=] - Starting ChampionBuildControllerTest using Java 23.0.2 with PID 29840 (started by egors in D:\Games\RiotApiPractice)
2026-07-13 17:42:31.671 [main] DEBUG o.m.b.a.ChampionBuildControllerTest [requestId=] [path=] - Running with Spring Boot v3.3.3, Spring v6.1.12
2026-07-13 17:42:31.671 [main] INFO  o.m.b.a.ChampionBuildControllerTest [requestId=] [path=] - No active profile set, falling back to 1 default profile: "default"
2026-07-13 17:42:31.974 [main] INFO  o.s.b.a.w.s.WelcomePageHandlerMapping [requestId=] [path=] - Adding welcome page: class path resource [static/index.html]
2026-07-13 17:42:32.061 [main] DEBUG o.m.a.s.AppSessionAuthenticationFilter [requestId=] [path=] - Filter 'appSessionAuthenticationFilter' configured for use
2026-07-13 17:42:32.061 [main] DEBUG o.main.config.RequestLoggingFilter [requestId=] [path=] - Filter 'requestLoggingFilter' configured for use
2026-07-13 17:42:32.061 [main] INFO  o.s.b.t.m.w.SpringBootMockServletContext [requestId=] [path=] - Initializing Spring TestDispatcherServlet ''
2026-07-13 17:42:32.061 [main] INFO  o.s.t.w.s.TestDispatcherServlet [requestId=] [path=] - Initializing Servlet ''
2026-07-13 17:42:32.061 [main] INFO  o.s.t.w.s.TestDispatcherServlet [requestId=] [path=] - Completed initialization in 0 ms
2026-07-13 17:42:32.067 [main] INFO  o.m.b.a.ChampionBuildControllerTest [requestId=] [path=] - Started ChampionBuildControllerTest in 0.416 seconds (process running for 13.448)
2026-07-13 17:42:32.139 [main] WARN  o.m.handler.GlobalExceptionHandler [requestId=522913cf-7047-4e29-924f-9b5cef96641c] [path=/api/champions/22/builds] - Handled exception: errorId=955a0c65-1b52-476d-ab87-2c328ba816a0, code=BAD_REQUEST, path=/api/champions/22/builds, context={requestId=522913cf-7047-4e29-924f-9b5cef96641c, method=GET}, message=Failed to convert value of type 'java.lang.String' to required type 'org.main.builds.model.BuildRole'; Failed to convert from type [java.lang.String] to type [@org.springframework.web.bind.annotation.RequestParam org.main.builds.model.BuildRole] for value [INVALID]
2026-07-13 17:42:32.151 [main] WARN  o.m.handler.GlobalExceptionHandler [requestId=c414f365-ecd4-41f2-ae24-4b59c8527544] [path=/api/champions/999/builds/options] - Handled exception: errorId=f963b5b9-7244-4009-bce3-4884f8612393, code=NOT_FOUND, path=/api/champions/999/builds/options, context={requestId=c414f365-ecd4-41f2-ae24-4b59c8527544, method=GET}, message=Champion not found: 999
2026-07-13 17:42:32.732 [main] INFO  o.s.t.c.s.AnnotationConfigContextLoaderUtils [requestId=] [path=] - Could not detect default configuration classes for test class [org.main.controller.CrawlerControllerWebMvcTest]: CrawlerControllerWebMvcTest does not declare any static, non-private, non-final, nested classes annotated with @Configuration.
2026-07-13 17:42:32.755 [main] INFO  o.s.b.t.c.SpringBootTestContextBootstrapper [requestId=] [path=] - Found @SpringBootConfiguration org.main.RiotPractice for test class org.main.controller.CrawlerControllerWebMvcTest
2026-07-13 17:42:32.759 [main] INFO  o.s.b.d.r.RestartApplicationListener [requestId=] [path=] - Restart disabled due to context in which it is running
2026-07-13 17:42:32.781 [main] INFO  o.m.c.CrawlerControllerWebMvcTest [requestId=] [path=] - Starting CrawlerControllerWebMvcTest using Java 23.0.2 with PID 29840 (started by egors in D:\Games\RiotApiPractice)
2026-07-13 17:42:32.781 [main] DEBUG o.m.c.CrawlerControllerWebMvcTest [requestId=] [path=] - Running with Spring Boot v3.3.3, Spring v6.1.12
2026-07-13 17:42:32.781 [main] INFO  o.m.c.CrawlerControllerWebMvcTest [requestId=] [path=] - No active profile set, falling back to 1 default profile: "default"
2026-07-13 17:42:33.127 [main] INFO  o.s.b.a.w.s.WelcomePageHandlerMapping [requestId=] [path=] - Adding welcome page: class path resource [static/index.html]
2026-07-13 17:42:33.209 [main] DEBUG o.m.a.s.AppSessionAuthenticationFilter [requestId=] [path=] - Filter 'appSessionAuthenticationFilter' configured for use
2026-07-13 17:42:33.209 [main] DEBUG o.main.config.RequestLoggingFilter [requestId=] [path=] - Filter 'requestLoggingFilter' configured for use
2026-07-13 17:42:33.209 [main] INFO  o.s.b.t.m.w.SpringBootMockServletContext [requestId=] [path=] - Initializing Spring TestDispatcherServlet ''
2026-07-13 17:42:33.209 [main] INFO  o.s.t.w.s.TestDispatcherServlet [requestId=] [path=] - Initializing Servlet ''
2026-07-13 17:42:33.211 [main] INFO  o.s.t.w.s.TestDispatcherServlet [requestId=] [path=] - Completed initialization in 2 ms
2026-07-13 17:42:33.217 [main] INFO  o.m.c.CrawlerControllerWebMvcTest [requestId=] [path=] - Started CrawlerControllerWebMvcTest in 0.458 seconds (process running for 14.598)
2026-07-13 17:42:33.271 [main] INFO  o.main.controller.CrawlerController [requestId=b59c96d7-f18c-4d6c-a991-91ea3cd2f6d5] [path=/api/crawl/euw/puuid/p] - Received crawlByPuuid request: puuid='p', limit=7
2026-07-13 17:42:33.273 [main] INFO  o.main.controller.CrawlerController [requestId=b59c96d7-f18c-4d6c-a991-91ea3cd2f6d5] [path=/api/crawl/euw/puuid/p] - crawlByPuuid completed: puuid='null', requestedLimit=0, savedNewMatches=0
2026-07-13 17:42:33.287 [main] INFO  o.main.controller.CrawlerController [requestId=45d307a1-b69b-4160-8d65-d2503322be91] [path=/api/crawl/euw/puuid/p] - Received crawlByPuuid request: puuid='p', limit=20
2026-07-13 17:42:33.287 [main] INFO  o.main.controller.CrawlerController [requestId=45d307a1-b69b-4160-8d65-d2503322be91] [path=/api/crawl/euw/puuid/p] - crawlByPuuid completed: puuid='null', requestedLimit=0, savedNewMatches=0
2026-07-13 17:42:33.296 [main] INFO  o.s.t.c.s.AnnotationConfigContextLoaderUtils [requestId=] [path=] - Could not detect default configuration classes for test class [org.main.controller.frontend.PlayerDashboardControllerWebMvcTest]: PlayerDashboardControllerWebMvcTest does not declare any static, non-private, non-final, nested classes annotated with @Configuration.
2026-07-13 17:42:33.317 [main] INFO  o.s.b.t.c.SpringBootTestContextBootstrapper [requestId=] [path=] - Found @SpringBootConfiguration org.main.RiotPractice for test class org.main.controller.frontend.PlayerDashboardControllerWebMvcTest
2026-07-13 17:42:33.321 [main] INFO  o.s.b.d.r.RestartApplicationListener [requestId=] [path=] - Restart disabled due to context in which it is running
2026-07-13 17:42:33.341 [main] INFO  o.m.c.f.PlayerDashboardControllerWebMvcTest [requestId=] [path=] - Starting PlayerDashboardControllerWebMvcTest using Java 23.0.2 with PID 29840 (started by egors in D:\Games\RiotApiPractice)
2026-07-13 17:42:33.342 [main] DEBUG o.m.c.f.PlayerDashboardControllerWebMvcTest [requestId=] [path=] - Running with Spring Boot v3.3.3, Spring v6.1.12
2026-07-13 17:42:33.342 [main] INFO  o.m.c.f.PlayerDashboardControllerWebMvcTest [requestId=] [path=] - No active profile set, falling back to 1 default profile: "default"
2026-07-13 17:42:33.877 [main] INFO  o.s.b.a.w.s.WelcomePageHandlerMapping [requestId=] [path=] - Adding welcome page: class path resource [static/index.html]
2026-07-13 17:42:33.957 [main] DEBUG o.m.a.s.AppSessionAuthenticationFilter [requestId=] [path=] - Filter 'appSessionAuthenticationFilter' configured for use
2026-07-13 17:42:33.957 [main] DEBUG o.main.config.RequestLoggingFilter [requestId=] [path=] - Filter 'requestLoggingFilter' configured for use
2026-07-13 17:42:33.957 [main] INFO  o.s.b.t.m.w.SpringBootMockServletContext [requestId=] [path=] - Initializing Spring TestDispatcherServlet ''
2026-07-13 17:42:33.957 [main] INFO  o.s.t.w.s.TestDispatcherServlet [requestId=] [path=] - Initializing Servlet ''
2026-07-13 17:42:33.959 [main] INFO  o.s.t.w.s.TestDispatcherServlet [requestId=] [path=] - Completed initialization in 2 ms
2026-07-13 17:42:33.966 [main] INFO  o.m.c.f.PlayerDashboardControllerWebMvcTest [requestId=] [path=] - Started PlayerDashboardControllerWebMvcTest in 0.645 seconds (process running for 15.347)
2026-07-13 17:42:34.087 [main] ERROR o.m.handler.GlobalExceptionHandler [requestId=] [path=] - Handled exception: errorId=38bca5af-e975-43bc-9a14-8be10da0d91d, code=INTERNAL_ERROR, path=/api/auth/register, context={requestId=null, method=POST}
java.lang.Exception: failure
	at org.main.handler.GlobalExceptionHandlerTest.handlesRequestsWithoutQueryString(GlobalExceptionHandlerTest.java:22)
	at java.base/jdk.internal.reflect.DirectMethodHandleAccessor.invoke(DirectMethodHandleAccessor.java:103)
	at java.base/java.lang.reflect.Method.invoke(Method.java:580)
	at org.junit.platform.commons.util.ReflectionUtils.invokeMethod(ReflectionUtils.java:728)
	at org.junit.jupiter.engine.execution.MethodInvocation.proceed(MethodInvocation.java:60)
	at org.junit.jupiter.engine.execution.InvocationInterceptorChain$ValidatingInvocation.proceed(InvocationInterceptorChain.java:131)
	at org.junit.jupiter.engine.extension.TimeoutExtension.intercept(TimeoutExtension.java:156)
	at org.junit.jupiter.engine.extension.TimeoutExtension.interceptTestableMethod(TimeoutExtension.java:147)
	at org.junit.jupiter.engine.extension.TimeoutExtension.interceptTestMethod(TimeoutExtension.java:86)
	at org.junit.jupiter.engine.execution.InterceptingExecutableInvoker$ReflectiveInterceptorCall.lambda$ofVoidMethod$0(InterceptingExecutableInvoker.java:103)
	at org.junit.jupiter.engine.execution.InterceptingExecutableInvoker.lambda$invoke$0(InterceptingExecutableInvoker.java:93)
	at org.junit.jupiter.engine.execution.InvocationInterceptorChain$InterceptedInvocation.proceed(InvocationInterceptorChain.java:106)
	at org.junit.jupiter.engine.execution.InvocationInterceptorChain.proceed(InvocationInterceptorChain.java:64)
	at org.junit.jupiter.engine.execution.InvocationInterceptorChain.chainAndInvoke(InvocationInterceptorChain.java:45)
	at org.junit.jupiter.engine.execution.InvocationInterceptorChain.invoke(InvocationInterceptorChain.java:37)
	at org.junit.jupiter.engine.execution.InterceptingExecutableInvoker.invoke(InterceptingExecutableInvoker.java:92)
	at org.junit.jupiter.engine.execution.InterceptingExecutableInvoker.invoke(InterceptingExecutableInvoker.java:86)
	at org.junit.jupiter.engine.descriptor.TestMethodTestDescriptor.lambda$invokeTestMethod$7(TestMethodTestDescriptor.java:218)
	at org.junit.platform.engine.support.hierarchical.ThrowableCollector.execute(ThrowableCollector.java:73)
	at org.junit.jupiter.engine.descriptor.TestMethodTestDescriptor.invokeTestMethod(TestMethodTestDescriptor.java:214)
	at org.junit.jupiter.engine.descriptor.TestMethodTestDescriptor.execute(TestMethodTestDescriptor.java:139)
	at org.junit.jupiter.engine.descriptor.TestMethodTestDescriptor.execute(TestMethodTestDescriptor.java:69)
	at org.junit.platform.engine.support.hierarchical.NodeTestTask.lambda$executeRecursively$6(NodeTestTask.java:151)
	at org.junit.platform.engine.support.hierarchical.ThrowableCollector.execute(ThrowableCollector.java:73)
	at org.junit.platform.engine.support.hierarchical.NodeTestTask.lambda$executeRecursively$8(NodeTestTask.java:141)
	at org.junit.platform.engine.support.hierarchical.Node.around(Node.java:137)
	at org.junit.platform.engine.support.hierarchical.NodeTestTask.lambda$executeRecursively$9(NodeTestTask.java:139)
	at org.junit.platform.engine.support.hierarchical.ThrowableCollector.execute(ThrowableCollector.java:73)
	at org.junit.platform.engine.support.hierarchical.NodeTestTask.executeRecursively(NodeTestTask.java:138)
	at org.junit.platform.engine.support.hierarchical.NodeTestTask.execute(NodeTestTask.java:95)
	at java.base/java.util.ArrayList.forEach(ArrayList.java:1597)
	at org.junit.platform.engine.support.hierarchical.SameThreadHierarchicalTestExecutorService.invokeAll(SameThreadHierarchicalTestExecutorService.java:41)
	at org.junit.platform.engine.support.hierarchical.NodeTestTask.lambda$executeRecursively$6(NodeTestTask.java:155)
	at org.junit.platform.engine.support.hierarchical.ThrowableCollector.execute(ThrowableCollector.java:73)
	at org.junit.platform.engine.support.hierarchical.NodeTestTask.lambda$executeRecursively$8(NodeTestTask.java:141)
	at org.junit.platform.engine.support.hierarchical.Node.around(Node.java:137)
	at org.junit.platform.engine.support.hierarchical.NodeTestTask.lambda$executeRecursively$9(NodeTestTask.java:139)
	at org.junit.platform.engine.support.hierarchical.ThrowableCollector.execute(ThrowableCollector.java:73)
	at org.junit.platform.engine.support.hierarchical.NodeTestTask.executeRecursively(NodeTestTask.java:138)
	at org.junit.platform.engine.support.hierarchical.NodeTestTask.execute(NodeTestTask.java:95)
	at java.base/java.util.ArrayList.forEach(ArrayList.java:1597)
	at org.junit.platform.engine.support.hierarchical.SameThreadHierarchicalTestExecutorService.invokeAll(SameThreadHierarchicalTestExecutorService.java:41)
	at org.junit.platform.engine.support.hierarchical.NodeTestTask.lambda$executeRecursively$6(NodeTestTask.java:155)
	at org.junit.platform.engine.support.hierarchical.ThrowableCollector.execute(ThrowableCollector.java:73)
	at org.junit.platform.engine.support.hierarchical.NodeTestTask.lambda$executeRecursively$8(NodeTestTask.java:141)
	at org.junit.platform.engine.support.hierarchical.Node.around(Node.java:137)
	at org.junit.platform.engine.support.hierarchical.NodeTestTask.lambda$executeRecursively$9(NodeTestTask.java:139)
	at org.junit.platform.engine.support.hierarchical.ThrowableCollector.execute(ThrowableCollector.java:73)
	at org.junit.platform.engine.support.hierarchical.NodeTestTask.executeRecursively(NodeTestTask.java:138)
	at org.junit.platform.engine.support.hierarchical.NodeTestTask.execute(NodeTestTask.java:95)
	at org.junit.platform.engine.support.hierarchical.SameThreadHierarchicalTestExecutorService.submit(SameThreadHierarchicalTestExecutorService.java:35)
	at org.junit.platform.engine.support.hierarchical.HierarchicalTestExecutor.execute(HierarchicalTestExecutor.java:57)
	at org.junit.platform.engine.support.hierarchical.HierarchicalTestEngine.execute(HierarchicalTestEngine.java:54)
	at org.junit.platform.launcher.core.EngineExecutionOrchestrator.execute(EngineExecutionOrchestrator.java:198)
	at org.junit.platform.launcher.core.EngineExecutionOrchestrator.execute(EngineExecutionOrchestrator.java:169)
	at org.junit.platform.launcher.core.EngineExecutionOrchestrator.execute(EngineExecutionOrchestrator.java:93)
	at org.junit.platform.launcher.core.EngineExecutionOrchestrator.lambda$execute$0(EngineExecutionOrchestrator.java:58)
	at org.junit.platform.launcher.core.EngineExecutionOrchestrator.withInterceptedStreams(EngineExecutionOrchestrator.java:141)
	at org.junit.platform.launcher.core.EngineExecutionOrchestrator.execute(EngineExecutionOrchestrator.java:57)
	at org.junit.platform.launcher.core.DefaultLauncher.execute(DefaultLauncher.java:103)
	at org.junit.platform.launcher.core.DefaultLauncher.execute(DefaultLauncher.java:85)
	at org.junit.platform.launcher.core.DelegatingLauncher.execute(DelegatingLauncher.java:47)
	at org.apache.maven.surefire.junitplatform.LazyLauncher.execute(LazyLauncher.java:56)
	at org.apache.maven.surefire.junitplatform.JUnitPlatformProvider.execute(JUnitPlatformProvider.java:184)
	at org.apache.maven.surefire.junitplatform.JUnitPlatformProvider.invokeAllTests(JUnitPlatformProvider.java:148)
	at org.apache.maven.surefire.junitplatform.JUnitPlatformProvider.invoke(JUnitPlatformProvider.java:122)
	at org.apache.maven.surefire.booter.ForkedBooter.runSuitesInProcess(ForkedBooter.java:385)
	at org.apache.maven.surefire.booter.ForkedBooter.execute(ForkedBooter.java:162)
	at org.apache.maven.surefire.booter.ForkedBooter.run(ForkedBooter.java:507)
	at org.apache.maven.surefire.booter.ForkedBooter.main(ForkedBooter.java:495)
2026-07-13 17:42:34.101 [main] INFO  o.s.t.c.s.AnnotationConfigContextLoaderUtils [requestId=] [path=] - Could not detect default configuration classes for test class [org.main.refresh.PlayerRefreshControllerWebMvcTest]: PlayerRefreshControllerWebMvcTest does not declare any static, non-private, non-final, nested classes annotated with @Configuration.
2026-07-13 17:42:34.118 [main] INFO  o.s.b.t.c.SpringBootTestContextBootstrapper [requestId=] [path=] - Found @SpringBootConfiguration org.main.RiotPractice for test class org.main.refresh.PlayerRefreshControllerWebMvcTest
2026-07-13 17:42:34.121 [main] INFO  o.s.b.d.r.RestartApplicationListener [requestId=] [path=] - Restart disabled due to context in which it is running
2026-07-13 17:42:34.147 [main] INFO  o.m.r.PlayerRefreshControllerWebMvcTest [requestId=] [path=] - Starting PlayerRefreshControllerWebMvcTest using Java 23.0.2 with PID 29840 (started by egors in D:\Games\RiotApiPractice)
2026-07-13 17:42:34.147 [main] DEBUG o.m.r.PlayerRefreshControllerWebMvcTest [requestId=] [path=] - Running with Spring Boot v3.3.3, Spring v6.1.12
2026-07-13 17:42:34.147 [main] INFO  o.m.r.PlayerRefreshControllerWebMvcTest [requestId=] [path=] - No active profile set, falling back to 1 default profile: "default"
2026-07-13 17:42:34.422 [main] INFO  o.s.b.a.w.s.WelcomePageHandlerMapping [requestId=] [path=] - Adding welcome page: class path resource [static/index.html]
2026-07-13 17:42:34.488 [main] DEBUG o.m.a.s.AppSessionAuthenticationFilter [requestId=] [path=] - Filter 'appSessionAuthenticationFilter' configured for use
2026-07-13 17:42:34.488 [main] DEBUG o.main.config.RequestLoggingFilter [requestId=] [path=] - Filter 'requestLoggingFilter' configured for use
2026-07-13 17:42:34.488 [main] INFO  o.s.b.t.m.w.SpringBootMockServletContext [requestId=] [path=] - Initializing Spring TestDispatcherServlet ''
2026-07-13 17:42:34.488 [main] INFO  o.s.t.w.s.TestDispatcherServlet [requestId=] [path=] - Initializing Servlet ''
2026-07-13 17:42:34.489 [main] INFO  o.s.t.w.s.TestDispatcherServlet [requestId=] [path=] - Completed initialization in 1 ms
2026-07-13 17:42:34.493 [main] INFO  o.m.r.PlayerRefreshControllerWebMvcTest [requestId=] [path=] - Started PlayerRefreshControllerWebMvcTest in 0.372 seconds (process running for 15.874)
2026-07-13 17:42:35.088 [main] INFO  org.main.service.CrawlerServiceImpl [requestId=] [path=] - Starting crawlPuuidEUW: puuid='puuid', requestedLimit=25, effectiveLimit=25
2026-07-13 17:42:35.088 [main] DEBUG org.main.service.CrawlerServiceImpl [requestId=] [path=] - Requesting match id page: puuid='puuid', start=0, count=20
2026-07-13 17:42:35.089 [main] DEBUG org.main.service.CrawlerServiceImpl [requestId=] [path=] - Requesting match id page: puuid='puuid', start=20, count=5
2026-07-13 17:42:35.091 [main] INFO  org.main.service.CrawlerServiceImpl [requestId=] [path=] - Saved new match: matchId='m0'
2026-07-13 17:42:35.091 [main] INFO  org.main.service.CrawlerServiceImpl [requestId=] [path=] - Saved new match: matchId='m1'
2026-07-13 17:42:35.092 [main] INFO  org.main.service.CrawlerServiceImpl [requestId=] [path=] - Saved new match: matchId='m2'
2026-07-13 17:42:35.092 [main] INFO  org.main.service.CrawlerServiceImpl [requestId=] [path=] - Saved new match: matchId='m3'
2026-07-13 17:42:35.093 [main] INFO  org.main.service.CrawlerServiceImpl [requestId=] [path=] - Saved new match: matchId='m4'
2026-07-13 17:42:35.094 [main] INFO  org.main.service.CrawlerServiceImpl [requestId=] [path=] - Saved new match: matchId='m5'
2026-07-13 17:42:35.094 [main] INFO  org.main.service.CrawlerServiceImpl [requestId=] [path=] - Saved new match: matchId='m6'
2026-07-13 17:42:35.095 [main] INFO  org.main.service.CrawlerServiceImpl [requestId=] [path=] - Saved new match: matchId='m7'
2026-07-13 17:42:35.095 [main] INFO  org.main.service.CrawlerServiceImpl [requestId=] [path=] - Saved new match: matchId='m8'
2026-07-13 17:42:35.095 [main] INFO  org.main.service.CrawlerServiceImpl [requestId=] [path=] - Saved new match: matchId='m9'
2026-07-13 17:42:35.096 [main] INFO  org.main.service.CrawlerServiceImpl [requestId=] [path=] - Saved new match: matchId='m10'
2026-07-13 17:42:35.097 [main] INFO  org.main.service.CrawlerServiceImpl [requestId=] [path=] - Saved new match: matchId='m11'
2026-07-13 17:42:35.097 [main] INFO  org.main.service.CrawlerServiceImpl [requestId=] [path=] - Saved new match: matchId='m12'
2026-07-13 17:42:35.098 [main] INFO  org.main.service.CrawlerServiceImpl [requestId=] [path=] - Saved new match: matchId='m13'
2026-07-13 17:42:35.098 [main] INFO  org.main.service.CrawlerServiceImpl [requestId=] [path=] - Saved new match: matchId='m14'
2026-07-13 17:42:35.099 [main] INFO  org.main.service.CrawlerServiceImpl [requestId=] [path=] - Saved new match: matchId='m15'
2026-07-13 17:42:35.100 [main] INFO  org.main.service.CrawlerServiceImpl [requestId=] [path=] - Saved new match: matchId='m16'
2026-07-13 17:42:35.100 [main] INFO  org.main.service.CrawlerServiceImpl [requestId=] [path=] - Saved new match: matchId='m17'
2026-07-13 17:42:35.101 [main] INFO  org.main.service.CrawlerServiceImpl [requestId=] [path=] - Saved new match: matchId='m18'
2026-07-13 17:42:35.102 [main] INFO  org.main.service.CrawlerServiceImpl [requestId=] [path=] - Saved new match: matchId='m19'
2026-07-13 17:42:35.102 [main] INFO  org.main.service.CrawlerServiceImpl [requestId=] [path=] - Saved new match: matchId='m20'
2026-07-13 17:42:35.103 [main] INFO  org.main.service.CrawlerServiceImpl [requestId=] [path=] - Saved new match: matchId='m21'
2026-07-13 17:42:35.103 [main] INFO  org.main.service.CrawlerServiceImpl [requestId=] [path=] - Saved new match: matchId='m22'
2026-07-13 17:42:35.104 [main] INFO  org.main.service.CrawlerServiceImpl [requestId=] [path=] - Saved new match: matchId='m23'
2026-07-13 17:42:35.105 [main] INFO  org.main.service.CrawlerServiceImpl [requestId=] [path=] - Saved new match: matchId='m24'
2026-07-13 17:42:35.105 [main] INFO  org.main.service.CrawlerServiceImpl [requestId=] [path=] - crawlPuuidEUW finished: puuid='puuid', requestedLimit=25, fetchedUnique=25, savedNewMatches=25
2026-07-13 17:42:35.156 [main] INFO  org.main.service.CrawlerServiceImpl [requestId=] [path=] - Starting crawlPuuidEUW: puuid='test-puuid', requestedLimit=2, effectiveLimit=2
2026-07-13 17:42:35.156 [main] DEBUG org.main.service.CrawlerServiceImpl [requestId=] [path=] - Requesting match id page: puuid='test-puuid', start=0, count=2
2026-07-13 17:42:35.156 [main] INFO  org.main.service.CrawlerServiceImpl [requestId=] [path=] - Match already exists, checking timeline: matchId='EUW1_123'
2026-07-13 17:42:35.165 [main] INFO  org.main.service.CrawlerServiceImpl [requestId=] [path=] - Saved new match: matchId='EUW1_456'
2026-07-13 17:42:35.166 [main] INFO  org.main.service.CrawlerServiceImpl [requestId=] [path=] - crawlPuuidEUW finished: puuid='test-puuid', requestedLimit=2, fetchedUnique=2, savedNewMatches=1
2026-07-13 17:42:35.181 [main] INFO  org.main.service.CrawlerServiceImpl [requestId=] [path=] - Starting crawlRiotIdEUW: gameName='acoomer', tagLine='EUW', requestedLimit=3
2026-07-13 17:42:35.181 [main] INFO  org.main.service.CrawlerServiceImpl [requestId=] [path=] - Player saved or updated: gameName='acoomer', tagLine='EUW', puuid='resolved-puuid'
2026-07-13 17:42:35.182 [main] DEBUG org.main.service.CrawlerServiceImpl [requestId=] [path=] - Requesting match id page: puuid='resolved-puuid', start=0, count=3
2026-07-13 17:42:35.182 [main] INFO  org.main.service.CrawlerServiceImpl [requestId=] [path=] - Saved new match: matchId='EUW1_1'
2026-07-13 17:42:35.182 [main] INFO  org.main.service.CrawlerServiceImpl [requestId=] [path=] - Saved new match: matchId='EUW1_2'
2026-07-13 17:42:35.182 [main] INFO  org.main.service.CrawlerServiceImpl [requestId=] [path=] - Saved new match: matchId='EUW1_3'
2026-07-13 17:42:35.183 [main] INFO  org.main.service.CrawlerServiceImpl [requestId=] [path=] - crawlRiotIdEUW finished: summoner='acoomer#EUW', puuid='resolved-puuid', savedNewMatches=3
2026-07-13 17:42:35.188 [main] INFO  org.main.service.CrawlerServiceImpl [requestId=] [path=] - Starting crawlPuuidEUW: puuid='test-puuid', requestedLimit=25, effectiveLimit=25
2026-07-13 17:42:35.188 [main] DEBUG org.main.service.CrawlerServiceImpl [requestId=] [path=] - Requesting match id page: puuid='test-puuid', start=0, count=20
2026-07-13 17:42:35.188 [main] DEBUG org.main.service.CrawlerServiceImpl [requestId=] [path=] - Requesting match id page: puuid='test-puuid', start=20, count=5
2026-07-13 17:42:35.189 [main] INFO  org.main.service.CrawlerServiceImpl [requestId=] [path=] - Saved new match: matchId='EUW1_1'
2026-07-13 17:42:35.189 [main] INFO  org.main.service.CrawlerServiceImpl [requestId=] [path=] - Saved new match: matchId='EUW1_2'
2026-07-13 17:42:35.190 [main] INFO  org.main.service.CrawlerServiceImpl [requestId=] [path=] - Saved new match: matchId='EUW1_3'
2026-07-13 17:42:35.191 [main] INFO  org.main.service.CrawlerServiceImpl [requestId=] [path=] - Saved new match: matchId='EUW1_4'
2026-07-13 17:42:35.191 [main] INFO  org.main.service.CrawlerServiceImpl [requestId=] [path=] - Saved new match: matchId='EUW1_5'
2026-07-13 17:42:35.191 [main] INFO  org.main.service.CrawlerServiceImpl [requestId=] [path=] - Saved new match: matchId='EUW1_6'
2026-07-13 17:42:35.192 [main] INFO  org.main.service.CrawlerServiceImpl [requestId=] [path=] - Saved new match: matchId='EUW1_7'
2026-07-13 17:42:35.193 [main] INFO  org.main.service.CrawlerServiceImpl [requestId=] [path=] - Saved new match: matchId='EUW1_8'
2026-07-13 17:42:35.194 [main] INFO  org.main.service.CrawlerServiceImpl [requestId=] [path=] - Saved new match: matchId='EUW1_9'
2026-07-13 17:42:35.194 [main] INFO  org.main.service.CrawlerServiceImpl [requestId=] [path=] - Saved new match: matchId='EUW1_10'
2026-07-13 17:42:35.195 [main] INFO  org.main.service.CrawlerServiceImpl [requestId=] [path=] - Saved new match: matchId='EUW1_11'
2026-07-13 17:42:35.195 [main] INFO  org.main.service.CrawlerServiceImpl [requestId=] [path=] - Saved new match: matchId='EUW1_12'
2026-07-13 17:42:35.196 [main] INFO  org.main.service.CrawlerServiceImpl [requestId=] [path=] - Saved new match: matchId='EUW1_13'
2026-07-13 17:42:35.196 [main] INFO  org.main.service.CrawlerServiceImpl [requestId=] [path=] - Saved new match: matchId='EUW1_14'
2026-07-13 17:42:35.197 [main] INFO  org.main.service.CrawlerServiceImpl [requestId=] [path=] - Saved new match: matchId='EUW1_15'
2026-07-13 17:42:35.197 [main] INFO  org.main.service.CrawlerServiceImpl [requestId=] [path=] - Saved new match: matchId='EUW1_16'
2026-07-13 17:42:35.198 [main] INFO  org.main.service.CrawlerServiceImpl [requestId=] [path=] - Saved new match: matchId='EUW1_17'
2026-07-13 17:42:35.198 [main] INFO  org.main.service.CrawlerServiceImpl [requestId=] [path=] - Saved new match: matchId='EUW1_18'
2026-07-13 17:42:35.199 [main] INFO  org.main.service.CrawlerServiceImpl [requestId=] [path=] - Saved new match: matchId='EUW1_19'
2026-07-13 17:42:35.199 [main] INFO  org.main.service.CrawlerServiceImpl [requestId=] [path=] - Saved new match: matchId='EUW1_20'
2026-07-13 17:42:35.199 [main] INFO  org.main.service.CrawlerServiceImpl [requestId=] [path=] - Saved new match: matchId='EUW1_21'
2026-07-13 17:42:35.200 [main] INFO  org.main.service.CrawlerServiceImpl [requestId=] [path=] - Saved new match: matchId='EUW1_22'
2026-07-13 17:42:35.200 [main] INFO  org.main.service.CrawlerServiceImpl [requestId=] [path=] - Saved new match: matchId='EUW1_23'
2026-07-13 17:42:35.201 [main] INFO  org.main.service.CrawlerServiceImpl [requestId=] [path=] - Saved new match: matchId='EUW1_24'
2026-07-13 17:42:35.202 [main] INFO  org.main.service.CrawlerServiceImpl [requestId=] [path=] - Saved new match: matchId='EUW1_25'
2026-07-13 17:42:35.202 [main] INFO  org.main.service.CrawlerServiceImpl [requestId=] [path=] - crawlPuuidEUW finished: puuid='test-puuid', requestedLimit=25, fetchedUnique=25, savedNewMatches=25
2026-07-13 17:42:35.375 [main] INFO  o.s.b.d.r.RestartApplicationListener [requestId=] [path=] - Restart disabled due to context in which it is running
2026-07-13 17:42:35.401 [main] INFO  o.main.cucumber.CucumberSpringConfig [requestId=] [path=] - Starting CucumberSpringConfig using Java 23.0.2 with PID 29840 (started by egors in D:\Games\RiotApiPractice)
2026-07-13 17:42:35.402 [main] DEBUG o.main.cucumber.CucumberSpringConfig [requestId=] [path=] - Running with Spring Boot v3.3.3, Spring v6.1.12
2026-07-13 17:42:35.402 [main] INFO  o.main.cucumber.CucumberSpringConfig [requestId=] [path=] - No active profile set, falling back to 1 default profile: "default"
2026-07-13 17:42:36.712 [main] INFO  o.main.cucumber.CucumberSpringConfig [requestId=] [path=] - Started CucumberSpringConfig in 1.337 seconds (process running for 18.092)
2026-07-13 17:42:36.803 [main] INFO  org.main.service.CrawlerServiceImpl [requestId=] [path=] - Starting crawlPuuidEUW: puuid='TEST_PUUID', requestedLimit=5, effectiveLimit=5
2026-07-13 17:42:36.803 [main] DEBUG org.main.service.CrawlerServiceImpl [requestId=] [path=] - Requesting match id page: puuid='TEST_PUUID', start=0, count=5
2026-07-13 17:42:36.804 [main] INFO  org.main.service.CrawlerServiceImpl [requestId=] [path=] - Saved new match: matchId='EUW1_0'
2026-07-13 17:42:36.804 [main] INFO  org.main.service.CrawlerServiceImpl [requestId=] [path=] - Saved new match: matchId='EUW1_1'
2026-07-13 17:42:36.805 [main] INFO  org.main.service.CrawlerServiceImpl [requestId=] [path=] - Saved new match: matchId='EUW1_2'
2026-07-13 17:42:36.805 [main] INFO  org.main.service.CrawlerServiceImpl [requestId=] [path=] - Saved new match: matchId='EUW1_3'
2026-07-13 17:42:36.806 [main] INFO  org.main.service.CrawlerServiceImpl [requestId=] [path=] - Saved new match: matchId='EUW1_4'
2026-07-13 17:42:36.806 [main] INFO  org.main.service.CrawlerServiceImpl [requestId=] [path=] - crawlPuuidEUW finished: puuid='TEST_PUUID', requestedLimit=5, fetchedUnique=5, savedNewMatches=5
2026-07-13 17:42:36.827 [main] INFO  org.main.service.CrawlerServiceImpl [requestId=] [path=] - Starting crawlPuuidEUW: puuid='TEST_PUUID', requestedLimit=5, effectiveLimit=5
2026-07-13 17:42:36.827 [main] DEBUG org.main.service.CrawlerServiceImpl [requestId=] [path=] - Requesting match id page: puuid='TEST_PUUID', start=0, count=5
2026-07-13 17:42:36.827 [main] INFO  org.main.service.CrawlerServiceImpl [requestId=] [path=] - No more match ids returned from Riot API: puuid='TEST_PUUID', start=0
2026-07-13 17:42:36.828 [main] INFO  org.main.service.CrawlerServiceImpl [requestId=] [path=] - crawlPuuidEUW finished: puuid='TEST_PUUID', requestedLimit=5, fetchedUnique=0, savedNewMatches=0
2026-07-13 17:42:36.845 [main] INFO  org.main.service.CrawlerServiceImpl [requestId=] [path=] - Starting crawlPuuidEUW: puuid='TEST_PUUID', requestedLimit=5, effectiveLimit=5
2026-07-13 17:42:36.845 [main] DEBUG org.main.service.CrawlerServiceImpl [requestId=] [path=] - Requesting match id page: puuid='TEST_PUUID', start=0, count=5
2026-07-13 17:42:36.845 [main] INFO  org.main.service.CrawlerServiceImpl [requestId=] [path=] - Match already exists, checking timeline: matchId='EUW1_0'
2026-07-13 17:42:36.845 [main] INFO  org.main.service.CrawlerServiceImpl [requestId=] [path=] - Match already exists, checking timeline: matchId='EUW1_1'
2026-07-13 17:42:36.845 [main] INFO  org.main.service.CrawlerServiceImpl [requestId=] [path=] - Match already exists, checking timeline: matchId='EUW1_2'
2026-07-13 17:42:36.846 [main] INFO  org.main.service.CrawlerServiceImpl [requestId=] [path=] - Match already exists, checking timeline: matchId='EUW1_3'
2026-07-13 17:42:36.846 [main] INFO  org.main.service.CrawlerServiceImpl [requestId=] [path=] - Match already exists, checking timeline: matchId='EUW1_4'
2026-07-13 17:42:36.846 [main] INFO  org.main.service.CrawlerServiceImpl [requestId=] [path=] - crawlPuuidEUW finished: puuid='TEST_PUUID', requestedLimit=5, fetchedUnique=5, savedNewMatches=0
2026-07-13 19:42:14.433 [background-preinit] INFO  o.h.validator.internal.util.Version [requestId=] [path=] - HV000001: Hibernate Validator 8.0.1.Final
2026-07-13 19:42:14.498 [restartedMain] INFO  org.main.RiotPractice [requestId=] [path=] - Starting RiotPractice using Java 23-valhalla with PID 36200 (D:\Games\RiotApiPractice\target\classes started by egors in D:\Games\RiotApiPractice)
2026-07-13 19:42:14.499 [restartedMain] DEBUG org.main.RiotPractice [requestId=] [path=] - Running with Spring Boot v3.3.3, Spring v6.1.12
2026-07-13 19:42:14.501 [restartedMain] INFO  org.main.RiotPractice [requestId=] [path=] - No active profile set, falling back to 1 default profile: "default"
2026-07-13 19:42:14.582 [restartedMain] INFO  o.s.b.d.e.DevToolsPropertyDefaultsPostProcessor [requestId=] [path=] - Devtools property defaults active! Set 'spring.devtools.add-properties' to 'false' to disable
2026-07-13 19:42:14.582 [restartedMain] INFO  o.s.b.d.e.DevToolsPropertyDefaultsPostProcessor [requestId=] [path=] - For additional web related logging consider setting the 'logging.level.web' property to 'DEBUG'
2026-07-13 19:42:16.805 [restartedMain] INFO  o.s.d.r.c.RepositoryConfigurationDelegate [requestId=] [path=] - Bootstrapping Spring Data JPA repositories in DEFAULT mode.
2026-07-13 19:42:16.940 [restartedMain] INFO  o.s.d.r.c.RepositoryConfigurationDelegate [requestId=] [path=] - Finished Spring Data repository scanning in 124 ms. Found 15 JPA repository interfaces.
2026-07-13 19:42:18.152 [restartedMain] INFO  o.s.b.w.e.tomcat.TomcatWebServer [requestId=] [path=] - Tomcat initialized with port 8080 (http)
2026-07-13 19:42:18.177 [restartedMain] INFO  o.a.coyote.http11.Http11NioProtocol [requestId=] [path=] - Initializing ProtocolHandler ["http-nio-8080"]
2026-07-13 19:42:18.183 [restartedMain] INFO  o.a.catalina.core.StandardService [requestId=] [path=] - Starting service [Tomcat]
2026-07-13 19:42:18.184 [restartedMain] INFO  o.a.catalina.core.StandardEngine [requestId=] [path=] - Starting Servlet engine: [Apache Tomcat/10.1.28]
2026-07-13 19:42:18.265 [restartedMain] INFO  o.a.c.c.C.[Tomcat].[localhost].[/] [requestId=] [path=] - Initializing Spring embedded WebApplicationContext
2026-07-13 19:42:18.265 [restartedMain] INFO  o.s.b.w.s.c.ServletWebServerApplicationContext [requestId=] [path=] - Root WebApplicationContext: initialization completed in 3682 ms
2026-07-13 19:42:18.820 [restartedMain] INFO  com.zaxxer.hikari.HikariDataSource [requestId=] [path=] - HikariPool-1 - Starting...
2026-07-13 19:42:19.194 [restartedMain] INFO  com.zaxxer.hikari.pool.HikariPool [requestId=] [path=] - HikariPool-1 - Added connection org.postgresql.jdbc.PgConnection@4db0644d
2026-07-13 19:42:19.196 [restartedMain] INFO  com.zaxxer.hikari.HikariDataSource [requestId=] [path=] - HikariPool-1 - Start completed.
2026-07-13 19:42:19.238 [restartedMain] INFO  org.flywaydb.core.FlywayExecutor [requestId=] [path=] - Database: jdbc:postgresql://localhost:5432/postgres (PostgreSQL 18.0)
2026-07-13 19:42:19.251 [restartedMain] WARN  o.f.c.i.database.base.Database [requestId=] [path=] - Flyway upgrade recommended: PostgreSQL 18.0 is newer than this version of Flyway and support has not been tested. The latest supported version of PostgreSQL is 16.
2026-07-13 19:42:19.322 [restartedMain] INFO  o.f.core.internal.command.DbValidate [requestId=] [path=] - Successfully validated 3 migrations (execution time 00:00.054s)
2026-07-13 19:42:19.380 [restartedMain] INFO  o.f.core.internal.command.DbMigrate [requestId=] [path=] - Current version of schema "app": 1
2026-07-13 19:42:19.401 [restartedMain] INFO  o.f.core.internal.command.DbMigrate [requestId=] [path=] - Migrating schema "app" to version "2 - create champion build schema"
2026-07-13 19:42:19.605 [restartedMain] INFO  o.f.core.internal.command.DbMigrate [requestId=] [path=] - Successfully applied 1 migration to schema "app", now at version v2 (execution time 00:00.186s)
2026-07-13 19:42:19.742 [restartedMain] INFO  o.h.jpa.internal.util.LogHelper [requestId=] [path=] - HHH000204: Processing PersistenceUnitInfo [name: default]
2026-07-13 19:42:19.859 [restartedMain] INFO  org.hibernate.Version [requestId=] [path=] - HHH000412: Hibernate ORM core version 6.5.2.Final
2026-07-13 19:42:19.919 [restartedMain] INFO  o.h.c.i.RegionFactoryInitiator [requestId=] [path=] - HHH000026: Second-level cache disabled
2026-07-13 19:42:20.390 [restartedMain] INFO  o.s.o.j.p.SpringPersistenceUnitInfo [requestId=] [path=] - No LoadTimeWeaver setup: ignoring JPA class transformer
2026-07-13 19:42:22.171 [restartedMain] INFO  o.h.e.t.j.p.i.JtaPlatformInitiator [requestId=] [path=] - HHH000489: No JTA platform available (set 'hibernate.transaction.jta.platform' to enable JTA platform integration)
2026-07-13 19:42:22.290 [restartedMain] INFO  o.s.o.j.LocalContainerEntityManagerFactoryBean [requestId=] [path=] - Initialized JPA EntityManagerFactory for persistence unit 'default'
2026-07-13 19:42:22.592 [restartedMain] INFO  o.s.d.j.r.query.QueryEnhancerFactory [requestId=] [path=] - Hibernate is in classpath; If applicable, HQL parser will be used.
2026-07-13 19:42:23.324 [restartedMain] DEBUG o.main.config.RequestLoggingFilter [requestId=] [path=] - Filter 'requestLoggingFilter' configured for use
2026-07-13 19:42:23.324 [restartedMain] DEBUG o.m.a.s.AppSessionAuthenticationFilter [requestId=] [path=] - Filter 'appSessionAuthenticationFilter' configured for use
2026-07-13 19:42:23.709 [restartedMain] WARN  o.s.b.w.s.c.AnnotationConfigServletWebServerApplicationContext [requestId=] [path=] - Exception encountered during context initialization - cancelling refresh attempt: org.springframework.beans.factory.UnsatisfiedDependencyException: Error creating bean with name 'championBuildController' defined in file [D:\Games\RiotApiPractice\target\classes\org\main\builds\api\ChampionBuildController.class]: Unsatisfied dependency expressed through constructor parameter 0: Error creating bean with name 'championBuildService' defined in file [D:\Games\RiotApiPractice\target\classes\org\main\builds\api\ChampionBuildService.class]: Unsatisfied dependency expressed through constructor parameter 1: Error creating bean with name 'jdbcBuildAssetRepository' defined in file [D:\Games\RiotApiPractice\target\classes\org\main\builds\api\JdbcBuildAssetRepository.class]: Could not generate CGLIB subclass of class org.main.builds.api.JdbcBuildAssetRepository: Common causes of this problem include using a final class or a non-visible class
2026-07-13 19:42:23.710 [restartedMain] INFO  o.s.o.j.LocalContainerEntityManagerFactoryBean [requestId=] [path=] - Closing JPA EntityManagerFactory for persistence unit 'default'
2026-07-13 19:42:23.713 [restartedMain] INFO  com.zaxxer.hikari.HikariDataSource [requestId=] [path=] - HikariPool-1 - Shutdown initiated...
2026-07-13 19:42:23.717 [restartedMain] INFO  com.zaxxer.hikari.HikariDataSource [requestId=] [path=] - HikariPool-1 - Shutdown completed.
2026-07-13 19:42:23.727 [restartedMain] INFO  o.a.catalina.core.StandardService [requestId=] [path=] - Stopping service [Tomcat]
2026-07-13 19:42:23.752 [restartedMain] INFO  o.s.b.a.l.ConditionEvaluationReportLogger [requestId=] [path=] - 

Error starting ApplicationContext. To display the condition evaluation report re-run your application with 'debug' enabled.
2026-07-13 19:42:23.784 [restartedMain] ERROR o.s.boot.SpringApplication [requestId=] [path=] - Application run failed
org.springframework.beans.factory.UnsatisfiedDependencyException: Error creating bean with name 'championBuildController' defined in file [D:\Games\RiotApiPractice\target\classes\org\main\builds\api\ChampionBuildController.class]: Unsatisfied dependency expressed through constructor parameter 0: Error creating bean with name 'championBuildService' defined in file [D:\Games\RiotApiPractice\target\classes\org\main\builds\api\ChampionBuildService.class]: Unsatisfied dependency expressed through constructor parameter 1: Error creating bean with name 'jdbcBuildAssetRepository' defined in file [D:\Games\RiotApiPractice\target\classes\org\main\builds\api\JdbcBuildAssetRepository.class]: Could not generate CGLIB subclass of class org.main.builds.api.JdbcBuildAssetRepository: Common causes of this problem include using a final class or a non-visible class
	at org.springframework.beans.factory.support.ConstructorResolver.createArgumentArray(ConstructorResolver.java:795)
	at org.springframework.beans.factory.support.ConstructorResolver.autowireConstructor(ConstructorResolver.java:237)
	at org.springframework.beans.factory.support.AbstractAutowireCapableBeanFactory.autowireConstructor(AbstractAutowireCapableBeanFactory.java:1375)
	at org.springframework.beans.factory.support.AbstractAutowireCapableBeanFactory.createBeanInstance(AbstractAutowireCapableBeanFactory.java:1212)
	at org.springframework.beans.factory.support.AbstractAutowireCapableBeanFactory.doCreateBean(AbstractAutowireCapableBeanFactory.java:562)
	at org.springframework.beans.factory.support.AbstractAutowireCapableBeanFactory.createBean(AbstractAutowireCapableBeanFactory.java:522)
	at org.springframework.beans.factory.support.AbstractBeanFactory.lambda$doGetBean$0(AbstractBeanFactory.java:337)
	at org.springframework.beans.factory.support.DefaultSingletonBeanRegistry.getSingleton(DefaultSingletonBeanRegistry.java:234)
	at org.springframework.beans.factory.support.AbstractBeanFactory.doGetBean(AbstractBeanFactory.java:335)
	at org.springframework.beans.factory.support.AbstractBeanFactory.getBean(AbstractBeanFactory.java:200)
	at org.springframework.beans.factory.support.DefaultListableBeanFactory.preInstantiateSingletons(DefaultListableBeanFactory.java:975)
	at org.springframework.context.support.AbstractApplicationContext.finishBeanFactoryInitialization(AbstractApplicationContext.java:971)
	at org.springframework.context.support.AbstractApplicationContext.refresh(AbstractApplicationContext.java:625)
	at org.springframework.boot.web.servlet.context.ServletWebServerApplicationContext.refresh(ServletWebServerApplicationContext.java:146)
	at org.springframework.boot.SpringApplication.refresh(SpringApplication.java:754)
	at org.springframework.boot.SpringApplication.refreshContext(SpringApplication.java:456)
	at org.springframework.boot.SpringApplication.run(SpringApplication.java:335)
	at org.springframework.boot.SpringApplication.run(SpringApplication.java:1363)
	at org.springframework.boot.SpringApplication.run(SpringApplication.java:1352)
	at org.main.RiotPractice.main(RiotPractice.java:17)
	at java.base/jdk.internal.reflect.DirectMethodHandleAccessor.invoke(DirectMethodHandleAccessor.java:103)
	at java.base/java.lang.reflect.Method.invoke(Method.java:580)
	at org.springframework.boot.devtools.restart.RestartLauncher.run(RestartLauncher.java:50)
Caused by: org.springframework.beans.factory.UnsatisfiedDependencyException: Error creating bean with name 'championBuildService' defined in file [D:\Games\RiotApiPractice\target\classes\org\main\builds\api\ChampionBuildService.class]: Unsatisfied dependency expressed through constructor parameter 1: Error creating bean with name 'jdbcBuildAssetRepository' defined in file [D:\Games\RiotApiPractice\target\classes\org\main\builds\api\JdbcBuildAssetRepository.class]: Could not generate CGLIB subclass of class org.main.builds.api.JdbcBuildAssetRepository: Common causes of this problem include using a final class or a non-visible class
	at org.springframework.beans.factory.support.ConstructorResolver.createArgumentArray(ConstructorResolver.java:795)
	at org.springframework.beans.factory.support.ConstructorResolver.autowireConstructor(ConstructorResolver.java:237)
	at org.springframework.beans.factory.support.AbstractAutowireCapableBeanFactory.autowireConstructor(AbstractAutowireCapableBeanFactory.java:1375)
	at org.springframework.beans.factory.support.AbstractAutowireCapableBeanFactory.createBeanInstance(AbstractAutowireCapableBeanFactory.java:1212)
	at org.springframework.beans.factory.support.AbstractAutowireCapableBeanFactory.doCreateBean(AbstractAutowireCapableBeanFactory.java:562)
	at org.springframework.beans.factory.support.AbstractAutowireCapableBeanFactory.createBean(AbstractAutowireCapableBeanFactory.java:522)
	at org.springframework.beans.factory.support.AbstractBeanFactory.lambda$doGetBean$0(AbstractBeanFactory.java:337)
	at org.springframework.beans.factory.support.DefaultSingletonBeanRegistry.getSingleton(DefaultSingletonBeanRegistry.java:234)
	at org.springframework.beans.factory.support.AbstractBeanFactory.doGetBean(AbstractBeanFactory.java:335)
	at org.springframework.beans.factory.support.AbstractBeanFactory.getBean(AbstractBeanFactory.java:200)
	at org.springframework.beans.factory.config.DependencyDescriptor.resolveCandidate(DependencyDescriptor.java:254)
	at org.springframework.beans.factory.support.DefaultListableBeanFactory.doResolveDependency(DefaultListableBeanFactory.java:1443)
	at org.springframework.beans.factory.support.DefaultListableBeanFactory.resolveDependency(DefaultListableBeanFactory.java:1353)
	at org.springframework.beans.factory.support.ConstructorResolver.resolveAutowiredArgument(ConstructorResolver.java:904)
	at org.springframework.beans.factory.support.ConstructorResolver.createArgumentArray(ConstructorResolver.java:782)
	... 22 common frames omitted
Caused by: org.springframework.beans.factory.BeanCreationException: Error creating bean with name 'jdbcBuildAssetRepository' defined in file [D:\Games\RiotApiPractice\target\classes\org\main\builds\api\JdbcBuildAssetRepository.class]: Could not generate CGLIB subclass of class org.main.builds.api.JdbcBuildAssetRepository: Common causes of this problem include using a final class or a non-visible class
	at org.springframework.beans.factory.support.AbstractAutowireCapableBeanFactory.doCreateBean(AbstractAutowireCapableBeanFactory.java:607)
	at org.springframework.beans.factory.support.AbstractAutowireCapableBeanFactory.createBean(AbstractAutowireCapableBeanFactory.java:522)
	at org.springframework.beans.factory.support.AbstractBeanFactory.lambda$doGetBean$0(AbstractBeanFactory.java:337)
	at org.springframework.beans.factory.support.DefaultSingletonBeanRegistry.getSingleton(DefaultSingletonBeanRegistry.java:234)
	at org.springframework.beans.factory.support.AbstractBeanFactory.doGetBean(AbstractBeanFactory.java:335)
	at org.springframework.beans.factory.support.AbstractBeanFactory.getBean(AbstractBeanFactory.java:200)
	at org.springframework.beans.factory.config.DependencyDescriptor.resolveCandidate(DependencyDescriptor.java:254)
	at org.springframework.beans.factory.support.DefaultListableBeanFactory.doResolveDependency(DefaultListableBeanFactory.java:1443)
	at org.springframework.beans.factory.support.DefaultListableBeanFactory.resolveDependency(DefaultListableBeanFactory.java:1353)
	at org.springframework.beans.factory.support.ConstructorResolver.resolveAutowiredArgument(ConstructorResolver.java:904)
	at org.springframework.beans.factory.support.ConstructorResolver.createArgumentArray(ConstructorResolver.java:782)
	... 36 common frames omitted
Caused by: org.springframework.aop.framework.AopConfigException: Could not generate CGLIB subclass of class org.main.builds.api.JdbcBuildAssetRepository: Common causes of this problem include using a final class or a non-visible class
	at org.springframework.aop.framework.CglibAopProxy.buildProxy(CglibAopProxy.java:230)
	at org.springframework.aop.framework.CglibAopProxy.getProxy(CglibAopProxy.java:163)
	at org.springframework.aop.framework.ProxyFactory.getProxy(ProxyFactory.java:110)
	at org.springframework.aop.framework.AbstractAdvisingBeanPostProcessor.postProcessAfterInitialization(AbstractAdvisingBeanPostProcessor.java:127)
	at org.springframework.beans.factory.support.AbstractAutowireCapableBeanFactory.applyBeanPostProcessorsAfterInitialization(AbstractAutowireCapableBeanFactory.java:438)
	at org.springframework.beans.factory.support.AbstractAutowireCapableBeanFactory.initializeBean(AbstractAutowireCapableBeanFactory.java:1809)
	at org.springframework.beans.factory.support.AbstractAutowireCapableBeanFactory.doCreateBean(AbstractAutowireCapableBeanFactory.java:600)
	... 46 common frames omitted
Caused by: java.lang.IllegalArgumentException: Cannot subclass final class org.main.builds.api.JdbcBuildAssetRepository
	at org.springframework.cglib.proxy.Enhancer.generateClass(Enhancer.java:653)
	at org.springframework.cglib.core.DefaultGeneratorStrategy.generate(DefaultGeneratorStrategy.java:26)
	at org.springframework.cglib.core.ClassLoaderAwareGeneratorStrategy.generate(ClassLoaderAwareGeneratorStrategy.java:57)
	at org.springframework.cglib.core.AbstractClassGenerator.generate(AbstractClassGenerator.java:366)
	at org.springframework.cglib.proxy.Enhancer.generate(Enhancer.java:575)
	at org.springframework.cglib.core.AbstractClassGenerator$ClassLoaderData.get(AbstractClassGenerator.java:127)
	at org.springframework.cglib.core.AbstractClassGenerator.create(AbstractClassGenerator.java:317)
	at org.springframework.cglib.proxy.Enhancer.createHelper(Enhancer.java:562)
	at org.springframework.cglib.proxy.Enhancer.createClass(Enhancer.java:407)
	at org.springframework.aop.framework.ObjenesisCglibAopProxy.createProxyClassAndInstance(ObjenesisCglibAopProxy.java:62)
	at org.springframework.aop.framework.CglibAopProxy.buildProxy(CglibAopProxy.java:221)
	... 52 common frames omitted
2026-07-13 19:43:40.038 [http-nio-8080-exec-8] ERROR o.m.handler.GlobalExceptionHandler [requestId=6f19c613-3536-4d18-a905-1267896bf247] [path=/api/champions/51/builds/options] - Handled exception: errorId=01c5c1b3-7715-403a-9b89-7bcb91e37ee4, code=INTERNAL_ERROR, path=/api/champions/51/builds/options, context={requestId=6f19c613-3536-4d18-a905-1267896bf247, method=GET}
org.springframework.web.servlet.resource.NoResourceFoundException: No static resource api/champions/51/builds/options.
	at org.springframework.web.servlet.resource.ResourceHttpRequestHandler.handleRequest(ResourceHttpRequestHandler.java:585)
	at org.springframework.web.servlet.mvc.HttpRequestHandlerAdapter.handle(HttpRequestHandlerAdapter.java:52)
	at org.springframework.web.servlet.DispatcherServlet.doDispatch(DispatcherServlet.java:1089)
	at org.springframework.web.servlet.DispatcherServlet.doService(DispatcherServlet.java:979)
	at org.springframework.web.servlet.FrameworkServlet.processRequest(FrameworkServlet.java:1014)
	at org.springframework.web.servlet.FrameworkServlet.doGet(FrameworkServlet.java:903)
	at jakarta.servlet.http.HttpServlet.service(HttpServlet.java:564)
	at org.springframework.web.servlet.FrameworkServlet.service(FrameworkServlet.java:885)
	at jakarta.servlet.http.HttpServlet.service(HttpServlet.java:658)
	at org.apache.catalina.core.ApplicationFilterChain.internalDoFilter(ApplicationFilterChain.java:195)
	at org.apache.catalina.core.ApplicationFilterChain.doFilter(ApplicationFilterChain.java:140)
	at org.apache.tomcat.websocket.server.WsFilter.doFilter(WsFilter.java:51)
	at org.apache.catalina.core.ApplicationFilterChain.internalDoFilter(ApplicationFilterChain.java:164)
	at org.apache.catalina.core.ApplicationFilterChain.doFilter(ApplicationFilterChain.java:140)
	at org.main.config.RequestLoggingFilter.doFilterInternal(RequestLoggingFilter.java:32)
	at org.springframework.web.filter.OncePerRequestFilter.doFilter(OncePerRequestFilter.java:116)
	at org.apache.catalina.core.ApplicationFilterChain.internalDoFilter(ApplicationFilterChain.java:164)
	at org.apache.catalina.core.ApplicationFilterChain.doFilter(ApplicationFilterChain.java:140)
	at org.springframework.web.filter.OncePerRequestFilter.doFilter(OncePerRequestFilter.java:110)
	at org.apache.catalina.core.ApplicationFilterChain.internalDoFilter(ApplicationFilterChain.java:164)
	at org.apache.catalina.core.ApplicationFilterChain.doFilter(ApplicationFilterChain.java:140)
	at org.springframework.web.filter.CompositeFilter$VirtualFilterChain.doFilter(CompositeFilter.java:108)
	at org.springframework.security.web.FilterChainProxy.lambda$doFilterInternal$3(FilterChainProxy.java:231)
	at org.springframework.security.web.ObservationFilterChainDecorator$FilterObservation$SimpleFilterObservation.lambda$wrap$1(ObservationFilterChainDecorator.java:479)
	at org.springframework.security.web.ObservationFilterChainDecorator$AroundFilterObservation$SimpleAroundFilterObservation.lambda$wrap$1(ObservationFilterChainDecorator.java:340)
	at org.springframework.security.web.ObservationFilterChainDecorator.lambda$wrapSecured$0(ObservationFilterChainDecorator.java:82)
	at org.springframework.security.web.ObservationFilterChainDecorator$VirtualFilterChain.doFilter(ObservationFilterChainDecorator.java:128)
	at org.springframework.security.web.access.intercept.AuthorizationFilter.doFilter(AuthorizationFilter.java:100)
	at org.springframework.security.web.ObservationFilterChainDecorator$ObservationFilter.wrapFilter(ObservationFilterChainDecorator.java:240)
	at org.springframework.security.web.ObservationFilterChainDecorator$ObservationFilter.doFilter(ObservationFilterChainDecorator.java:227)
	at org.springframework.security.web.ObservationFilterChainDecorator$VirtualFilterChain.doFilter(ObservationFilterChainDecorator.java:137)
	at org.springframework.security.web.access.ExceptionTranslationFilter.doFilter(ExceptionTranslationFilter.java:126)
	at org.springframework.security.web.access.ExceptionTranslationFilter.doFilter(ExceptionTranslationFilter.java:120)
	at org.springframework.security.web.ObservationFilterChainDecorator$ObservationFilter.wrapFilter(ObservationFilterChainDecorator.java:240)
	at org.springframework.security.web.ObservationFilterChainDecorator$ObservationFilter.doFilter(ObservationFilterChainDecorator.java:227)
	at org.springframework.security.web.ObservationFilterChainDecorator$VirtualFilterChain.doFilter(ObservationFilterChainDecorator.java:137)
	at org.springframework.security.web.authentication.AnonymousAuthenticationFilter.doFilter(AnonymousAuthenticationFilter.java:100)
	at org.springframework.security.web.ObservationFilterChainDecorator$ObservationFilter.wrapFilter(ObservationFilterChainDecorator.java:240)
	at org.springframework.security.web.ObservationFilterChainDecorator$ObservationFilter.doFilter(ObservationFilterChainDecorator.java:227)
	at org.springframework.security.web.ObservationFilterChainDecorator$VirtualFilterChain.doFilter(ObservationFilterChainDecorator.java:137)
	at org.main.account.security.AppSessionAuthenticationFilter.doFilterInternal(AppSessionAuthenticationFilter.java:52)
	at org.springframework.web.filter.OncePerRequestFilter.doFilter(OncePerRequestFilter.java:116)
	at org.springframework.security.web.ObservationFilterChainDecorator$ObservationFilter.wrapFilter(ObservationFilterChainDecorator.java:240)
	at org.springframework.security.web.ObservationFilterChainDecorator$ObservationFilter.doFilter(ObservationFilterChainDecorator.java:227)
	at org.springframework.security.web.ObservationFilterChainDecorator$VirtualFilterChain.doFilter(ObservationFilterChainDecorator.java:137)
	at org.springframework.security.web.servletapi.SecurityContextHolderAwareRequestFilter.doFilter(SecurityContextHolderAwareRequestFilter.java:179)
	at org.springframework.security.web.ObservationFilterChainDecorator$ObservationFilter.wrapFilter(ObservationFilterChainDecorator.java:240)
	at org.springframework.security.web.ObservationFilterChainDecorator$ObservationFilter.doFilter(ObservationFilterChainDecorator.java:227)
	at org.springframework.security.web.ObservationFilterChainDecorator$VirtualFilterChain.doFilter(ObservationFilterChainDecorator.java:137)
	at org.springframework.security.web.savedrequest.RequestCacheAwareFilter.doFilter(RequestCacheAwareFilter.java:63)
	at org.springframework.security.web.ObservationFilterChainDecorator$ObservationFilter.wrapFilter(ObservationFilterChainDecorator.java:240)
	at org.springframework.security.web.ObservationFilterChainDecorator$ObservationFilter.doFilter(ObservationFilterChainDecorator.java:227)
	at org.springframework.security.web.ObservationFilterChainDecorator$VirtualFilterChain.doFilter(ObservationFilterChainDecorator.java:137)
	at org.springframework.security.web.authentication.AbstractAuthenticationProcessingFilter.doFilter(AbstractAuthenticationProcessingFilter.java:227)
	at org.springframework.security.web.authentication.AbstractAuthenticationProcessingFilter.doFilter(AbstractAuthenticationProcessingFilter.java:221)
	at org.springframework.security.web.ObservationFilterChainDecorator$ObservationFilter.wrapFilter(ObservationFilterChainDecorator.java:240)
	at org.springframework.security.web.ObservationFilterChainDecorator$ObservationFilter.doFilter(ObservationFilterChainDecorator.java:227)
	at org.springframework.security.web.ObservationFilterChainDecorator$VirtualFilterChain.doFilter(ObservationFilterChainDecorator.java:137)
	at org.springframework.security.oauth2.client.web.OAuth2AuthorizationRequestRedirectFilter.doFilterInternal(OAuth2AuthorizationRequestRedirectFilter.java:198)
	at org.springframework.web.filter.OncePerRequestFilter.doFilter(OncePerRequestFilter.java:116)
	at org.springframework.security.web.ObservationFilterChainDecorator$ObservationFilter.wrapFilter(ObservationFilterChainDecorator.java:240)
	at org.springframework.security.web.ObservationFilterChainDecorator$ObservationFilter.doFilter(ObservationFilterChainDecorator.java:227)
	at org.springframework.security.web.ObservationFilterChainDecorator$VirtualFilterChain.doFilter(ObservationFilterChainDecorator.java:137)
	at org.springframework.security.web.authentication.logout.LogoutFilter.doFilter(LogoutFilter.java:107)
	at org.springframework.security.web.authentication.logout.LogoutFilter.doFilter(LogoutFilter.java:93)
	at org.springframework.security.web.ObservationFilterChainDecorator$ObservationFilter.wrapFilter(ObservationFilterChainDecorator.java:240)
	at org.springframework.security.web.ObservationFilterChainDecorator$ObservationFilter.doFilter(ObservationFilterChainDecorator.java:227)
	at org.springframework.security.web.ObservationFilterChainDecorator$VirtualFilterChain.doFilter(ObservationFilterChainDecorator.java:137)
	at org.springframework.security.web.csrf.CsrfFilter.doFilterInternal(CsrfFilter.java:117)
	at org.springframework.web.filter.OncePerRequestFilter.doFilter(OncePerRequestFilter.java:116)
	at org.springframework.security.web.ObservationFilterChainDecorator$ObservationFilter.wrapFilter(ObservationFilterChainDecorator.java:240)
	at org.springframework.security.web.ObservationFilterChainDecorator$ObservationFilter.doFilter(ObservationFilterChainDecorator.java:227)
	at org.springframework.security.web.ObservationFilterChainDecorator$VirtualFilterChain.doFilter(ObservationFilterChainDecorator.java:137)
	at org.springframework.security.web.header.HeaderWriterFilter.doHeadersAfter(HeaderWriterFilter.java:90)
	at org.springframework.security.web.header.HeaderWriterFilter.doFilterInternal(HeaderWriterFilter.java:75)
	at org.springframework.web.filter.OncePerRequestFilter.doFilter(OncePerRequestFilter.java:116)
	at org.springframework.security.web.ObservationFilterChainDecorator$ObservationFilter.wrapFilter(ObservationFilterChainDecorator.java:240)
	at org.springframework.security.web.ObservationFilterChainDecorator$ObservationFilter.doFilter(ObservationFilterChainDecorator.java:227)
	at org.springframework.security.web.ObservationFilterChainDecorator$VirtualFilterChain.doFilter(ObservationFilterChainDecorator.java:137)
	at org.springframework.security.web.context.SecurityContextHolderFilter.doFilter(SecurityContextHolderFilter.java:82)
	at org.springframework.security.web.context.SecurityContextHolderFilter.doFilter(SecurityContextHolderFilter.java:69)
	at org.springframework.security.web.ObservationFilterChainDecorator$ObservationFilter.wrapFilter(ObservationFilterChainDecorator.java:240)
	at org.springframework.security.web.ObservationFilterChainDecorator$ObservationFilter.doFilter(ObservationFilterChainDecorator.java:227)
	at org.springframework.security.web.ObservationFilterChainDecorator$VirtualFilterChain.doFilter(ObservationFilterChainDecorator.java:137)
	at org.springframework.security.web.context.request.async.WebAsyncManagerIntegrationFilter.doFilterInternal(WebAsyncManagerIntegrationFilter.java:62)
	at org.springframework.web.filter.OncePerRequestFilter.doFilter(OncePerRequestFilter.java:116)
	at org.springframework.security.web.ObservationFilterChainDecorator$ObservationFilter.wrapFilter(ObservationFilterChainDecorator.java:240)
	at org.springframework.security.web.ObservationFilterChainDecorator$ObservationFilter.doFilter(ObservationFilterChainDecorator.java:227)
	at org.springframework.security.web.ObservationFilterChainDecorator$VirtualFilterChain.doFilter(ObservationFilterChainDecorator.java:137)
	at org.springframework.security.web.session.DisableEncodeUrlFilter.doFilterInternal(DisableEncodeUrlFilter.java:42)
	at org.springframework.web.filter.OncePerRequestFilter.doFilter(OncePerRequestFilter.java:116)
	at org.springframework.security.web.ObservationFilterChainDecorator$ObservationFilter.wrapFilter(ObservationFilterChainDecorator.java:240)
	at org.springframework.security.web.ObservationFilterChainDecorator$AroundFilterObservation$SimpleAroundFilterObservation.lambda$wrap$0(ObservationFilterChainDecorator.java:323)
	at org.springframework.security.web.ObservationFilterChainDecorator$ObservationFilter.doFilter(ObservationFilterChainDecorator.java:224)
	at org.springframework.security.web.ObservationFilterChainDecorator$VirtualFilterChain.doFilter(ObservationFilterChainDecorator.java:137)
	at org.springframework.security.web.FilterChainProxy.doFilterInternal(FilterChainProxy.java:233)
	at org.springframework.security.web.FilterChainProxy.doFilter(FilterChainProxy.java:191)
	at org.springframework.web.filter.CompositeFilter$VirtualFilterChain.doFilter(CompositeFilter.java:113)
	at org.springframework.web.servlet.handler.HandlerMappingIntrospector.lambda$createCacheFilter$3(HandlerMappingIntrospector.java:195)
	at org.springframework.web.filter.CompositeFilter$VirtualFilterChain.doFilter(CompositeFilter.java:113)
	at org.springframework.web.filter.CompositeFilter.doFilter(CompositeFilter.java:74)
	at org.springframework.security.config.annotation.web.configuration.WebMvcSecurityConfiguration$CompositeFilterChainProxy.doFilter(WebMvcSecurityConfiguration.java:230)
	at org.springframework.web.filter.DelegatingFilterProxy.invokeDelegate(DelegatingFilterProxy.java:352)
	at org.springframework.web.filter.DelegatingFilterProxy.doFilter(DelegatingFilterProxy.java:268)
	at org.apache.catalina.core.ApplicationFilterChain.internalDoFilter(ApplicationFilterChain.java:164)
	at org.apache.catalina.core.ApplicationFilterChain.doFilter(ApplicationFilterChain.java:140)
	at org.springframework.web.filter.RequestContextFilter.doFilterInternal(RequestContextFilter.java:100)
	at org.springframework.web.filter.OncePerRequestFilter.doFilter(OncePerRequestFilter.java:116)
	at org.apache.catalina.core.ApplicationFilterChain.internalDoFilter(ApplicationFilterChain.java:164)
	at org.apache.catalina.core.ApplicationFilterChain.doFilter(ApplicationFilterChain.java:140)
	at org.springframework.web.filter.FormContentFilter.doFilterInternal(FormContentFilter.java:93)
	at org.springframework.web.filter.OncePerRequestFilter.doFilter(OncePerRequestFilter.java:116)
	at org.apache.catalina.core.ApplicationFilterChain.internalDoFilter(ApplicationFilterChain.java:164)
	at org.apache.catalina.core.ApplicationFilterChain.doFilter(ApplicationFilterChain.java:140)
	at org.springframework.web.filter.ServerHttpObservationFilter.doFilterInternal(ServerHttpObservationFilter.java:113)
	at org.springframework.web.filter.OncePerRequestFilter.doFilter(OncePerRequestFilter.java:116)
	at org.apache.catalina.core.ApplicationFilterChain.internalDoFilter(ApplicationFilterChain.java:164)
	at org.apache.catalina.core.ApplicationFilterChain.doFilter(ApplicationFilterChain.java:140)
	at org.springframework.web.filter.CharacterEncodingFilter.doFilterInternal(CharacterEncodingFilter.java:201)
	at org.springframework.web.filter.OncePerRequestFilter.doFilter(OncePerRequestFilter.java:116)
	at org.apache.catalina.core.ApplicationFilterChain.internalDoFilter(ApplicationFilterChain.java:164)
	at org.apache.catalina.core.ApplicationFilterChain.doFilter(ApplicationFilterChain.java:140)
	at org.apache.catalina.core.StandardWrapperValve.invoke(StandardWrapperValve.java:167)
	at org.apache.catalina.core.StandardContextValve.invoke(StandardContextValve.java:90)
	at org.apache.catalina.authenticator.AuthenticatorBase.invoke(AuthenticatorBase.java:483)
	at org.apache.catalina.core.StandardHostValve.invoke(StandardHostValve.java:115)
	at org.apache.catalina.valves.ErrorReportValve.invoke(ErrorReportValve.java:93)
	at org.apache.catalina.core.StandardEngineValve.invoke(StandardEngineValve.java:74)
	at org.apache.catalina.connector.CoyoteAdapter.service(CoyoteAdapter.java:344)
	at org.apache.coyote.http11.Http11Processor.service(Http11Processor.java:384)
	at org.apache.coyote.AbstractProcessorLight.process(AbstractProcessorLight.java:63)
	at org.apache.coyote.AbstractProtocol$ConnectionHandler.process(AbstractProtocol.java:904)
	at org.apache.tomcat.util.net.NioEndpoint$SocketProcessor.doRun(NioEndpoint.java:1741)
	at org.apache.tomcat.util.net.SocketProcessorBase.run(SocketProcessorBase.java:52)
	at org.apache.tomcat.util.threads.ThreadPoolExecutor.runWorker(ThreadPoolExecutor.java:1190)
	at org.apache.tomcat.util.threads.ThreadPoolExecutor$Worker.run(ThreadPoolExecutor.java:659)
	at org.apache.tomcat.util.threads.TaskThread$WrappingRunnable.run(TaskThread.java:63)
	at java.base/java.lang.Thread.run(Thread.java:1575)
2026-07-13 19:43:40.100 [http-nio-8080-exec-8] WARN  o.s.w.s.m.m.a.ExceptionHandlerExceptionResolver [requestId=6f19c613-3536-4d18-a905-1267896bf247] [path=/api/champions/51/builds/options] - Resolved [org.springframework.web.servlet.resource.NoResourceFoundException: No static resource api/champions/51/builds/options.]
2026-07-13 19:44:34.124 [background-preinit] INFO  o.h.validator.internal.util.Version [requestId=] [path=] - HV000001: Hibernate Validator 8.0.1.Final
2026-07-13 19:44:34.213 [restartedMain] INFO  org.main.RiotPractice [requestId=] [path=] - Starting RiotPractice using Java 23.0.2 with PID 25784 (D:\Games\RiotApiPractice\target\classes started by egors in D:\Games\RiotApiPractice)
2026-07-13 19:44:34.215 [restartedMain] DEBUG org.main.RiotPractice [requestId=] [path=] - Running with Spring Boot v3.3.3, Spring v6.1.12
2026-07-13 19:44:34.217 [restartedMain] INFO  org.main.RiotPractice [requestId=] [path=] - No active profile set, falling back to 1 default profile: "default"
2026-07-13 19:44:34.314 [restartedMain] INFO  o.s.b.d.e.DevToolsPropertyDefaultsPostProcessor [requestId=] [path=] - Devtools property defaults active! Set 'spring.devtools.add-properties' to 'false' to disable
2026-07-13 19:44:34.315 [restartedMain] INFO  o.s.b.d.e.DevToolsPropertyDefaultsPostProcessor [requestId=] [path=] - For additional web related logging consider setting the 'logging.level.web' property to 'DEBUG'
2026-07-13 19:44:36.859 [restartedMain] INFO  o.s.d.r.c.RepositoryConfigurationDelegate [requestId=] [path=] - Bootstrapping Spring Data JPA repositories in DEFAULT mode.
2026-07-13 19:44:37.107 [restartedMain] INFO  o.s.d.r.c.RepositoryConfigurationDelegate [requestId=] [path=] - Finished Spring Data repository scanning in 230 ms. Found 15 JPA repository interfaces.
2026-07-13 19:44:38.545 [restartedMain] INFO  o.s.b.w.e.tomcat.TomcatWebServer [requestId=] [path=] - Tomcat initialized with port 8080 (http)
2026-07-13 19:44:38.565 [restartedMain] INFO  o.a.coyote.http11.Http11NioProtocol [requestId=] [path=] - Initializing ProtocolHandler ["http-nio-8080"]
2026-07-13 19:44:38.572 [restartedMain] INFO  o.a.catalina.core.StandardService [requestId=] [path=] - Starting service [Tomcat]
2026-07-13 19:44:38.573 [restartedMain] INFO  o.a.catalina.core.StandardEngine [requestId=] [path=] - Starting Servlet engine: [Apache Tomcat/10.1.28]
2026-07-13 19:44:38.640 [restartedMain] INFO  o.a.c.c.C.[Tomcat].[localhost].[/] [requestId=] [path=] - Initializing Spring embedded WebApplicationContext
2026-07-13 19:44:38.641 [restartedMain] INFO  o.s.b.w.s.c.ServletWebServerApplicationContext [requestId=] [path=] - Root WebApplicationContext: initialization completed in 4324 ms
2026-07-13 19:44:39.188 [restartedMain] INFO  com.zaxxer.hikari.HikariDataSource [requestId=] [path=] - HikariPool-1 - Starting...
2026-07-13 19:44:39.476 [restartedMain] INFO  com.zaxxer.hikari.pool.HikariPool [requestId=] [path=] - HikariPool-1 - Added connection org.postgresql.jdbc.PgConnection@5c4d65c4
2026-07-13 19:44:39.480 [restartedMain] INFO  com.zaxxer.hikari.HikariDataSource [requestId=] [path=] - HikariPool-1 - Start completed.
2026-07-13 19:44:39.517 [restartedMain] INFO  org.flywaydb.core.FlywayExecutor [requestId=] [path=] - Database: jdbc:postgresql://localhost:5432/postgres (PostgreSQL 18.0)
2026-07-13 19:44:39.528 [restartedMain] WARN  o.f.c.i.database.base.Database [requestId=] [path=] - Flyway upgrade recommended: PostgreSQL 18.0 is newer than this version of Flyway and support has not been tested. The latest supported version of PostgreSQL is 16.
2026-07-13 19:44:39.584 [restartedMain] INFO  o.f.core.internal.command.DbValidate [requestId=] [path=] - Successfully validated 3 migrations (execution time 00:00.040s)
2026-07-13 19:44:39.663 [restartedMain] INFO  o.f.core.internal.command.DbMigrate [requestId=] [path=] - Current version of schema "app": 2
2026-07-13 19:44:39.667 [restartedMain] INFO  o.f.core.internal.command.DbMigrate [requestId=] [path=] - Schema "app" is up to date. No migration necessary.
2026-07-13 19:44:39.829 [restartedMain] INFO  o.h.jpa.internal.util.LogHelper [requestId=] [path=] - HHH000204: Processing PersistenceUnitInfo [name: default]
2026-07-13 19:44:39.944 [restartedMain] INFO  org.hibernate.Version [requestId=] [path=] - HHH000412: Hibernate ORM core version 6.5.2.Final
2026-07-13 19:44:40.017 [restartedMain] INFO  o.h.c.i.RegionFactoryInitiator [requestId=] [path=] - HHH000026: Second-level cache disabled
2026-07-13 19:44:40.592 [restartedMain] INFO  o.s.o.j.p.SpringPersistenceUnitInfo [requestId=] [path=] - No LoadTimeWeaver setup: ignoring JPA class transformer
2026-07-13 19:44:42.817 [restartedMain] INFO  o.h.e.t.j.p.i.JtaPlatformInitiator [requestId=] [path=] - HHH000489: No JTA platform available (set 'hibernate.transaction.jta.platform' to enable JTA platform integration)
2026-07-13 19:44:42.914 [restartedMain] INFO  o.s.o.j.LocalContainerEntityManagerFactoryBean [requestId=] [path=] - Initialized JPA EntityManagerFactory for persistence unit 'default'
2026-07-13 19:44:43.279 [restartedMain] INFO  o.s.d.j.r.query.QueryEnhancerFactory [requestId=] [path=] - Hibernate is in classpath; If applicable, HQL parser will be used.
2026-07-13 19:44:44.090 [restartedMain] DEBUG o.main.config.RequestLoggingFilter [requestId=] [path=] - Filter 'requestLoggingFilter' configured for use
2026-07-13 19:44:44.091 [restartedMain] DEBUG o.m.a.s.AppSessionAuthenticationFilter [requestId=] [path=] - Filter 'appSessionAuthenticationFilter' configured for use
2026-07-13 19:44:44.476 [restartedMain] WARN  o.s.b.w.s.c.AnnotationConfigServletWebServerApplicationContext [requestId=] [path=] - Exception encountered during context initialization - cancelling refresh attempt: org.springframework.beans.factory.UnsatisfiedDependencyException: Error creating bean with name 'championBuildController' defined in file [D:\Games\RiotApiPractice\target\classes\org\main\builds\api\ChampionBuildController.class]: Unsatisfied dependency expressed through constructor parameter 0: Error creating bean with name 'championBuildService' defined in file [D:\Games\RiotApiPractice\target\classes\org\main\builds\api\ChampionBuildService.class]: Unsatisfied dependency expressed through constructor parameter 1: Error creating bean with name 'jdbcBuildAssetRepository' defined in file [D:\Games\RiotApiPractice\target\classes\org\main\builds\api\JdbcBuildAssetRepository.class]: Could not generate CGLIB subclass of class org.main.builds.api.JdbcBuildAssetRepository: Common causes of this problem include using a final class or a non-visible class
2026-07-13 19:44:44.478 [restartedMain] INFO  o.s.o.j.LocalContainerEntityManagerFactoryBean [requestId=] [path=] - Closing JPA EntityManagerFactory for persistence unit 'default'
2026-07-13 19:44:44.483 [restartedMain] INFO  com.zaxxer.hikari.HikariDataSource [requestId=] [path=] - HikariPool-1 - Shutdown initiated...
2026-07-13 19:44:44.491 [restartedMain] INFO  com.zaxxer.hikari.HikariDataSource [requestId=] [path=] - HikariPool-1 - Shutdown completed.
2026-07-13 19:44:44.497 [restartedMain] INFO  o.a.catalina.core.StandardService [requestId=] [path=] - Stopping service [Tomcat]
2026-07-13 19:44:44.515 [restartedMain] INFO  o.s.b.a.l.ConditionEvaluationReportLogger [requestId=] [path=] - 

Error starting ApplicationContext. To display the condition evaluation report re-run your application with 'debug' enabled.
2026-07-13 19:44:44.543 [restartedMain] ERROR o.s.boot.SpringApplication [requestId=] [path=] - Application run failed
org.springframework.beans.factory.UnsatisfiedDependencyException: Error creating bean with name 'championBuildController' defined in file [D:\Games\RiotApiPractice\target\classes\org\main\builds\api\ChampionBuildController.class]: Unsatisfied dependency expressed through constructor parameter 0: Error creating bean with name 'championBuildService' defined in file [D:\Games\RiotApiPractice\target\classes\org\main\builds\api\ChampionBuildService.class]: Unsatisfied dependency expressed through constructor parameter 1: Error creating bean with name 'jdbcBuildAssetRepository' defined in file [D:\Games\RiotApiPractice\target\classes\org\main\builds\api\JdbcBuildAssetRepository.class]: Could not generate CGLIB subclass of class org.main.builds.api.JdbcBuildAssetRepository: Common causes of this problem include using a final class or a non-visible class
	at org.springframework.beans.factory.support.ConstructorResolver.createArgumentArray(ConstructorResolver.java:795)
	at org.springframework.beans.factory.support.ConstructorResolver.autowireConstructor(ConstructorResolver.java:237)
	at org.springframework.beans.factory.support.AbstractAutowireCapableBeanFactory.autowireConstructor(AbstractAutowireCapableBeanFactory.java:1375)
	at org.springframework.beans.factory.support.AbstractAutowireCapableBeanFactory.createBeanInstance(AbstractAutowireCapableBeanFactory.java:1212)
	at org.springframework.beans.factory.support.AbstractAutowireCapableBeanFactory.doCreateBean(AbstractAutowireCapableBeanFactory.java:562)
	at org.springframework.beans.factory.support.AbstractAutowireCapableBeanFactory.createBean(AbstractAutowireCapableBeanFactory.java:522)
	at org.springframework.beans.factory.support.AbstractBeanFactory.lambda$doGetBean$0(AbstractBeanFactory.java:337)
	at org.springframework.beans.factory.support.DefaultSingletonBeanRegistry.getSingleton(DefaultSingletonBeanRegistry.java:234)
	at org.springframework.beans.factory.support.AbstractBeanFactory.doGetBean(AbstractBeanFactory.java:335)
	at org.springframework.beans.factory.support.AbstractBeanFactory.getBean(AbstractBeanFactory.java:200)
	at org.springframework.beans.factory.support.DefaultListableBeanFactory.preInstantiateSingletons(DefaultListableBeanFactory.java:975)
	at org.springframework.context.support.AbstractApplicationContext.finishBeanFactoryInitialization(AbstractApplicationContext.java:971)
	at org.springframework.context.support.AbstractApplicationContext.refresh(AbstractApplicationContext.java:625)
	at org.springframework.boot.web.servlet.context.ServletWebServerApplicationContext.refresh(ServletWebServerApplicationContext.java:146)
	at org.springframework.boot.SpringApplication.refresh(SpringApplication.java:754)
	at org.springframework.boot.SpringApplication.refreshContext(SpringApplication.java:456)
	at org.springframework.boot.SpringApplication.run(SpringApplication.java:335)
	at org.springframework.boot.SpringApplication.run(SpringApplication.java:1363)
	at org.springframework.boot.SpringApplication.run(SpringApplication.java:1352)
	at org.main.RiotPractice.main(RiotPractice.java:17)
	at java.base/jdk.internal.reflect.DirectMethodHandleAccessor.invoke(DirectMethodHandleAccessor.java:103)
	at java.base/java.lang.reflect.Method.invoke(Method.java:580)
	at org.springframework.boot.devtools.restart.RestartLauncher.run(RestartLauncher.java:50)
Caused by: org.springframework.beans.factory.UnsatisfiedDependencyException: Error creating bean with name 'championBuildService' defined in file [D:\Games\RiotApiPractice\target\classes\org\main\builds\api\ChampionBuildService.class]: Unsatisfied dependency expressed through constructor parameter 1: Error creating bean with name 'jdbcBuildAssetRepository' defined in file [D:\Games\RiotApiPractice\target\classes\org\main\builds\api\JdbcBuildAssetRepository.class]: Could not generate CGLIB subclass of class org.main.builds.api.JdbcBuildAssetRepository: Common causes of this problem include using a final class or a non-visible class
	at org.springframework.beans.factory.support.ConstructorResolver.createArgumentArray(ConstructorResolver.java:795)
	at org.springframework.beans.factory.support.ConstructorResolver.autowireConstructor(ConstructorResolver.java:237)
	at org.springframework.beans.factory.support.AbstractAutowireCapableBeanFactory.autowireConstructor(AbstractAutowireCapableBeanFactory.java:1375)
	at org.springframework.beans.factory.support.AbstractAutowireCapableBeanFactory.createBeanInstance(AbstractAutowireCapableBeanFactory.java:1212)
	at org.springframework.beans.factory.support.AbstractAutowireCapableBeanFactory.doCreateBean(AbstractAutowireCapableBeanFactory.java:562)
	at org.springframework.beans.factory.support.AbstractAutowireCapableBeanFactory.createBean(AbstractAutowireCapableBeanFactory.java:522)
	at org.springframework.beans.factory.support.AbstractBeanFactory.lambda$doGetBean$0(AbstractBeanFactory.java:337)
	at org.springframework.beans.factory.support.DefaultSingletonBeanRegistry.getSingleton(DefaultSingletonBeanRegistry.java:234)
	at org.springframework.beans.factory.support.AbstractBeanFactory.doGetBean(AbstractBeanFactory.java:335)
	at org.springframework.beans.factory.support.AbstractBeanFactory.getBean(AbstractBeanFactory.java:200)
	at org.springframework.beans.factory.config.DependencyDescriptor.resolveCandidate(DependencyDescriptor.java:254)
	at org.springframework.beans.factory.support.DefaultListableBeanFactory.doResolveDependency(DefaultListableBeanFactory.java:1443)
	at org.springframework.beans.factory.support.DefaultListableBeanFactory.resolveDependency(DefaultListableBeanFactory.java:1353)
	at org.springframework.beans.factory.support.ConstructorResolver.resolveAutowiredArgument(ConstructorResolver.java:904)
	at org.springframework.beans.factory.support.ConstructorResolver.createArgumentArray(ConstructorResolver.java:782)
	... 22 common frames omitted
Caused by: org.springframework.beans.factory.BeanCreationException: Error creating bean with name 'jdbcBuildAssetRepository' defined in file [D:\Games\RiotApiPractice\target\classes\org\main\builds\api\JdbcBuildAssetRepository.class]: Could not generate CGLIB subclass of class org.main.builds.api.JdbcBuildAssetRepository: Common causes of this problem include using a final class or a non-visible class
	at org.springframework.beans.factory.support.AbstractAutowireCapableBeanFactory.doCreateBean(AbstractAutowireCapableBeanFactory.java:607)
	at org.springframework.beans.factory.support.AbstractAutowireCapableBeanFactory.createBean(AbstractAutowireCapableBeanFactory.java:522)
	at org.springframework.beans.factory.support.AbstractBeanFactory.lambda$doGetBean$0(AbstractBeanFactory.java:337)
	at org.springframework.beans.factory.support.DefaultSingletonBeanRegistry.getSingleton(DefaultSingletonBeanRegistry.java:234)
	at org.springframework.beans.factory.support.AbstractBeanFactory.doGetBean(AbstractBeanFactory.java:335)
	at org.springframework.beans.factory.support.AbstractBeanFactory.getBean(AbstractBeanFactory.java:200)
	at org.springframework.beans.factory.config.DependencyDescriptor.resolveCandidate(DependencyDescriptor.java:254)
	at org.springframework.beans.factory.support.DefaultListableBeanFactory.doResolveDependency(DefaultListableBeanFactory.java:1443)
	at org.springframework.beans.factory.support.DefaultListableBeanFactory.resolveDependency(DefaultListableBeanFactory.java:1353)
	at org.springframework.beans.factory.support.ConstructorResolver.resolveAutowiredArgument(ConstructorResolver.java:904)
	at org.springframework.beans.factory.support.ConstructorResolver.createArgumentArray(ConstructorResolver.java:782)
	... 36 common frames omitted
Caused by: org.springframework.aop.framework.AopConfigException: Could not generate CGLIB subclass of class org.main.builds.api.JdbcBuildAssetRepository: Common causes of this problem include using a final class or a non-visible class
	at org.springframework.aop.framework.CglibAopProxy.buildProxy(CglibAopProxy.java:230)
	at org.springframework.aop.framework.CglibAopProxy.getProxy(CglibAopProxy.java:163)
	at org.springframework.aop.framework.ProxyFactory.getProxy(ProxyFactory.java:110)
	at org.springframework.aop.framework.AbstractAdvisingBeanPostProcessor.postProcessAfterInitialization(AbstractAdvisingBeanPostProcessor.java:127)
	at org.springframework.beans.factory.support.AbstractAutowireCapableBeanFactory.applyBeanPostProcessorsAfterInitialization(AbstractAutowireCapableBeanFactory.java:438)
	at org.springframework.beans.factory.support.AbstractAutowireCapableBeanFactory.initializeBean(AbstractAutowireCapableBeanFactory.java:1809)
	at org.springframework.beans.factory.support.AbstractAutowireCapableBeanFactory.doCreateBean(AbstractAutowireCapableBeanFactory.java:600)
	... 46 common frames omitted
Caused by: java.lang.IllegalArgumentException: Cannot subclass final class org.main.builds.api.JdbcBuildAssetRepository
	at org.springframework.cglib.proxy.Enhancer.generateClass(Enhancer.java:653)
	at org.springframework.cglib.core.DefaultGeneratorStrategy.generate(DefaultGeneratorStrategy.java:26)
	at org.springframework.cglib.core.ClassLoaderAwareGeneratorStrategy.generate(ClassLoaderAwareGeneratorStrategy.java:57)
	at org.springframework.cglib.core.AbstractClassGenerator.generate(AbstractClassGenerator.java:366)
	at org.springframework.cglib.proxy.Enhancer.generate(Enhancer.java:575)
	at org.springframework.cglib.core.AbstractClassGenerator$ClassLoaderData.get(AbstractClassGenerator.java:127)
	at org.springframework.cglib.core.AbstractClassGenerator.create(AbstractClassGenerator.java:317)
	at org.springframework.cglib.proxy.Enhancer.createHelper(Enhancer.java:562)
	at org.springframework.cglib.proxy.Enhancer.createClass(Enhancer.java:407)
	at org.springframework.aop.framework.ObjenesisCglibAopProxy.createProxyClassAndInstance(ObjenesisCglibAopProxy.java:62)
	at org.springframework.aop.framework.CglibAopProxy.buildProxy(CglibAopProxy.java:221)
	... 52 common frames omitted
2026-07-13 19:56:33.509 [background-preinit] INFO  o.h.validator.internal.util.Version [requestId=] [path=] - HV000001: Hibernate Validator 8.0.1.Final
2026-07-13 19:56:33.617 [restartedMain] INFO  org.main.RiotPractice [requestId=] [path=] - Starting RiotPractice using Java 23-valhalla with PID 5156 (D:\Games\RiotApiPractice\target\classes started by egors in D:\Games\RiotApiPractice)
2026-07-13 19:56:33.618 [restartedMain] DEBUG org.main.RiotPractice [requestId=] [path=] - Running with Spring Boot v3.3.3, Spring v6.1.12
2026-07-13 19:56:33.620 [restartedMain] INFO  org.main.RiotPractice [requestId=] [path=] - No active profile set, falling back to 1 default profile: "default"
2026-07-13 19:56:33.747 [restartedMain] INFO  o.s.b.d.e.DevToolsPropertyDefaultsPostProcessor [requestId=] [path=] - Devtools property defaults active! Set 'spring.devtools.add-properties' to 'false' to disable
2026-07-13 19:56:33.747 [restartedMain] INFO  o.s.b.d.e.DevToolsPropertyDefaultsPostProcessor [requestId=] [path=] - For additional web related logging consider setting the 'logging.level.web' property to 'DEBUG'
2026-07-13 19:56:36.950 [restartedMain] INFO  o.s.d.r.c.RepositoryConfigurationDelegate [requestId=] [path=] - Bootstrapping Spring Data JPA repositories in DEFAULT mode.
2026-07-13 19:56:37.124 [restartedMain] INFO  o.s.d.r.c.RepositoryConfigurationDelegate [requestId=] [path=] - Finished Spring Data repository scanning in 160 ms. Found 15 JPA repository interfaces.
2026-07-13 19:56:38.843 [restartedMain] INFO  o.s.b.w.e.tomcat.TomcatWebServer [requestId=] [path=] - Tomcat initialized with port 8080 (http)
2026-07-13 19:56:38.869 [restartedMain] INFO  o.a.coyote.http11.Http11NioProtocol [requestId=] [path=] - Initializing ProtocolHandler ["http-nio-8080"]
2026-07-13 19:56:38.878 [restartedMain] INFO  o.a.catalina.core.StandardService [requestId=] [path=] - Starting service [Tomcat]
2026-07-13 19:56:38.879 [restartedMain] INFO  o.a.catalina.core.StandardEngine [requestId=] [path=] - Starting Servlet engine: [Apache Tomcat/10.1.28]
2026-07-13 19:56:39.010 [restartedMain] INFO  o.a.c.c.C.[Tomcat].[localhost].[/] [requestId=] [path=] - Initializing Spring embedded WebApplicationContext
2026-07-13 19:56:39.011 [restartedMain] INFO  o.s.b.w.s.c.ServletWebServerApplicationContext [requestId=] [path=] - Root WebApplicationContext: initialization completed in 5262 ms
2026-07-13 19:56:39.966 [restartedMain] INFO  com.zaxxer.hikari.HikariDataSource [requestId=] [path=] - HikariPool-1 - Starting...
2026-07-13 19:56:40.356 [restartedMain] INFO  com.zaxxer.hikari.pool.HikariPool [requestId=] [path=] - HikariPool-1 - Added connection org.postgresql.jdbc.PgConnection@3daab26b
2026-07-13 19:56:40.360 [restartedMain] INFO  com.zaxxer.hikari.HikariDataSource [requestId=] [path=] - HikariPool-1 - Start completed.
2026-07-13 19:56:40.448 [restartedMain] INFO  org.flywaydb.core.FlywayExecutor [requestId=] [path=] - Database: jdbc:postgresql://localhost:5432/postgres (PostgreSQL 18.0)
2026-07-13 19:56:40.472 [restartedMain] WARN  o.f.c.i.database.base.Database [requestId=] [path=] - Flyway upgrade recommended: PostgreSQL 18.0 is newer than this version of Flyway and support has not been tested. The latest supported version of PostgreSQL is 16.
2026-07-13 19:56:40.593 [restartedMain] INFO  o.f.core.internal.command.DbValidate [requestId=] [path=] - Successfully validated 3 migrations (execution time 00:00.085s)
2026-07-13 19:56:40.622 [restartedMain] INFO  o.f.core.internal.command.DbMigrate [requestId=] [path=] - Current version of schema "app": 2
2026-07-13 19:56:40.628 [restartedMain] INFO  o.f.core.internal.command.DbMigrate [requestId=] [path=] - Schema "app" is up to date. No migration necessary.
2026-07-13 19:56:40.812 [restartedMain] INFO  o.h.jpa.internal.util.LogHelper [requestId=] [path=] - HHH000204: Processing PersistenceUnitInfo [name: default]
2026-07-13 19:56:40.967 [restartedMain] INFO  org.hibernate.Version [requestId=] [path=] - HHH000412: Hibernate ORM core version 6.5.2.Final
2026-07-13 19:56:41.046 [restartedMain] INFO  o.h.c.i.RegionFactoryInitiator [requestId=] [path=] - HHH000026: Second-level cache disabled
2026-07-13 19:56:41.738 [restartedMain] INFO  o.s.o.j.p.SpringPersistenceUnitInfo [requestId=] [path=] - No LoadTimeWeaver setup: ignoring JPA class transformer
2026-07-13 19:56:44.389 [restartedMain] INFO  o.h.e.t.j.p.i.JtaPlatformInitiator [requestId=] [path=] - HHH000489: No JTA platform available (set 'hibernate.transaction.jta.platform' to enable JTA platform integration)
2026-07-13 19:56:44.550 [restartedMain] INFO  o.s.o.j.LocalContainerEntityManagerFactoryBean [requestId=] [path=] - Initialized JPA EntityManagerFactory for persistence unit 'default'
2026-07-13 19:56:45.097 [restartedMain] INFO  o.s.d.j.r.query.QueryEnhancerFactory [requestId=] [path=] - Hibernate is in classpath; If applicable, HQL parser will be used.
2026-07-13 19:56:46.111 [restartedMain] DEBUG o.main.config.RequestLoggingFilter [requestId=] [path=] - Filter 'requestLoggingFilter' configured for use
2026-07-13 19:56:46.112 [restartedMain] DEBUG o.m.a.s.AppSessionAuthenticationFilter [requestId=] [path=] - Filter 'appSessionAuthenticationFilter' configured for use
2026-07-13 19:56:46.774 [restartedMain] WARN  o.s.b.w.s.c.AnnotationConfigServletWebServerApplicationContext [requestId=] [path=] - Exception encountered during context initialization - cancelling refresh attempt: org.springframework.beans.factory.UnsatisfiedDependencyException: Error creating bean with name 'championBuildController' defined in file [D:\Games\RiotApiPractice\target\classes\org\main\builds\api\ChampionBuildController.class]: Unsatisfied dependency expressed through constructor parameter 0: Error creating bean with name 'championBuildService' defined in file [D:\Games\RiotApiPractice\target\classes\org\main\builds\api\ChampionBuildService.class]: Unsatisfied dependency expressed through constructor parameter 1: Error creating bean with name 'jdbcBuildAssetRepository' defined in file [D:\Games\RiotApiPractice\target\classes\org\main\builds\api\JdbcBuildAssetRepository.class]: Could not generate CGLIB subclass of class org.main.builds.api.JdbcBuildAssetRepository: Common causes of this problem include using a final class or a non-visible class
2026-07-13 19:56:46.777 [restartedMain] INFO  o.s.o.j.LocalContainerEntityManagerFactoryBean [requestId=] [path=] - Closing JPA EntityManagerFactory for persistence unit 'default'
2026-07-13 19:56:46.781 [restartedMain] INFO  com.zaxxer.hikari.HikariDataSource [requestId=] [path=] - HikariPool-1 - Shutdown initiated...
2026-07-13 19:56:46.788 [restartedMain] INFO  com.zaxxer.hikari.HikariDataSource [requestId=] [path=] - HikariPool-1 - Shutdown completed.
2026-07-13 19:56:46.796 [restartedMain] INFO  o.a.catalina.core.StandardService [requestId=] [path=] - Stopping service [Tomcat]
2026-07-13 19:56:46.826 [restartedMain] INFO  o.s.b.a.l.ConditionEvaluationReportLogger [requestId=] [path=] - 

Error starting ApplicationContext. To display the condition evaluation report re-run your application with 'debug' enabled.
2026-07-13 19:56:46.877 [restartedMain] ERROR o.s.boot.SpringApplication [requestId=] [path=] - Application run failed
org.springframework.beans.factory.UnsatisfiedDependencyException: Error creating bean with name 'championBuildController' defined in file [D:\Games\RiotApiPractice\target\classes\org\main\builds\api\ChampionBuildController.class]: Unsatisfied dependency expressed through constructor parameter 0: Error creating bean with name 'championBuildService' defined in file [D:\Games\RiotApiPractice\target\classes\org\main\builds\api\ChampionBuildService.class]: Unsatisfied dependency expressed through constructor parameter 1: Error creating bean with name 'jdbcBuildAssetRepository' defined in file [D:\Games\RiotApiPractice\target\classes\org\main\builds\api\JdbcBuildAssetRepository.class]: Could not generate CGLIB subclass of class org.main.builds.api.JdbcBuildAssetRepository: Common causes of this problem include using a final class or a non-visible class
	at org.springframework.beans.factory.support.ConstructorResolver.createArgumentArray(ConstructorResolver.java:795)
	at org.springframework.beans.factory.support.ConstructorResolver.autowireConstructor(ConstructorResolver.java:237)
	at org.springframework.beans.factory.support.AbstractAutowireCapableBeanFactory.autowireConstructor(AbstractAutowireCapableBeanFactory.java:1375)
	at org.springframework.beans.factory.support.AbstractAutowireCapableBeanFactory.createBeanInstance(AbstractAutowireCapableBeanFactory.java:1212)
	at org.springframework.beans.factory.support.AbstractAutowireCapableBeanFactory.doCreateBean(AbstractAutowireCapableBeanFactory.java:562)
	at org.springframework.beans.factory.support.AbstractAutowireCapableBeanFactory.createBean(AbstractAutowireCapableBeanFactory.java:522)
	at org.springframework.beans.factory.support.AbstractBeanFactory.lambda$doGetBean$0(AbstractBeanFactory.java:337)
	at org.springframework.beans.factory.support.DefaultSingletonBeanRegistry.getSingleton(DefaultSingletonBeanRegistry.java:234)
	at org.springframework.beans.factory.support.AbstractBeanFactory.doGetBean(AbstractBeanFactory.java:335)
	at org.springframework.beans.factory.support.AbstractBeanFactory.getBean(AbstractBeanFactory.java:200)
	at org.springframework.beans.factory.support.DefaultListableBeanFactory.preInstantiateSingletons(DefaultListableBeanFactory.java:975)
	at org.springframework.context.support.AbstractApplicationContext.finishBeanFactoryInitialization(AbstractApplicationContext.java:971)
	at org.springframework.context.support.AbstractApplicationContext.refresh(AbstractApplicationContext.java:625)
	at org.springframework.boot.web.servlet.context.ServletWebServerApplicationContext.refresh(ServletWebServerApplicationContext.java:146)
	at org.springframework.boot.SpringApplication.refresh(SpringApplication.java:754)
	at org.springframework.boot.SpringApplication.refreshContext(SpringApplication.java:456)
	at org.springframework.boot.SpringApplication.run(SpringApplication.java:335)
	at org.springframework.boot.SpringApplication.run(SpringApplication.java:1363)
	at org.springframework.boot.SpringApplication.run(SpringApplication.java:1352)
	at org.main.RiotPractice.main(RiotPractice.java:17)
	at java.base/jdk.internal.reflect.DirectMethodHandleAccessor.invoke(DirectMethodHandleAccessor.java:103)
	at java.base/java.lang.reflect.Method.invoke(Method.java:580)
	at org.springframework.boot.devtools.restart.RestartLauncher.run(RestartLauncher.java:50)
Caused by: org.springframework.beans.factory.UnsatisfiedDependencyException: Error creating bean with name 'championBuildService' defined in file [D:\Games\RiotApiPractice\target\classes\org\main\builds\api\ChampionBuildService.class]: Unsatisfied dependency expressed through constructor parameter 1: Error creating bean with name 'jdbcBuildAssetRepository' defined in file [D:\Games\RiotApiPractice\target\classes\org\main\builds\api\JdbcBuildAssetRepository.class]: Could not generate CGLIB subclass of class org.main.builds.api.JdbcBuildAssetRepository: Common causes of this problem include using a final class or a non-visible class
	at org.springframework.beans.factory.support.ConstructorResolver.createArgumentArray(ConstructorResolver.java:795)
	at org.springframework.beans.factory.support.ConstructorResolver.autowireConstructor(ConstructorResolver.java:237)
	at org.springframework.beans.factory.support.AbstractAutowireCapableBeanFactory.autowireConstructor(AbstractAutowireCapableBeanFactory.java:1375)
	at org.springframework.beans.factory.support.AbstractAutowireCapableBeanFactory.createBeanInstance(AbstractAutowireCapableBeanFactory.java:1212)
	at org.springframework.beans.factory.support.AbstractAutowireCapableBeanFactory.doCreateBean(AbstractAutowireCapableBeanFactory.java:562)
	at org.springframework.beans.factory.support.AbstractAutowireCapableBeanFactory.createBean(AbstractAutowireCapableBeanFactory.java:522)
	at org.springframework.beans.factory.support.AbstractBeanFactory.lambda$doGetBean$0(AbstractBeanFactory.java:337)
	at org.springframework.beans.factory.support.DefaultSingletonBeanRegistry.getSingleton(DefaultSingletonBeanRegistry.java:234)
	at org.springframework.beans.factory.support.AbstractBeanFactory.doGetBean(AbstractBeanFactory.java:335)
	at org.springframework.beans.factory.support.AbstractBeanFactory.getBean(AbstractBeanFactory.java:200)
	at org.springframework.beans.factory.config.DependencyDescriptor.resolveCandidate(DependencyDescriptor.java:254)
	at org.springframework.beans.factory.support.DefaultListableBeanFactory.doResolveDependency(DefaultListableBeanFactory.java:1443)
	at org.springframework.beans.factory.support.DefaultListableBeanFactory.resolveDependency(DefaultListableBeanFactory.java:1353)
	at org.springframework.beans.factory.support.ConstructorResolver.resolveAutowiredArgument(ConstructorResolver.java:904)
	at org.springframework.beans.factory.support.ConstructorResolver.createArgumentArray(ConstructorResolver.java:782)
	... 22 common frames omitted
Caused by: org.springframework.beans.factory.BeanCreationException: Error creating bean with name 'jdbcBuildAssetRepository' defined in file [D:\Games\RiotApiPractice\target\classes\org\main\builds\api\JdbcBuildAssetRepository.class]: Could not generate CGLIB subclass of class org.main.builds.api.JdbcBuildAssetRepository: Common causes of this problem include using a final class or a non-visible class
	at org.springframework.beans.factory.support.AbstractAutowireCapableBeanFactory.doCreateBean(AbstractAutowireCapableBeanFactory.java:607)
	at org.springframework.beans.factory.support.AbstractAutowireCapableBeanFactory.createBean(AbstractAutowireCapableBeanFactory.java:522)
	at org.springframework.beans.factory.support.AbstractBeanFactory.lambda$doGetBean$0(AbstractBeanFactory.java:337)
	at org.springframework.beans.factory.support.DefaultSingletonBeanRegistry.getSingleton(DefaultSingletonBeanRegistry.java:234)
	at org.springframework.beans.factory.support.AbstractBeanFactory.doGetBean(AbstractBeanFactory.java:335)
	at org.springframework.beans.factory.support.AbstractBeanFactory.getBean(AbstractBeanFactory.java:200)
	at org.springframework.beans.factory.config.DependencyDescriptor.resolveCandidate(DependencyDescriptor.java:254)
	at org.springframework.beans.factory.support.DefaultListableBeanFactory.doResolveDependency(DefaultListableBeanFactory.java:1443)
	at org.springframework.beans.factory.support.DefaultListableBeanFactory.resolveDependency(DefaultListableBeanFactory.java:1353)
	at org.springframework.beans.factory.support.ConstructorResolver.resolveAutowiredArgument(ConstructorResolver.java:904)
	at org.springframework.beans.factory.support.ConstructorResolver.createArgumentArray(ConstructorResolver.java:782)
	... 36 common frames omitted
Caused by: org.springframework.aop.framework.AopConfigException: Could not generate CGLIB subclass of class org.main.builds.api.JdbcBuildAssetRepository: Common causes of this problem include using a final class or a non-visible class
	at org.springframework.aop.framework.CglibAopProxy.buildProxy(CglibAopProxy.java:230)
	at org.springframework.aop.framework.CglibAopProxy.getProxy(CglibAopProxy.java:163)
	at org.springframework.aop.framework.ProxyFactory.getProxy(ProxyFactory.java:110)
	at org.springframework.aop.framework.AbstractAdvisingBeanPostProcessor.postProcessAfterInitialization(AbstractAdvisingBeanPostProcessor.java:127)
	at org.springframework.beans.factory.support.AbstractAutowireCapableBeanFactory.applyBeanPostProcessorsAfterInitialization(AbstractAutowireCapableBeanFactory.java:438)
	at org.springframework.beans.factory.support.AbstractAutowireCapableBeanFactory.initializeBean(AbstractAutowireCapableBeanFactory.java:1809)
	at org.springframework.beans.factory.support.AbstractAutowireCapableBeanFactory.doCreateBean(AbstractAutowireCapableBeanFactory.java:600)
	... 46 common frames omitted
Caused by: java.lang.IllegalArgumentException: Cannot subclass final class org.main.builds.api.JdbcBuildAssetRepository
	at org.springframework.cglib.proxy.Enhancer.generateClass(Enhancer.java:653)
	at org.springframework.cglib.core.DefaultGeneratorStrategy.generate(DefaultGeneratorStrategy.java:26)
	at org.springframework.cglib.core.ClassLoaderAwareGeneratorStrategy.generate(ClassLoaderAwareGeneratorStrategy.java:57)
	at org.springframework.cglib.core.AbstractClassGenerator.generate(AbstractClassGenerator.java:366)
	at org.springframework.cglib.proxy.Enhancer.generate(Enhancer.java:575)
	at org.springframework.cglib.core.AbstractClassGenerator$ClassLoaderData.get(AbstractClassGenerator.java:127)
	at org.springframework.cglib.core.AbstractClassGenerator.create(AbstractClassGenerator.java:317)
	at org.springframework.cglib.proxy.Enhancer.createHelper(Enhancer.java:562)
	at org.springframework.cglib.proxy.Enhancer.createClass(Enhancer.java:407)
	at org.springframework.aop.framework.ObjenesisCglibAopProxy.createProxyClassAndInstance(ObjenesisCglibAopProxy.java:62)
	at org.springframework.aop.framework.CglibAopProxy.buildProxy(CglibAopProxy.java:221)
	... 52 common frames omitted
2026-07-13 20:03:35.778 [background-preinit] INFO  o.h.validator.internal.util.Version [requestId=] [path=] - HV000001: Hibernate Validator 8.0.1.Final
2026-07-13 20:03:35.814 [restartedMain] INFO  org.main.RiotPractice [requestId=] [path=] - Starting RiotPractice using Java 23-valhalla with PID 9696 (D:\Games\RiotApiPractice\target\classes started by egors in D:\Games\RiotApiPractice)
2026-07-13 20:03:35.815 [restartedMain] DEBUG org.main.RiotPractice [requestId=] [path=] - Running with Spring Boot v3.3.3, Spring v6.1.12
2026-07-13 20:03:35.816 [restartedMain] INFO  org.main.RiotPractice [requestId=] [path=] - No active profile set, falling back to 1 default profile: "default"
2026-07-13 20:03:35.863 [restartedMain] INFO  o.s.b.d.e.DevToolsPropertyDefaultsPostProcessor [requestId=] [path=] - Devtools property defaults active! Set 'spring.devtools.add-properties' to 'false' to disable
2026-07-13 20:03:35.863 [restartedMain] INFO  o.s.b.d.e.DevToolsPropertyDefaultsPostProcessor [requestId=] [path=] - For additional web related logging consider setting the 'logging.level.web' property to 'DEBUG'
2026-07-13 20:03:37.841 [restartedMain] INFO  o.s.d.r.c.RepositoryConfigurationDelegate [requestId=] [path=] - Bootstrapping Spring Data JPA repositories in DEFAULT mode.
2026-07-13 20:03:37.960 [restartedMain] INFO  o.s.d.r.c.RepositoryConfigurationDelegate [requestId=] [path=] - Finished Spring Data repository scanning in 110 ms. Found 15 JPA repository interfaces.
2026-07-13 20:03:39.011 [restartedMain] INFO  o.s.b.w.e.tomcat.TomcatWebServer [requestId=] [path=] - Tomcat initialized with port 8080 (http)
2026-07-13 20:03:39.025 [restartedMain] INFO  o.a.coyote.http11.Http11NioProtocol [requestId=] [path=] - Initializing ProtocolHandler ["http-nio-8080"]
2026-07-13 20:03:39.029 [restartedMain] INFO  o.a.catalina.core.StandardService [requestId=] [path=] - Starting service [Tomcat]
2026-07-13 20:03:39.030 [restartedMain] INFO  o.a.catalina.core.StandardEngine [requestId=] [path=] - Starting Servlet engine: [Apache Tomcat/10.1.28]
2026-07-13 20:03:39.099 [restartedMain] INFO  o.a.c.c.C.[Tomcat].[localhost].[/] [requestId=] [path=] - Initializing Spring embedded WebApplicationContext
2026-07-13 20:03:39.100 [restartedMain] INFO  o.s.b.w.s.c.ServletWebServerApplicationContext [requestId=] [path=] - Root WebApplicationContext: initialization completed in 3236 ms
2026-07-13 20:03:39.565 [restartedMain] INFO  com.zaxxer.hikari.HikariDataSource [requestId=] [path=] - HikariPool-1 - Starting...
2026-07-13 20:03:39.823 [restartedMain] INFO  com.zaxxer.hikari.pool.HikariPool [requestId=] [path=] - HikariPool-1 - Added connection org.postgresql.jdbc.PgConnection@1465f9c7
2026-07-13 20:03:39.826 [restartedMain] INFO  com.zaxxer.hikari.HikariDataSource [requestId=] [path=] - HikariPool-1 - Start completed.
2026-07-13 20:03:39.857 [restartedMain] INFO  org.flywaydb.core.FlywayExecutor [requestId=] [path=] - Database: jdbc:postgresql://localhost:5432/postgres (PostgreSQL 18.0)
2026-07-13 20:03:39.867 [restartedMain] WARN  o.f.c.i.database.base.Database [requestId=] [path=] - Flyway upgrade recommended: PostgreSQL 18.0 is newer than this version of Flyway and support has not been tested. The latest supported version of PostgreSQL is 16.
2026-07-13 20:03:39.926 [restartedMain] INFO  o.f.core.internal.command.DbValidate [requestId=] [path=] - Successfully validated 3 migrations (execution time 00:00.046s)
2026-07-13 20:03:40.105 [restartedMain] INFO  o.f.core.internal.command.DbMigrate [requestId=] [path=] - Current version of schema "app": 2
2026-07-13 20:03:40.110 [restartedMain] INFO  o.f.core.internal.command.DbMigrate [requestId=] [path=] - Schema "app" is up to date. No migration necessary.
2026-07-13 20:03:40.223 [restartedMain] INFO  o.h.jpa.internal.util.LogHelper [requestId=] [path=] - HHH000204: Processing PersistenceUnitInfo [name: default]
2026-07-13 20:03:40.302 [restartedMain] INFO  org.hibernate.Version [requestId=] [path=] - HHH000412: Hibernate ORM core version 6.5.2.Final
2026-07-13 20:03:40.364 [restartedMain] INFO  o.h.c.i.RegionFactoryInitiator [requestId=] [path=] - HHH000026: Second-level cache disabled
2026-07-13 20:03:40.755 [restartedMain] INFO  o.s.o.j.p.SpringPersistenceUnitInfo [requestId=] [path=] - No LoadTimeWeaver setup: ignoring JPA class transformer
2026-07-13 20:03:42.301 [restartedMain] INFO  o.h.e.t.j.p.i.JtaPlatformInitiator [requestId=] [path=] - HHH000489: No JTA platform available (set 'hibernate.transaction.jta.platform' to enable JTA platform integration)
2026-07-13 20:03:42.418 [restartedMain] INFO  o.s.o.j.LocalContainerEntityManagerFactoryBean [requestId=] [path=] - Initialized JPA EntityManagerFactory for persistence unit 'default'
2026-07-13 20:03:42.744 [restartedMain] INFO  o.s.d.j.r.query.QueryEnhancerFactory [requestId=] [path=] - Hibernate is in classpath; If applicable, HQL parser will be used.
2026-07-13 20:03:43.376 [restartedMain] DEBUG o.main.config.RequestLoggingFilter [requestId=] [path=] - Filter 'requestLoggingFilter' configured for use
2026-07-13 20:03:43.376 [restartedMain] DEBUG o.m.a.s.AppSessionAuthenticationFilter [requestId=] [path=] - Filter 'appSessionAuthenticationFilter' configured for use
2026-07-13 20:03:43.702 [restartedMain] WARN  o.s.b.w.s.c.AnnotationConfigServletWebServerApplicationContext [requestId=] [path=] - Exception encountered during context initialization - cancelling refresh attempt: org.springframework.beans.factory.UnsatisfiedDependencyException: Error creating bean with name 'championBuildController' defined in file [D:\Games\RiotApiPractice\target\classes\org\main\builds\api\ChampionBuildController.class]: Unsatisfied dependency expressed through constructor parameter 0: Error creating bean with name 'championBuildService' defined in file [D:\Games\RiotApiPractice\target\classes\org\main\builds\api\ChampionBuildService.class]: Unsatisfied dependency expressed through constructor parameter 1: Error creating bean with name 'jdbcBuildAssetRepository' defined in file [D:\Games\RiotApiPractice\target\classes\org\main\builds\api\JdbcBuildAssetRepository.class]: Could not generate CGLIB subclass of class org.main.builds.api.JdbcBuildAssetRepository: Common causes of this problem include using a final class or a non-visible class
2026-07-13 20:03:43.704 [restartedMain] INFO  o.s.o.j.LocalContainerEntityManagerFactoryBean [requestId=] [path=] - Closing JPA EntityManagerFactory for persistence unit 'default'
2026-07-13 20:03:43.711 [restartedMain] INFO  com.zaxxer.hikari.HikariDataSource [requestId=] [path=] - HikariPool-1 - Shutdown initiated...
2026-07-13 20:03:43.717 [restartedMain] INFO  com.zaxxer.hikari.HikariDataSource [requestId=] [path=] - HikariPool-1 - Shutdown completed.
2026-07-13 20:03:43.724 [restartedMain] INFO  o.a.catalina.core.StandardService [requestId=] [path=] - Stopping service [Tomcat]
2026-07-13 20:03:43.741 [restartedMain] INFO  o.s.b.a.l.ConditionEvaluationReportLogger [requestId=] [path=] - 

Error starting ApplicationContext. To display the condition evaluation report re-run your application with 'debug' enabled.
2026-07-13 20:03:43.771 [restartedMain] ERROR o.s.boot.SpringApplication [requestId=] [path=] - Application run failed
org.springframework.beans.factory.UnsatisfiedDependencyException: Error creating bean with name 'championBuildController' defined in file [D:\Games\RiotApiPractice\target\classes\org\main\builds\api\ChampionBuildController.class]: Unsatisfied dependency expressed through constructor parameter 0: Error creating bean with name 'championBuildService' defined in file [D:\Games\RiotApiPractice\target\classes\org\main\builds\api\ChampionBuildService.class]: Unsatisfied dependency expressed through constructor parameter 1: Error creating bean with name 'jdbcBuildAssetRepository' defined in file [D:\Games\RiotApiPractice\target\classes\org\main\builds\api\JdbcBuildAssetRepository.class]: Could not generate CGLIB subclass of class org.main.builds.api.JdbcBuildAssetRepository: Common causes of this problem include using a final class or a non-visible class
	at org.springframework.beans.factory.support.ConstructorResolver.createArgumentArray(ConstructorResolver.java:795)
	at org.springframework.beans.factory.support.ConstructorResolver.autowireConstructor(ConstructorResolver.java:237)
	at org.springframework.beans.factory.support.AbstractAutowireCapableBeanFactory.autowireConstructor(AbstractAutowireCapableBeanFactory.java:1375)
	at org.springframework.beans.factory.support.AbstractAutowireCapableBeanFactory.createBeanInstance(AbstractAutowireCapableBeanFactory.java:1212)
	at org.springframework.beans.factory.support.AbstractAutowireCapableBeanFactory.doCreateBean(AbstractAutowireCapableBeanFactory.java:562)
	at org.springframework.beans.factory.support.AbstractAutowireCapableBeanFactory.createBean(AbstractAutowireCapableBeanFactory.java:522)
	at org.springframework.beans.factory.support.AbstractBeanFactory.lambda$doGetBean$0(AbstractBeanFactory.java:337)
	at org.springframework.beans.factory.support.DefaultSingletonBeanRegistry.getSingleton(DefaultSingletonBeanRegistry.java:234)
	at org.springframework.beans.factory.support.AbstractBeanFactory.doGetBean(AbstractBeanFactory.java:335)
	at org.springframework.beans.factory.support.AbstractBeanFactory.getBean(AbstractBeanFactory.java:200)
	at org.springframework.beans.factory.support.DefaultListableBeanFactory.preInstantiateSingletons(DefaultListableBeanFactory.java:975)
	at org.springframework.context.support.AbstractApplicationContext.finishBeanFactoryInitialization(AbstractApplicationContext.java:971)
	at org.springframework.context.support.AbstractApplicationContext.refresh(AbstractApplicationContext.java:625)
	at org.springframework.boot.web.servlet.context.ServletWebServerApplicationContext.refresh(ServletWebServerApplicationContext.java:146)
	at org.springframework.boot.SpringApplication.refresh(SpringApplication.java:754)
	at org.springframework.boot.SpringApplication.refreshContext(SpringApplication.java:456)
	at org.springframework.boot.SpringApplication.run(SpringApplication.java:335)
	at org.springframework.boot.SpringApplication.run(SpringApplication.java:1363)
	at org.springframework.boot.SpringApplication.run(SpringApplication.java:1352)
	at org.main.RiotPractice.main(RiotPractice.java:17)
	at java.base/jdk.internal.reflect.DirectMethodHandleAccessor.invoke(DirectMethodHandleAccessor.java:103)
	at java.base/java.lang.reflect.Method.invoke(Method.java:580)
	at org.springframework.boot.devtools.restart.RestartLauncher.run(RestartLauncher.java:50)
Caused by: org.springframework.beans.factory.UnsatisfiedDependencyException: Error creating bean with name 'championBuildService' defined in file [D:\Games\RiotApiPractice\target\classes\org\main\builds\api\ChampionBuildService.class]: Unsatisfied dependency expressed through constructor parameter 1: Error creating bean with name 'jdbcBuildAssetRepository' defined in file [D:\Games\RiotApiPractice\target\classes\org\main\builds\api\JdbcBuildAssetRepository.class]: Could not generate CGLIB subclass of class org.main.builds.api.JdbcBuildAssetRepository: Common causes of this problem include using a final class or a non-visible class
	at org.springframework.beans.factory.support.ConstructorResolver.createArgumentArray(ConstructorResolver.java:795)
	at org.springframework.beans.factory.support.ConstructorResolver.autowireConstructor(ConstructorResolver.java:237)
	at org.springframework.beans.factory.support.AbstractAutowireCapableBeanFactory.autowireConstructor(AbstractAutowireCapableBeanFactory.java:1375)
	at org.springframework.beans.factory.support.AbstractAutowireCapableBeanFactory.createBeanInstance(AbstractAutowireCapableBeanFactory.java:1212)
	at org.springframework.beans.factory.support.AbstractAutowireCapableBeanFactory.doCreateBean(AbstractAutowireCapableBeanFactory.java:562)
	at org.springframework.beans.factory.support.AbstractAutowireCapableBeanFactory.createBean(AbstractAutowireCapableBeanFactory.java:522)
	at org.springframework.beans.factory.support.AbstractBeanFactory.lambda$doGetBean$0(AbstractBeanFactory.java:337)
	at org.springframework.beans.factory.support.DefaultSingletonBeanRegistry.getSingleton(DefaultSingletonBeanRegistry.java:234)
	at org.springframework.beans.factory.support.AbstractBeanFactory.doGetBean(AbstractBeanFactory.java:335)
	at org.springframework.beans.factory.support.AbstractBeanFactory.getBean(AbstractBeanFactory.java:200)
	at org.springframework.beans.factory.config.DependencyDescriptor.resolveCandidate(DependencyDescriptor.java:254)
	at org.springframework.beans.factory.support.DefaultListableBeanFactory.doResolveDependency(DefaultListableBeanFactory.java:1443)
	at org.springframework.beans.factory.support.DefaultListableBeanFactory.resolveDependency(DefaultListableBeanFactory.java:1353)
	at org.springframework.beans.factory.support.ConstructorResolver.resolveAutowiredArgument(ConstructorResolver.java:904)
	at org.springframework.beans.factory.support.ConstructorResolver.createArgumentArray(ConstructorResolver.java:782)
	... 22 common frames omitted
Caused by: org.springframework.beans.factory.BeanCreationException: Error creating bean with name 'jdbcBuildAssetRepository' defined in file [D:\Games\RiotApiPractice\target\classes\org\main\builds\api\JdbcBuildAssetRepository.class]: Could not generate CGLIB subclass of class org.main.builds.api.JdbcBuildAssetRepository: Common causes of this problem include using a final class or a non-visible class
	at org.springframework.beans.factory.support.AbstractAutowireCapableBeanFactory.doCreateBean(AbstractAutowireCapableBeanFactory.java:607)
	at org.springframework.beans.factory.support.AbstractAutowireCapableBeanFactory.createBean(AbstractAutowireCapableBeanFactory.java:522)
	at org.springframework.beans.factory.support.AbstractBeanFactory.lambda$doGetBean$0(AbstractBeanFactory.java:337)
	at org.springframework.beans.factory.support.DefaultSingletonBeanRegistry.getSingleton(DefaultSingletonBeanRegistry.java:234)
	at org.springframework.beans.factory.support.AbstractBeanFactory.doGetBean(AbstractBeanFactory.java:335)
	at org.springframework.beans.factory.support.AbstractBeanFactory.getBean(AbstractBeanFactory.java:200)
	at org.springframework.beans.factory.config.DependencyDescriptor.resolveCandidate(DependencyDescriptor.java:254)
	at org.springframework.beans.factory.support.DefaultListableBeanFactory.doResolveDependency(DefaultListableBeanFactory.java:1443)
	at org.springframework.beans.factory.support.DefaultListableBeanFactory.resolveDependency(DefaultListableBeanFactory.java:1353)
	at org.springframework.beans.factory.support.ConstructorResolver.resolveAutowiredArgument(ConstructorResolver.java:904)
	at org.springframework.beans.factory.support.ConstructorResolver.createArgumentArray(ConstructorResolver.java:782)
	... 36 common frames omitted
Caused by: org.springframework.aop.framework.AopConfigException: Could not generate CGLIB subclass of class org.main.builds.api.JdbcBuildAssetRepository: Common causes of this problem include using a final class or a non-visible class
	at org.springframework.aop.framework.CglibAopProxy.buildProxy(CglibAopProxy.java:230)
	at org.springframework.aop.framework.CglibAopProxy.getProxy(CglibAopProxy.java:163)
	at org.springframework.aop.framework.ProxyFactory.getProxy(ProxyFactory.java:110)
	at org.springframework.aop.framework.AbstractAdvisingBeanPostProcessor.postProcessAfterInitialization(AbstractAdvisingBeanPostProcessor.java:127)
	at org.springframework.beans.factory.support.AbstractAutowireCapableBeanFactory.applyBeanPostProcessorsAfterInitialization(AbstractAutowireCapableBeanFactory.java:438)
	at org.springframework.beans.factory.support.AbstractAutowireCapableBeanFactory.initializeBean(AbstractAutowireCapableBeanFactory.java:1809)
	at org.springframework.beans.factory.support.AbstractAutowireCapableBeanFactory.doCreateBean(AbstractAutowireCapableBeanFactory.java:600)
	... 46 common frames omitted
Caused by: java.lang.IllegalArgumentException: Cannot subclass final class org.main.builds.api.JdbcBuildAssetRepository
	at org.springframework.cglib.proxy.Enhancer.generateClass(Enhancer.java:653)
	at org.springframework.cglib.core.DefaultGeneratorStrategy.generate(DefaultGeneratorStrategy.java:26)
	at org.springframework.cglib.core.ClassLoaderAwareGeneratorStrategy.generate(ClassLoaderAwareGeneratorStrategy.java:57)
	at org.springframework.cglib.core.AbstractClassGenerator.generate(AbstractClassGenerator.java:366)
	at org.springframework.cglib.proxy.Enhancer.generate(Enhancer.java:575)
	at org.springframework.cglib.core.AbstractClassGenerator$ClassLoaderData.get(AbstractClassGenerator.java:127)
	at org.springframework.cglib.core.AbstractClassGenerator.create(AbstractClassGenerator.java:317)
	at org.springframework.cglib.proxy.Enhancer.createHelper(Enhancer.java:562)
	at org.springframework.cglib.proxy.Enhancer.createClass(Enhancer.java:407)
	at org.springframework.aop.framework.ObjenesisCglibAopProxy.createProxyClassAndInstance(ObjenesisCglibAopProxy.java:62)
	at org.springframework.aop.framework.CglibAopProxy.buildProxy(CglibAopProxy.java:221)
	... 52 common frames omitted
2026-07-13 20:05:15.698 [background-preinit] INFO  o.h.validator.internal.util.Version [requestId=] [path=] - HV000001: Hibernate Validator 8.0.1.Final
2026-07-13 20:05:15.775 [main] INFO  o.m.a.s.SecurityConfigWebMvcTest [requestId=] [path=] - Starting SecurityConfigWebMvcTest using Java 23.0.2 with PID 10300 (started by egors in D:\Games\RiotApiPractice)
2026-07-13 20:05:15.776 [main] DEBUG o.m.a.s.SecurityConfigWebMvcTest [requestId=] [path=] - Running with Spring Boot v3.3.3, Spring v6.1.12
2026-07-13 20:05:15.777 [main] INFO  o.m.a.s.SecurityConfigWebMvcTest [requestId=] [path=] - No active profile set, falling back to 1 default profile: "default"
2026-07-13 20:05:17.964 [main] INFO  o.s.b.a.w.s.WelcomePageHandlerMapping [requestId=] [path=] - Adding welcome page: class path resource [static/index.html]
2026-07-13 20:05:18.864 [main] DEBUG o.m.a.s.AppSessionAuthenticationFilter [requestId=] [path=] - Filter 'appSessionAuthenticationFilter' configured for use
2026-07-13 20:05:18.864 [main] DEBUG o.main.config.RequestLoggingFilter [requestId=] [path=] - Filter 'requestLoggingFilter' configured for use
2026-07-13 20:05:18.872 [main] INFO  o.s.b.t.m.w.SpringBootMockServletContext [requestId=] [path=] - Initializing Spring TestDispatcherServlet ''
2026-07-13 20:05:18.872 [main] INFO  o.s.t.w.s.TestDispatcherServlet [requestId=] [path=] - Initializing Servlet ''
2026-07-13 20:05:18.873 [main] INFO  o.s.t.w.s.TestDispatcherServlet [requestId=] [path=] - Completed initialization in 1 ms
2026-07-13 20:05:18.899 [main] INFO  o.m.a.s.SecurityConfigWebMvcTest [requestId=] [path=] - Started SecurityConfigWebMvcTest in 4.038 seconds (process running for 9.77)
2026-07-13 20:05:23.353 [main] INFO  o.s.t.c.s.AnnotationConfigContextLoaderUtils [requestId=] [path=] - Could not detect default configuration classes for test class [org.main.account.web.AuthControllerWebMvcTest]: AuthControllerWebMvcTest does not declare any static, non-private, non-final, nested classes annotated with @Configuration.
2026-07-13 20:05:23.382 [main] INFO  o.s.b.t.c.SpringBootTestContextBootstrapper [requestId=] [path=] - Found @SpringBootConfiguration org.main.RiotPractice for test class org.main.account.web.AuthControllerWebMvcTest
2026-07-13 20:05:23.387 [main] INFO  o.s.b.d.r.RestartApplicationListener [requestId=] [path=] - Restart disabled due to context in which it is running
2026-07-13 20:05:23.412 [main] INFO  o.m.a.web.AuthControllerWebMvcTest [requestId=] [path=] - Starting AuthControllerWebMvcTest using Java 23.0.2 with PID 10300 (started by egors in D:\Games\RiotApiPractice)
2026-07-13 20:05:23.413 [main] DEBUG o.m.a.web.AuthControllerWebMvcTest [requestId=] [path=] - Running with Spring Boot v3.3.3, Spring v6.1.12
2026-07-13 20:05:23.413 [main] INFO  o.m.a.web.AuthControllerWebMvcTest [requestId=] [path=] - No active profile set, falling back to 1 default profile: "default"
2026-07-13 20:05:23.923 [main] INFO  o.s.b.a.w.s.WelcomePageHandlerMapping [requestId=] [path=] - Adding welcome page: class path resource [static/index.html]
2026-07-13 20:05:24.079 [main] DEBUG o.m.a.s.AppSessionAuthenticationFilter [requestId=] [path=] - Filter 'appSessionAuthenticationFilter' configured for use
2026-07-13 20:05:24.079 [main] DEBUG o.main.config.RequestLoggingFilter [requestId=] [path=] - Filter 'requestLoggingFilter' configured for use
2026-07-13 20:05:24.080 [main] INFO  o.s.b.t.m.w.SpringBootMockServletContext [requestId=] [path=] - Initializing Spring TestDispatcherServlet ''
2026-07-13 20:05:24.080 [main] INFO  o.s.t.w.s.TestDispatcherServlet [requestId=] [path=] - Initializing Servlet ''
2026-07-13 20:05:24.081 [main] INFO  o.s.t.w.s.TestDispatcherServlet [requestId=] [path=] - Completed initialization in 1 ms
2026-07-13 20:05:24.089 [main] INFO  o.m.a.web.AuthControllerWebMvcTest [requestId=] [path=] - Started AuthControllerWebMvcTest in 0.703 seconds (process running for 14.959)
2026-07-13 20:05:24.543 [main] WARN  o.m.handler.GlobalExceptionHandler [requestId=4cbe16a8-3995-45f1-a6d5-96be0f9a4629] [path=/api/auth/register] - Handled exception: errorId=b18005ec-9a03-441b-b525-2a292c2d2c68, code=VALIDATION_ERROR, path=/api/auth/register, context={requestId=4cbe16a8-3995-45f1-a6d5-96be0f9a4629, method=POST}, message=Validation failed for argument [0] in public org.springframework.http.ResponseEntity<java.lang.Void> org.main.account.web.AuthController.register(org.main.account.dto.RegisterRequest,jakarta.servlet.http.HttpServletRequest) with 3 errors: [Field error in object 'registerRequest' on field 'displayName': rejected value []; codes [NotBlank.registerRequest.displayName,NotBlank.displayName,NotBlank.java.lang.String,NotBlank]; arguments [org.springframework.context.support.DefaultMessageSourceResolvable: codes [registerRequest.displayName,displayName]; arguments []; default message [displayName]]; default message [must not be blank]] [Field error in object 'registerRequest' on field 'password': rejected value [short]; codes [Size.registerRequest.password,Size.password,Size.java.lang.String,Size]; arguments [org.springframework.context.support.DefaultMessageSourceResolvable: codes [registerRequest.password,password]; arguments []; default message [password],128,12]; default message [size must be between 12 and 128]] [Field error in object 'registerRequest' on field 'email': rejected value [not-an-email]; codes [Email.registerRequest.email,Email.email,Email.java.lang.String,Email]; arguments [org.springframework.context.support.DefaultMessageSourceResolvable: codes [registerRequest.email,email]; arguments []; default message [email],[Ljakarta.validation.constraints.Pattern$Flag;@181a6784,.*]; default message [must be a well-formed email address]] 
2026-07-13 20:05:24.587 [main] INFO  o.s.t.c.s.AnnotationConfigContextLoaderUtils [requestId=] [path=] - Could not detect default configuration classes for test class [org.main.account.web.SavedProfileControllerWebMvcTest]: SavedProfileControllerWebMvcTest does not declare any static, non-private, non-final, nested classes annotated with @Configuration.
2026-07-13 20:05:24.612 [main] INFO  o.s.b.t.c.SpringBootTestContextBootstrapper [requestId=] [path=] - Found @SpringBootConfiguration org.main.RiotPractice for test class org.main.account.web.SavedProfileControllerWebMvcTest
2026-07-13 20:05:24.619 [main] INFO  o.s.b.d.r.RestartApplicationListener [requestId=] [path=] - Restart disabled due to context in which it is running
2026-07-13 20:05:24.652 [main] INFO  o.m.a.w.SavedProfileControllerWebMvcTest [requestId=] [path=] - Starting SavedProfileControllerWebMvcTest using Java 23.0.2 with PID 10300 (started by egors in D:\Games\RiotApiPractice)
2026-07-13 20:05:24.652 [main] DEBUG o.m.a.w.SavedProfileControllerWebMvcTest [requestId=] [path=] - Running with Spring Boot v3.3.3, Spring v6.1.12
2026-07-13 20:05:24.653 [main] INFO  o.m.a.w.SavedProfileControllerWebMvcTest [requestId=] [path=] - No active profile set, falling back to 1 default profile: "default"
2026-07-13 20:05:25.200 [main] INFO  o.s.b.a.w.s.WelcomePageHandlerMapping [requestId=] [path=] - Adding welcome page: class path resource [static/index.html]
2026-07-13 20:05:25.345 [main] DEBUG o.m.a.s.AppSessionAuthenticationFilter [requestId=] [path=] - Filter 'appSessionAuthenticationFilter' configured for use
2026-07-13 20:05:25.345 [main] DEBUG o.main.config.RequestLoggingFilter [requestId=] [path=] - Filter 'requestLoggingFilter' configured for use
2026-07-13 20:05:25.345 [main] INFO  o.s.b.t.m.w.SpringBootMockServletContext [requestId=] [path=] - Initializing Spring TestDispatcherServlet ''
2026-07-13 20:05:25.345 [main] INFO  o.s.t.w.s.TestDispatcherServlet [requestId=] [path=] - Initializing Servlet ''
2026-07-13 20:05:25.346 [main] INFO  o.s.t.w.s.TestDispatcherServlet [requestId=] [path=] - Completed initialization in 1 ms
2026-07-13 20:05:25.356 [main] INFO  o.m.a.w.SavedProfileControllerWebMvcTest [requestId=] [path=] - Started SavedProfileControllerWebMvcTest in 0.737 seconds (process running for 16.226)
2026-07-13 20:05:25.400 [main] WARN  o.m.handler.GlobalExceptionHandler [requestId=a788dc72-8c84-49c2-b592-d4d64a883a79] [path=/api/account/saved-profiles/ab438de5-4983-4182-9e67-ae52187cd38e] - Handled exception: errorId=eb6d97ad-a3c6-44d4-abb3-0554abd98987, code=NOT_FOUND, path=/api/account/saved-profiles/ab438de5-4983-4182-9e67-ae52187cd38e, context={requestId=a788dc72-8c84-49c2-b592-d4d64a883a79, method=PATCH}, message=Saved profile not found
2026-07-13 20:05:26.215 [main] INFO  o.s.t.c.s.AnnotationConfigContextLoaderUtils [requestId=] [path=] - Could not detect default configuration classes for test class [org.main.builds.api.ChampionBuildControllerTest]: ChampionBuildControllerTest does not declare any static, non-private, non-final, nested classes annotated with @Configuration.
2026-07-13 20:05:26.257 [main] INFO  o.s.b.t.c.SpringBootTestContextBootstrapper [requestId=] [path=] - Found @SpringBootConfiguration org.main.RiotPractice for test class org.main.builds.api.ChampionBuildControllerTest
2026-07-13 20:05:26.264 [main] INFO  o.s.b.d.r.RestartApplicationListener [requestId=] [path=] - Restart disabled due to context in which it is running
2026-07-13 20:05:26.292 [main] INFO  o.m.b.a.ChampionBuildControllerTest [requestId=] [path=] - Starting ChampionBuildControllerTest using Java 23.0.2 with PID 10300 (started by egors in D:\Games\RiotApiPractice)
2026-07-13 20:05:26.293 [main] DEBUG o.m.b.a.ChampionBuildControllerTest [requestId=] [path=] - Running with Spring Boot v3.3.3, Spring v6.1.12
2026-07-13 20:05:26.293 [main] INFO  o.m.b.a.ChampionBuildControllerTest [requestId=] [path=] - No active profile set, falling back to 1 default profile: "default"
2026-07-13 20:05:26.754 [main] INFO  o.s.b.a.w.s.WelcomePageHandlerMapping [requestId=] [path=] - Adding welcome page: class path resource [static/index.html]
2026-07-13 20:05:26.907 [main] DEBUG o.m.a.s.AppSessionAuthenticationFilter [requestId=] [path=] - Filter 'appSessionAuthenticationFilter' configured for use
2026-07-13 20:05:26.907 [main] DEBUG o.main.config.RequestLoggingFilter [requestId=] [path=] - Filter 'requestLoggingFilter' configured for use
2026-07-13 20:05:26.907 [main] INFO  o.s.b.t.m.w.SpringBootMockServletContext [requestId=] [path=] - Initializing Spring TestDispatcherServlet ''
2026-07-13 20:05:26.907 [main] INFO  o.s.t.w.s.TestDispatcherServlet [requestId=] [path=] - Initializing Servlet ''
2026-07-13 20:05:26.909 [main] INFO  o.s.t.w.s.TestDispatcherServlet [requestId=] [path=] - Completed initialization in 2 ms
2026-07-13 20:05:26.918 [main] INFO  o.m.b.a.ChampionBuildControllerTest [requestId=] [path=] - Started ChampionBuildControllerTest in 0.655 seconds (process running for 17.789)
2026-07-13 20:05:27.081 [main] WARN  o.m.handler.GlobalExceptionHandler [requestId=2be0e3d4-2972-4ad8-8cf9-f5e99fc6290e] [path=/api/champions/22/builds] - Handled exception: errorId=621abbf9-3799-4423-8c0f-1b7e9f9f549a, code=BAD_REQUEST, path=/api/champions/22/builds, context={requestId=2be0e3d4-2972-4ad8-8cf9-f5e99fc6290e, method=GET}, message=Failed to convert value of type 'java.lang.String' to required type 'org.main.builds.model.BuildRole'; Failed to convert from type [java.lang.String] to type [@org.springframework.web.bind.annotation.RequestParam org.main.builds.model.BuildRole] for value [INVALID]
2026-07-13 20:05:27.103 [main] WARN  o.m.handler.GlobalExceptionHandler [requestId=cb814a53-cc64-448f-b1ef-f665a295e370] [path=/api/champions/999/builds/options] - Handled exception: errorId=7895bfe3-151e-41eb-8168-632eb1744c2b, code=NOT_FOUND, path=/api/champions/999/builds/options, context={requestId=cb814a53-cc64-448f-b1ef-f665a295e370, method=GET}, message=Champion not found: 999
2026-07-13 20:05:27.830 [main] INFO  o.s.t.c.s.AnnotationConfigContextLoaderUtils [requestId=] [path=] - Could not detect default configuration classes for test class [org.main.controller.CrawlerControllerWebMvcTest]: CrawlerControllerWebMvcTest does not declare any static, non-private, non-final, nested classes annotated with @Configuration.
2026-07-13 20:05:27.868 [main] INFO  o.s.b.t.c.SpringBootTestContextBootstrapper [requestId=] [path=] - Found @SpringBootConfiguration org.main.RiotPractice for test class org.main.controller.CrawlerControllerWebMvcTest
2026-07-13 20:05:27.873 [main] INFO  o.s.b.d.r.RestartApplicationListener [requestId=] [path=] - Restart disabled due to context in which it is running
2026-07-13 20:05:27.909 [main] INFO  o.m.c.CrawlerControllerWebMvcTest [requestId=] [path=] - Starting CrawlerControllerWebMvcTest using Java 23.0.2 with PID 10300 (started by egors in D:\Games\RiotApiPractice)
2026-07-13 20:05:27.909 [main] DEBUG o.m.c.CrawlerControllerWebMvcTest [requestId=] [path=] - Running with Spring Boot v3.3.3, Spring v6.1.12
2026-07-13 20:05:27.910 [main] INFO  o.m.c.CrawlerControllerWebMvcTest [requestId=] [path=] - No active profile set, falling back to 1 default profile: "default"
2026-07-13 20:05:28.502 [main] INFO  o.s.b.a.w.s.WelcomePageHandlerMapping [requestId=] [path=] - Adding welcome page: class path resource [static/index.html]
2026-07-13 20:05:28.623 [main] DEBUG o.m.a.s.AppSessionAuthenticationFilter [requestId=] [path=] - Filter 'appSessionAuthenticationFilter' configured for use
2026-07-13 20:05:28.623 [main] DEBUG o.main.config.RequestLoggingFilter [requestId=] [path=] - Filter 'requestLoggingFilter' configured for use
2026-07-13 20:05:28.623 [main] INFO  o.s.b.t.m.w.SpringBootMockServletContext [requestId=] [path=] - Initializing Spring TestDispatcherServlet ''
2026-07-13 20:05:28.624 [main] INFO  o.s.t.w.s.TestDispatcherServlet [requestId=] [path=] - Initializing Servlet ''
2026-07-13 20:05:28.625 [main] INFO  o.s.t.w.s.TestDispatcherServlet [requestId=] [path=] - Completed initialization in 0 ms
2026-07-13 20:05:28.637 [main] INFO  o.m.c.CrawlerControllerWebMvcTest [requestId=] [path=] - Started CrawlerControllerWebMvcTest in 0.763 seconds (process running for 19.507)
2026-07-13 20:05:28.734 [main] INFO  o.main.controller.CrawlerController [requestId=703c216a-8c1b-4831-aac5-dc75ee499a44] [path=/api/crawl/euw/puuid/p] - Received crawlByPuuid request: puuid='p', limit=7
2026-07-13 20:05:28.736 [main] INFO  o.main.controller.CrawlerController [requestId=703c216a-8c1b-4831-aac5-dc75ee499a44] [path=/api/crawl/euw/puuid/p] - crawlByPuuid completed: puuid='null', requestedLimit=0, savedNewMatches=0
2026-07-13 20:05:28.768 [main] INFO  o.main.controller.CrawlerController [requestId=0e3e5ba7-7b3a-4f39-bec3-cb5360839aaa] [path=/api/crawl/euw/puuid/p] - Received crawlByPuuid request: puuid='p', limit=20
2026-07-13 20:05:28.769 [main] INFO  o.main.controller.CrawlerController [requestId=0e3e5ba7-7b3a-4f39-bec3-cb5360839aaa] [path=/api/crawl/euw/puuid/p] - crawlByPuuid completed: puuid='null', requestedLimit=0, savedNewMatches=0
2026-07-13 20:05:28.813 [main] INFO  o.s.t.c.s.AnnotationConfigContextLoaderUtils [requestId=] [path=] - Could not detect default configuration classes for test class [org.main.controller.frontend.PlayerDashboardControllerWebMvcTest]: PlayerDashboardControllerWebMvcTest does not declare any static, non-private, non-final, nested classes annotated with @Configuration.
2026-07-13 20:05:28.860 [main] INFO  o.s.b.t.c.SpringBootTestContextBootstrapper [requestId=] [path=] - Found @SpringBootConfiguration org.main.RiotPractice for test class org.main.controller.frontend.PlayerDashboardControllerWebMvcTest
2026-07-13 20:05:28.865 [main] INFO  o.s.b.d.r.RestartApplicationListener [requestId=] [path=] - Restart disabled due to context in which it is running
2026-07-13 20:05:28.890 [main] INFO  o.m.c.f.PlayerDashboardControllerWebMvcTest [requestId=] [path=] - Starting PlayerDashboardControllerWebMvcTest using Java 23.0.2 with PID 10300 (started by egors in D:\Games\RiotApiPractice)
2026-07-13 20:05:28.891 [main] DEBUG o.m.c.f.PlayerDashboardControllerWebMvcTest [requestId=] [path=] - Running with Spring Boot v3.3.3, Spring v6.1.12
2026-07-13 20:05:28.891 [main] INFO  o.m.c.f.PlayerDashboardControllerWebMvcTest [requestId=] [path=] - No active profile set, falling back to 1 default profile: "default"
2026-07-13 20:05:29.679 [main] INFO  o.s.b.a.w.s.WelcomePageHandlerMapping [requestId=] [path=] - Adding welcome page: class path resource [static/index.html]
2026-07-13 20:05:29.795 [main] DEBUG o.m.a.s.AppSessionAuthenticationFilter [requestId=] [path=] - Filter 'appSessionAuthenticationFilter' configured for use
2026-07-13 20:05:29.795 [main] DEBUG o.main.config.RequestLoggingFilter [requestId=] [path=] - Filter 'requestLoggingFilter' configured for use
2026-07-13 20:05:29.795 [main] INFO  o.s.b.t.m.w.SpringBootMockServletContext [requestId=] [path=] - Initializing Spring TestDispatcherServlet ''
2026-07-13 20:05:29.795 [main] INFO  o.s.t.w.s.TestDispatcherServlet [requestId=] [path=] - Initializing Servlet ''
2026-07-13 20:05:29.796 [main] INFO  o.s.t.w.s.TestDispatcherServlet [requestId=] [path=] - Completed initialization in 1 ms
2026-07-13 20:05:29.804 [main] INFO  o.m.c.f.PlayerDashboardControllerWebMvcTest [requestId=] [path=] - Started PlayerDashboardControllerWebMvcTest in 0.939 seconds (process running for 20.675)
2026-07-13 20:05:29.985 [main] ERROR o.m.handler.GlobalExceptionHandler [requestId=] [path=] - Handled exception: errorId=02a5ae22-00c4-4b11-aa37-0b31f7d7127c, code=INTERNAL_ERROR, path=/api/auth/register, context={requestId=null, method=POST}
java.lang.Exception: failure
	at org.main.handler.GlobalExceptionHandlerTest.handlesRequestsWithoutQueryString(GlobalExceptionHandlerTest.java:22)
	at java.base/jdk.internal.reflect.DirectMethodHandleAccessor.invoke(DirectMethodHandleAccessor.java:103)
	at java.base/java.lang.reflect.Method.invoke(Method.java:580)
	at org.junit.platform.commons.util.ReflectionUtils.invokeMethod(ReflectionUtils.java:728)
	at org.junit.jupiter.engine.execution.MethodInvocation.proceed(MethodInvocation.java:60)
	at org.junit.jupiter.engine.execution.InvocationInterceptorChain$ValidatingInvocation.proceed(InvocationInterceptorChain.java:131)
	at org.junit.jupiter.engine.extension.TimeoutExtension.intercept(TimeoutExtension.java:156)
	at org.junit.jupiter.engine.extension.TimeoutExtension.interceptTestableMethod(TimeoutExtension.java:147)
	at org.junit.jupiter.engine.extension.TimeoutExtension.interceptTestMethod(TimeoutExtension.java:86)
	at org.junit.jupiter.engine.execution.InterceptingExecutableInvoker$ReflectiveInterceptorCall.lambda$ofVoidMethod$0(InterceptingExecutableInvoker.java:103)
	at org.junit.jupiter.engine.execution.InterceptingExecutableInvoker.lambda$invoke$0(InterceptingExecutableInvoker.java:93)
	at org.junit.jupiter.engine.execution.InvocationInterceptorChain$InterceptedInvocation.proceed(InvocationInterceptorChain.java:106)
	at org.junit.jupiter.engine.execution.InvocationInterceptorChain.proceed(InvocationInterceptorChain.java:64)
	at org.junit.jupiter.engine.execution.InvocationInterceptorChain.chainAndInvoke(InvocationInterceptorChain.java:45)
	at org.junit.jupiter.engine.execution.InvocationInterceptorChain.invoke(InvocationInterceptorChain.java:37)
	at org.junit.jupiter.engine.execution.InterceptingExecutableInvoker.invoke(InterceptingExecutableInvoker.java:92)
	at org.junit.jupiter.engine.execution.InterceptingExecutableInvoker.invoke(InterceptingExecutableInvoker.java:86)
	at org.junit.jupiter.engine.descriptor.TestMethodTestDescriptor.lambda$invokeTestMethod$7(TestMethodTestDescriptor.java:218)
	at org.junit.platform.engine.support.hierarchical.ThrowableCollector.execute(ThrowableCollector.java:73)
	at org.junit.jupiter.engine.descriptor.TestMethodTestDescriptor.invokeTestMethod(TestMethodTestDescriptor.java:214)
	at org.junit.jupiter.engine.descriptor.TestMethodTestDescriptor.execute(TestMethodTestDescriptor.java:139)
	at org.junit.jupiter.engine.descriptor.TestMethodTestDescriptor.execute(TestMethodTestDescriptor.java:69)
	at org.junit.platform.engine.support.hierarchical.NodeTestTask.lambda$executeRecursively$6(NodeTestTask.java:151)
	at org.junit.platform.engine.support.hierarchical.ThrowableCollector.execute(ThrowableCollector.java:73)
	at org.junit.platform.engine.support.hierarchical.NodeTestTask.lambda$executeRecursively$8(NodeTestTask.java:141)
	at org.junit.platform.engine.support.hierarchical.Node.around(Node.java:137)
	at org.junit.platform.engine.support.hierarchical.NodeTestTask.lambda$executeRecursively$9(NodeTestTask.java:139)
	at org.junit.platform.engine.support.hierarchical.ThrowableCollector.execute(ThrowableCollector.java:73)
	at org.junit.platform.engine.support.hierarchical.NodeTestTask.executeRecursively(NodeTestTask.java:138)
	at org.junit.platform.engine.support.hierarchical.NodeTestTask.execute(NodeTestTask.java:95)
	at java.base/java.util.ArrayList.forEach(ArrayList.java:1597)
	at org.junit.platform.engine.support.hierarchical.SameThreadHierarchicalTestExecutorService.invokeAll(SameThreadHierarchicalTestExecutorService.java:41)
	at org.junit.platform.engine.support.hierarchical.NodeTestTask.lambda$executeRecursively$6(NodeTestTask.java:155)
	at org.junit.platform.engine.support.hierarchical.ThrowableCollector.execute(ThrowableCollector.java:73)
	at org.junit.platform.engine.support.hierarchical.NodeTestTask.lambda$executeRecursively$8(NodeTestTask.java:141)
	at org.junit.platform.engine.support.hierarchical.Node.around(Node.java:137)
	at org.junit.platform.engine.support.hierarchical.NodeTestTask.lambda$executeRecursively$9(NodeTestTask.java:139)
	at org.junit.platform.engine.support.hierarchical.ThrowableCollector.execute(ThrowableCollector.java:73)
	at org.junit.platform.engine.support.hierarchical.NodeTestTask.executeRecursively(NodeTestTask.java:138)
	at org.junit.platform.engine.support.hierarchical.NodeTestTask.execute(NodeTestTask.java:95)
	at java.base/java.util.ArrayList.forEach(ArrayList.java:1597)
	at org.junit.platform.engine.support.hierarchical.SameThreadHierarchicalTestExecutorService.invokeAll(SameThreadHierarchicalTestExecutorService.java:41)
	at org.junit.platform.engine.support.hierarchical.NodeTestTask.lambda$executeRecursively$6(NodeTestTask.java:155)
	at org.junit.platform.engine.support.hierarchical.ThrowableCollector.execute(ThrowableCollector.java:73)
	at org.junit.platform.engine.support.hierarchical.NodeTestTask.lambda$executeRecursively$8(NodeTestTask.java:141)
	at org.junit.platform.engine.support.hierarchical.Node.around(Node.java:137)
	at org.junit.platform.engine.support.hierarchical.NodeTestTask.lambda$executeRecursively$9(NodeTestTask.java:139)
	at org.junit.platform.engine.support.hierarchical.ThrowableCollector.execute(ThrowableCollector.java:73)
	at org.junit.platform.engine.support.hierarchical.NodeTestTask.executeRecursively(NodeTestTask.java:138)
	at org.junit.platform.engine.support.hierarchical.NodeTestTask.execute(NodeTestTask.java:95)
	at org.junit.platform.engine.support.hierarchical.SameThreadHierarchicalTestExecutorService.submit(SameThreadHierarchicalTestExecutorService.java:35)
	at org.junit.platform.engine.support.hierarchical.HierarchicalTestExecutor.execute(HierarchicalTestExecutor.java:57)
	at org.junit.platform.engine.support.hierarchical.HierarchicalTestEngine.execute(HierarchicalTestEngine.java:54)
	at org.junit.platform.launcher.core.EngineExecutionOrchestrator.execute(EngineExecutionOrchestrator.java:198)
	at org.junit.platform.launcher.core.EngineExecutionOrchestrator.execute(EngineExecutionOrchestrator.java:169)
	at org.junit.platform.launcher.core.EngineExecutionOrchestrator.execute(EngineExecutionOrchestrator.java:93)
	at org.junit.platform.launcher.core.EngineExecutionOrchestrator.lambda$execute$0(EngineExecutionOrchestrator.java:58)
	at org.junit.platform.launcher.core.EngineExecutionOrchestrator.withInterceptedStreams(EngineExecutionOrchestrator.java:141)
	at org.junit.platform.launcher.core.EngineExecutionOrchestrator.execute(EngineExecutionOrchestrator.java:57)
	at org.junit.platform.launcher.core.DefaultLauncher.execute(DefaultLauncher.java:103)
	at org.junit.platform.launcher.core.DefaultLauncher.execute(DefaultLauncher.java:85)
	at org.junit.platform.launcher.core.DelegatingLauncher.execute(DelegatingLauncher.java:47)
	at org.apache.maven.surefire.junitplatform.LazyLauncher.execute(LazyLauncher.java:56)
	at org.apache.maven.surefire.junitplatform.JUnitPlatformProvider.execute(JUnitPlatformProvider.java:184)
	at org.apache.maven.surefire.junitplatform.JUnitPlatformProvider.invokeAllTests(JUnitPlatformProvider.java:148)
	at org.apache.maven.surefire.junitplatform.JUnitPlatformProvider.invoke(JUnitPlatformProvider.java:122)
	at org.apache.maven.surefire.booter.ForkedBooter.runSuitesInProcess(ForkedBooter.java:385)
	at org.apache.maven.surefire.booter.ForkedBooter.execute(ForkedBooter.java:162)
	at org.apache.maven.surefire.booter.ForkedBooter.run(ForkedBooter.java:507)
	at org.apache.maven.surefire.booter.ForkedBooter.main(ForkedBooter.java:495)
2026-07-13 20:05:30.030 [main] INFO  o.s.t.c.s.AnnotationConfigContextLoaderUtils [requestId=] [path=] - Could not detect default configuration classes for test class [org.main.refresh.PlayerRefreshControllerWebMvcTest]: PlayerRefreshControllerWebMvcTest does not declare any static, non-private, non-final, nested classes annotated with @Configuration.
2026-07-13 20:05:30.060 [main] INFO  o.s.b.t.c.SpringBootTestContextBootstrapper [requestId=] [path=] - Found @SpringBootConfiguration org.main.RiotPractice for test class org.main.refresh.PlayerRefreshControllerWebMvcTest
2026-07-13 20:05:30.065 [main] INFO  o.s.b.d.r.RestartApplicationListener [requestId=] [path=] - Restart disabled due to context in which it is running
2026-07-13 20:05:30.083 [main] INFO  o.m.r.PlayerRefreshControllerWebMvcTest [requestId=] [path=] - Starting PlayerRefreshControllerWebMvcTest using Java 23.0.2 with PID 10300 (started by egors in D:\Games\RiotApiPractice)
2026-07-13 20:05:30.083 [main] DEBUG o.m.r.PlayerRefreshControllerWebMvcTest [requestId=] [path=] - Running with Spring Boot v3.3.3, Spring v6.1.12
2026-07-13 20:05:30.084 [main] INFO  o.m.r.PlayerRefreshControllerWebMvcTest [requestId=] [path=] - No active profile set, falling back to 1 default profile: "default"
2026-07-13 20:05:30.453 [main] INFO  o.s.b.a.w.s.WelcomePageHandlerMapping [requestId=] [path=] - Adding welcome page: class path resource [static/index.html]
2026-07-13 20:05:30.553 [main] DEBUG o.m.a.s.AppSessionAuthenticationFilter [requestId=] [path=] - Filter 'appSessionAuthenticationFilter' configured for use
2026-07-13 20:05:30.553 [main] DEBUG o.main.config.RequestLoggingFilter [requestId=] [path=] - Filter 'requestLoggingFilter' configured for use
2026-07-13 20:05:30.553 [main] INFO  o.s.b.t.m.w.SpringBootMockServletContext [requestId=] [path=] - Initializing Spring TestDispatcherServlet ''
2026-07-13 20:05:30.553 [main] INFO  o.s.t.w.s.TestDispatcherServlet [requestId=] [path=] - Initializing Servlet ''
2026-07-13 20:05:30.554 [main] INFO  o.s.t.w.s.TestDispatcherServlet [requestId=] [path=] - Completed initialization in 0 ms
2026-07-13 20:05:30.560 [main] INFO  o.m.r.PlayerRefreshControllerWebMvcTest [requestId=] [path=] - Started PlayerRefreshControllerWebMvcTest in 0.496 seconds (process running for 21.431)
2026-07-13 20:05:31.348 [main] INFO  org.main.service.CrawlerServiceImpl [requestId=] [path=] - Starting crawlPuuidEUW: puuid='puuid', requestedLimit=25, effectiveLimit=25
2026-07-13 20:05:31.348 [main] DEBUG org.main.service.CrawlerServiceImpl [requestId=] [path=] - Requesting match id page: puuid='puuid', start=0, count=20
2026-07-13 20:05:31.350 [main] DEBUG org.main.service.CrawlerServiceImpl [requestId=] [path=] - Requesting match id page: puuid='puuid', start=20, count=5
2026-07-13 20:05:31.353 [main] INFO  org.main.service.CrawlerServiceImpl [requestId=] [path=] - Saved new match: matchId='m0'
2026-07-13 20:05:31.353 [main] INFO  org.main.service.CrawlerServiceImpl [requestId=] [path=] - Saved new match: matchId='m1'
2026-07-13 20:05:31.354 [main] INFO  org.main.service.CrawlerServiceImpl [requestId=] [path=] - Saved new match: matchId='m2'
2026-07-13 20:05:31.355 [main] INFO  org.main.service.CrawlerServiceImpl [requestId=] [path=] - Saved new match: matchId='m3'
2026-07-13 20:05:31.355 [main] INFO  org.main.service.CrawlerServiceImpl [requestId=] [path=] - Saved new match: matchId='m4'
2026-07-13 20:05:31.357 [main] INFO  org.main.service.CrawlerServiceImpl [requestId=] [path=] - Saved new match: matchId='m5'
2026-07-13 20:05:31.358 [main] INFO  org.main.service.CrawlerServiceImpl [requestId=] [path=] - Saved new match: matchId='m6'
2026-07-13 20:05:31.359 [main] INFO  org.main.service.CrawlerServiceImpl [requestId=] [path=] - Saved new match: matchId='m7'
2026-07-13 20:05:31.359 [main] INFO  org.main.service.CrawlerServiceImpl [requestId=] [path=] - Saved new match: matchId='m8'
2026-07-13 20:05:31.360 [main] INFO  org.main.service.CrawlerServiceImpl [requestId=] [path=] - Saved new match: matchId='m9'
2026-07-13 20:05:31.360 [main] INFO  org.main.service.CrawlerServiceImpl [requestId=] [path=] - Saved new match: matchId='m10'
2026-07-13 20:05:31.361 [main] INFO  org.main.service.CrawlerServiceImpl [requestId=] [path=] - Saved new match: matchId='m11'
2026-07-13 20:05:31.362 [main] INFO  org.main.service.CrawlerServiceImpl [requestId=] [path=] - Saved new match: matchId='m12'
2026-07-13 20:05:31.364 [main] INFO  org.main.service.CrawlerServiceImpl [requestId=] [path=] - Saved new match: matchId='m13'
2026-07-13 20:05:31.365 [main] INFO  org.main.service.CrawlerServiceImpl [requestId=] [path=] - Saved new match: matchId='m14'
2026-07-13 20:05:31.366 [main] INFO  org.main.service.CrawlerServiceImpl [requestId=] [path=] - Saved new match: matchId='m15'
2026-07-13 20:05:31.367 [main] INFO  org.main.service.CrawlerServiceImpl [requestId=] [path=] - Saved new match: matchId='m16'
2026-07-13 20:05:31.367 [main] INFO  org.main.service.CrawlerServiceImpl [requestId=] [path=] - Saved new match: matchId='m17'
2026-07-13 20:05:31.367 [main] INFO  org.main.service.CrawlerServiceImpl [requestId=] [path=] - Saved new match: matchId='m18'
2026-07-13 20:05:31.369 [main] INFO  org.main.service.CrawlerServiceImpl [requestId=] [path=] - Saved new match: matchId='m19'
2026-07-13 20:05:31.369 [main] INFO  org.main.service.CrawlerServiceImpl [requestId=] [path=] - Saved new match: matchId='m20'
2026-07-13 20:05:31.370 [main] INFO  org.main.service.CrawlerServiceImpl [requestId=] [path=] - Saved new match: matchId='m21'
2026-07-13 20:05:31.371 [main] INFO  org.main.service.CrawlerServiceImpl [requestId=] [path=] - Saved new match: matchId='m22'
2026-07-13 20:05:31.371 [main] INFO  org.main.service.CrawlerServiceImpl [requestId=] [path=] - Saved new match: matchId='m23'
2026-07-13 20:05:31.372 [main] INFO  org.main.service.CrawlerServiceImpl [requestId=] [path=] - Saved new match: matchId='m24'
2026-07-13 20:05:31.373 [main] INFO  org.main.service.CrawlerServiceImpl [requestId=] [path=] - crawlPuuidEUW finished: puuid='puuid', requestedLimit=25, fetchedUnique=25, savedNewMatches=25
2026-07-13 20:05:31.507 [main] INFO  org.main.service.CrawlerServiceImpl [requestId=] [path=] - Starting crawlPuuidEUW: puuid='test-puuid', requestedLimit=2, effectiveLimit=2
2026-07-13 20:05:31.507 [main] DEBUG org.main.service.CrawlerServiceImpl [requestId=] [path=] - Requesting match id page: puuid='test-puuid', start=0, count=2
2026-07-13 20:05:31.508 [main] INFO  org.main.service.CrawlerServiceImpl [requestId=] [path=] - Match already exists, checking timeline: matchId='EUW1_123'
2026-07-13 20:05:31.525 [main] INFO  org.main.service.CrawlerServiceImpl [requestId=] [path=] - Saved new match: matchId='EUW1_456'
2026-07-13 20:05:31.525 [main] INFO  org.main.service.CrawlerServiceImpl [requestId=] [path=] - crawlPuuidEUW finished: puuid='test-puuid', requestedLimit=2, fetchedUnique=2, savedNewMatches=1
2026-07-13 20:05:31.545 [main] INFO  org.main.service.CrawlerServiceImpl [requestId=] [path=] - Starting crawlRiotIdEUW: gameName='acoomer', tagLine='EUW', requestedLimit=3
2026-07-13 20:05:31.547 [main] INFO  org.main.service.CrawlerServiceImpl [requestId=] [path=] - Player saved or updated: gameName='acoomer', tagLine='EUW', puuid='resolved-puuid'
2026-07-13 20:05:31.547 [main] DEBUG org.main.service.CrawlerServiceImpl [requestId=] [path=] - Requesting match id page: puuid='resolved-puuid', start=0, count=3
2026-07-13 20:05:31.548 [main] INFO  org.main.service.CrawlerServiceImpl [requestId=] [path=] - Saved new match: matchId='EUW1_1'
2026-07-13 20:05:31.548 [main] INFO  org.main.service.CrawlerServiceImpl [requestId=] [path=] - Saved new match: matchId='EUW1_2'
2026-07-13 20:05:31.550 [main] INFO  org.main.service.CrawlerServiceImpl [requestId=] [path=] - Saved new match: matchId='EUW1_3'
2026-07-13 20:05:31.550 [main] INFO  org.main.service.CrawlerServiceImpl [requestId=] [path=] - crawlRiotIdEUW finished: summoner='acoomer#EUW', puuid='resolved-puuid', savedNewMatches=3
2026-07-13 20:05:31.556 [main] INFO  org.main.service.CrawlerServiceImpl [requestId=] [path=] - Starting crawlPuuidEUW: puuid='test-puuid', requestedLimit=25, effectiveLimit=25
2026-07-13 20:05:31.557 [main] DEBUG org.main.service.CrawlerServiceImpl [requestId=] [path=] - Requesting match id page: puuid='test-puuid', start=0, count=20
2026-07-13 20:05:31.557 [main] DEBUG org.main.service.CrawlerServiceImpl [requestId=] [path=] - Requesting match id page: puuid='test-puuid', start=20, count=5
2026-07-13 20:05:31.558 [main] INFO  org.main.service.CrawlerServiceImpl [requestId=] [path=] - Saved new match: matchId='EUW1_1'
2026-07-13 20:05:31.559 [main] INFO  org.main.service.CrawlerServiceImpl [requestId=] [path=] - Saved new match: matchId='EUW1_2'
2026-07-13 20:05:31.560 [main] INFO  org.main.service.CrawlerServiceImpl [requestId=] [path=] - Saved new match: matchId='EUW1_3'
2026-07-13 20:05:31.560 [main] INFO  org.main.service.CrawlerServiceImpl [requestId=] [path=] - Saved new match: matchId='EUW1_4'
2026-07-13 20:05:31.561 [main] INFO  org.main.service.CrawlerServiceImpl [requestId=] [path=] - Saved new match: matchId='EUW1_5'
2026-07-13 20:05:31.561 [main] INFO  org.main.service.CrawlerServiceImpl [requestId=] [path=] - Saved new match: matchId='EUW1_6'
2026-07-13 20:05:31.562 [main] INFO  org.main.service.CrawlerServiceImpl [requestId=] [path=] - Saved new match: matchId='EUW1_7'
2026-07-13 20:05:31.562 [main] INFO  org.main.service.CrawlerServiceImpl [requestId=] [path=] - Saved new match: matchId='EUW1_8'
2026-07-13 20:05:31.563 [main] INFO  org.main.service.CrawlerServiceImpl [requestId=] [path=] - Saved new match: matchId='EUW1_9'
2026-07-13 20:05:31.564 [main] INFO  org.main.service.CrawlerServiceImpl [requestId=] [path=] - Saved new match: matchId='EUW1_10'
2026-07-13 20:05:31.565 [main] INFO  org.main.service.CrawlerServiceImpl [requestId=] [path=] - Saved new match: matchId='EUW1_11'
2026-07-13 20:05:31.566 [main] INFO  org.main.service.CrawlerServiceImpl [requestId=] [path=] - Saved new match: matchId='EUW1_12'
2026-07-13 20:05:31.567 [main] INFO  org.main.service.CrawlerServiceImpl [requestId=] [path=] - Saved new match: matchId='EUW1_13'
2026-07-13 20:05:31.569 [main] INFO  org.main.service.CrawlerServiceImpl [requestId=] [path=] - Saved new match: matchId='EUW1_14'
2026-07-13 20:05:31.569 [main] INFO  org.main.service.CrawlerServiceImpl [requestId=] [path=] - Saved new match: matchId='EUW1_15'
2026-07-13 20:05:31.570 [main] INFO  org.main.service.CrawlerServiceImpl [requestId=] [path=] - Saved new match: matchId='EUW1_16'
2026-07-13 20:05:31.571 [main] INFO  org.main.service.CrawlerServiceImpl [requestId=] [path=] - Saved new match: matchId='EUW1_17'
2026-07-13 20:05:31.572 [main] INFO  org.main.service.CrawlerServiceImpl [requestId=] [path=] - Saved new match: matchId='EUW1_18'
2026-07-13 20:05:31.573 [main] INFO  org.main.service.CrawlerServiceImpl [requestId=] [path=] - Saved new match: matchId='EUW1_19'
2026-07-13 20:05:31.574 [main] INFO  org.main.service.CrawlerServiceImpl [requestId=] [path=] - Saved new match: matchId='EUW1_20'
2026-07-13 20:05:31.576 [main] INFO  org.main.service.CrawlerServiceImpl [requestId=] [path=] - Saved new match: matchId='EUW1_21'
2026-07-13 20:05:31.576 [main] INFO  org.main.service.CrawlerServiceImpl [requestId=] [path=] - Saved new match: matchId='EUW1_22'
2026-07-13 20:05:31.577 [main] INFO  org.main.service.CrawlerServiceImpl [requestId=] [path=] - Saved new match: matchId='EUW1_23'
2026-07-13 20:05:31.578 [main] INFO  org.main.service.CrawlerServiceImpl [requestId=] [path=] - Saved new match: matchId='EUW1_24'
2026-07-13 20:05:31.579 [main] INFO  org.main.service.CrawlerServiceImpl [requestId=] [path=] - Saved new match: matchId='EUW1_25'
2026-07-13 20:05:31.579 [main] INFO  org.main.service.CrawlerServiceImpl [requestId=] [path=] - crawlPuuidEUW finished: puuid='test-puuid', requestedLimit=25, fetchedUnique=25, savedNewMatches=25
2026-07-13 20:05:31.882 [main] INFO  o.s.b.d.r.RestartApplicationListener [requestId=] [path=] - Restart disabled due to context in which it is running
2026-07-13 20:05:31.939 [main] INFO  o.main.cucumber.CucumberSpringConfig [requestId=] [path=] - Starting CucumberSpringConfig using Java 23.0.2 with PID 10300 (started by egors in D:\Games\RiotApiPractice)
2026-07-13 20:05:31.940 [main] DEBUG o.main.cucumber.CucumberSpringConfig [requestId=] [path=] - Running with Spring Boot v3.3.3, Spring v6.1.12
2026-07-13 20:05:31.940 [main] INFO  o.main.cucumber.CucumberSpringConfig [requestId=] [path=] - No active profile set, falling back to 1 default profile: "default"
2026-07-13 20:05:33.886 [main] INFO  o.main.cucumber.CucumberSpringConfig [requestId=] [path=] - Started CucumberSpringConfig in 2.003 seconds (process running for 24.755)
2026-07-13 20:05:33.990 [main] INFO  org.main.service.CrawlerServiceImpl [requestId=] [path=] - Starting crawlPuuidEUW: puuid='TEST_PUUID', requestedLimit=5, effectiveLimit=5
2026-07-13 20:05:33.990 [main] DEBUG org.main.service.CrawlerServiceImpl [requestId=] [path=] - Requesting match id page: puuid='TEST_PUUID', start=0, count=5
2026-07-13 20:05:33.990 [main] INFO  org.main.service.CrawlerServiceImpl [requestId=] [path=] - Saved new match: matchId='EUW1_0'
2026-07-13 20:05:33.991 [main] INFO  org.main.service.CrawlerServiceImpl [requestId=] [path=] - Saved new match: matchId='EUW1_1'
2026-07-13 20:05:33.992 [main] INFO  org.main.service.CrawlerServiceImpl [requestId=] [path=] - Saved new match: matchId='EUW1_2'
2026-07-13 20:05:33.993 [main] INFO  org.main.service.CrawlerServiceImpl [requestId=] [path=] - Saved new match: matchId='EUW1_3'
2026-07-13 20:05:33.994 [main] INFO  org.main.service.CrawlerServiceImpl [requestId=] [path=] - Saved new match: matchId='EUW1_4'
2026-07-13 20:05:33.995 [main] INFO  org.main.service.CrawlerServiceImpl [requestId=] [path=] - crawlPuuidEUW finished: puuid='TEST_PUUID', requestedLimit=5, fetchedUnique=5, savedNewMatches=5
2026-07-13 20:05:34.022 [main] INFO  org.main.service.CrawlerServiceImpl [requestId=] [path=] - Starting crawlPuuidEUW: puuid='TEST_PUUID', requestedLimit=5, effectiveLimit=5
2026-07-13 20:05:34.022 [main] DEBUG org.main.service.CrawlerServiceImpl [requestId=] [path=] - Requesting match id page: puuid='TEST_PUUID', start=0, count=5
2026-07-13 20:05:34.022 [main] INFO  org.main.service.CrawlerServiceImpl [requestId=] [path=] - No more match ids returned from Riot API: puuid='TEST_PUUID', start=0
2026-07-13 20:05:34.022 [main] INFO  org.main.service.CrawlerServiceImpl [requestId=] [path=] - crawlPuuidEUW finished: puuid='TEST_PUUID', requestedLimit=5, fetchedUnique=0, savedNewMatches=0
2026-07-13 20:05:34.045 [main] INFO  org.main.service.CrawlerServiceImpl [requestId=] [path=] - Starting crawlPuuidEUW: puuid='TEST_PUUID', requestedLimit=5, effectiveLimit=5
2026-07-13 20:05:34.046 [main] DEBUG org.main.service.CrawlerServiceImpl [requestId=] [path=] - Requesting match id page: puuid='TEST_PUUID', start=0, count=5
2026-07-13 20:05:34.047 [main] INFO  org.main.service.CrawlerServiceImpl [requestId=] [path=] - Match already exists, checking timeline: matchId='EUW1_0'
2026-07-13 20:05:34.047 [main] INFO  org.main.service.CrawlerServiceImpl [requestId=] [path=] - Match already exists, checking timeline: matchId='EUW1_1'
2026-07-13 20:05:34.048 [main] INFO  org.main.service.CrawlerServiceImpl [requestId=] [path=] - Match already exists, checking timeline: matchId='EUW1_2'
2026-07-13 20:05:34.049 [main] INFO  org.main.service.CrawlerServiceImpl [requestId=] [path=] - Match already exists, checking timeline: matchId='EUW1_3'
2026-07-13 20:05:34.049 [main] INFO  org.main.service.CrawlerServiceImpl [requestId=] [path=] - Match already exists, checking timeline: matchId='EUW1_4'
2026-07-13 20:05:34.050 [main] INFO  org.main.service.CrawlerServiceImpl [requestId=] [path=] - crawlPuuidEUW finished: puuid='TEST_PUUID', requestedLimit=5, fetchedUnique=5, savedNewMatches=0
2026-07-13 20:12:58.631 [background-preinit] INFO  o.h.validator.internal.util.Version [requestId=] [path=] - HV000001: Hibernate Validator 8.0.1.Final
2026-07-13 20:12:58.708 [main] INFO  o.m.a.s.SecurityConfigWebMvcTest [requestId=] [path=] - Starting SecurityConfigWebMvcTest using Java 23.0.2 with PID 12804 (started by egors in D:\Games\RiotApiPractice)
2026-07-13 20:12:58.709 [main] DEBUG o.m.a.s.SecurityConfigWebMvcTest [requestId=] [path=] - Running with Spring Boot v3.3.3, Spring v6.1.12
2026-07-13 20:12:58.710 [main] INFO  o.m.a.s.SecurityConfigWebMvcTest [requestId=] [path=] - No active profile set, falling back to 1 default profile: "default"
2026-07-13 20:13:01.074 [main] INFO  o.s.b.a.w.s.WelcomePageHandlerMapping [requestId=] [path=] - Adding welcome page: class path resource [static/index.html]
2026-07-13 20:13:02.042 [main] DEBUG o.m.a.s.AppSessionAuthenticationFilter [requestId=] [path=] - Filter 'appSessionAuthenticationFilter' configured for use
2026-07-13 20:13:02.042 [main] DEBUG o.main.config.RequestLoggingFilter [requestId=] [path=] - Filter 'requestLoggingFilter' configured for use
2026-07-13 20:13:02.051 [main] INFO  o.s.b.t.m.w.SpringBootMockServletContext [requestId=] [path=] - Initializing Spring TestDispatcherServlet ''
2026-07-13 20:13:02.051 [main] INFO  o.s.t.w.s.TestDispatcherServlet [requestId=] [path=] - Initializing Servlet ''
2026-07-13 20:13:02.054 [main] INFO  o.s.t.w.s.TestDispatcherServlet [requestId=] [path=] - Completed initialization in 2 ms
2026-07-13 20:13:02.095 [main] INFO  o.m.a.s.SecurityConfigWebMvcTest [requestId=] [path=] - Started SecurityConfigWebMvcTest in 4.383 seconds (process running for 9.997)
2026-07-13 20:13:07.269 [main] INFO  o.s.t.c.s.AnnotationConfigContextLoaderUtils [requestId=] [path=] - Could not detect default configuration classes for test class [org.main.account.web.AuthControllerWebMvcTest]: AuthControllerWebMvcTest does not declare any static, non-private, non-final, nested classes annotated with @Configuration.
2026-07-13 20:13:07.327 [main] INFO  o.s.b.t.c.SpringBootTestContextBootstrapper [requestId=] [path=] - Found @SpringBootConfiguration org.main.RiotPractice for test class org.main.account.web.AuthControllerWebMvcTest
2026-07-13 20:13:07.335 [main] INFO  o.s.b.d.r.RestartApplicationListener [requestId=] [path=] - Restart disabled due to context in which it is running
2026-07-13 20:13:07.385 [main] INFO  o.m.a.web.AuthControllerWebMvcTest [requestId=] [path=] - Starting AuthControllerWebMvcTest using Java 23.0.2 with PID 12804 (started by egors in D:\Games\RiotApiPractice)
2026-07-13 20:13:07.386 [main] DEBUG o.m.a.web.AuthControllerWebMvcTest [requestId=] [path=] - Running with Spring Boot v3.3.3, Spring v6.1.12
2026-07-13 20:13:07.386 [main] INFO  o.m.a.web.AuthControllerWebMvcTest [requestId=] [path=] - No active profile set, falling back to 1 default profile: "default"
2026-07-13 20:13:08.137 [main] INFO  o.s.b.a.w.s.WelcomePageHandlerMapping [requestId=] [path=] - Adding welcome page: class path resource [static/index.html]
2026-07-13 20:13:08.314 [main] DEBUG o.m.a.s.AppSessionAuthenticationFilter [requestId=] [path=] - Filter 'appSessionAuthenticationFilter' configured for use
2026-07-13 20:13:08.314 [main] DEBUG o.main.config.RequestLoggingFilter [requestId=] [path=] - Filter 'requestLoggingFilter' configured for use
2026-07-13 20:13:08.314 [main] INFO  o.s.b.t.m.w.SpringBootMockServletContext [requestId=] [path=] - Initializing Spring TestDispatcherServlet ''
2026-07-13 20:13:08.314 [main] INFO  o.s.t.w.s.TestDispatcherServlet [requestId=] [path=] - Initializing Servlet ''
2026-07-13 20:13:08.315 [main] INFO  o.s.t.w.s.TestDispatcherServlet [requestId=] [path=] - Completed initialization in 1 ms
2026-07-13 20:13:08.326 [main] INFO  o.m.a.web.AuthControllerWebMvcTest [requestId=] [path=] - Started AuthControllerWebMvcTest in 0.992 seconds (process running for 16.228)
2026-07-13 20:13:08.890 [main] WARN  o.m.handler.GlobalExceptionHandler [requestId=f8769ba1-0fae-4fae-9aee-fe170e42f3aa] [path=/api/auth/register] - Handled exception: errorId=8abefa39-2000-442f-a07a-93575c5c9c79, code=VALIDATION_ERROR, path=/api/auth/register, context={requestId=f8769ba1-0fae-4fae-9aee-fe170e42f3aa, method=POST}, message=Validation failed for argument [0] in public org.springframework.http.ResponseEntity<java.lang.Void> org.main.account.web.AuthController.register(org.main.account.dto.RegisterRequest,jakarta.servlet.http.HttpServletRequest) with 3 errors: [Field error in object 'registerRequest' on field 'displayName': rejected value []; codes [NotBlank.registerRequest.displayName,NotBlank.displayName,NotBlank.java.lang.String,NotBlank]; arguments [org.springframework.context.support.DefaultMessageSourceResolvable: codes [registerRequest.displayName,displayName]; arguments []; default message [displayName]]; default message [must not be blank]] [Field error in object 'registerRequest' on field 'email': rejected value [not-an-email]; codes [Email.registerRequest.email,Email.email,Email.java.lang.String,Email]; arguments [org.springframework.context.support.DefaultMessageSourceResolvable: codes [registerRequest.email,email]; arguments []; default message [email],[Ljakarta.validation.constraints.Pattern$Flag;@298f7b0a,.*]; default message [must be a well-formed email address]] [Field error in object 'registerRequest' on field 'password': rejected value [short]; codes [Size.registerRequest.password,Size.password,Size.java.lang.String,Size]; arguments [org.springframework.context.support.DefaultMessageSourceResolvable: codes [registerRequest.password,password]; arguments []; default message [password],128,12]; default message [size must be between 12 and 128]] 
2026-07-13 20:13:08.929 [main] INFO  o.s.t.c.s.AnnotationConfigContextLoaderUtils [requestId=] [path=] - Could not detect default configuration classes for test class [org.main.account.web.SavedProfileControllerWebMvcTest]: SavedProfileControllerWebMvcTest does not declare any static, non-private, non-final, nested classes annotated with @Configuration.
2026-07-13 20:13:08.957 [main] INFO  o.s.b.t.c.SpringBootTestContextBootstrapper [requestId=] [path=] - Found @SpringBootConfiguration org.main.RiotPractice for test class org.main.account.web.SavedProfileControllerWebMvcTest
2026-07-13 20:13:08.965 [main] INFO  o.s.b.d.r.RestartApplicationListener [requestId=] [path=] - Restart disabled due to context in which it is running
2026-07-13 20:13:09.012 [main] INFO  o.m.a.w.SavedProfileControllerWebMvcTest [requestId=] [path=] - Starting SavedProfileControllerWebMvcTest using Java 23.0.2 with PID 12804 (started by egors in D:\Games\RiotApiPractice)
2026-07-13 20:13:09.012 [main] DEBUG o.m.a.w.SavedProfileControllerWebMvcTest [requestId=] [path=] - Running with Spring Boot v3.3.3, Spring v6.1.12
2026-07-13 20:13:09.013 [main] INFO  o.m.a.w.SavedProfileControllerWebMvcTest [requestId=] [path=] - No active profile set, falling back to 1 default profile: "default"
2026-07-13 20:13:09.596 [main] INFO  o.s.b.a.w.s.WelcomePageHandlerMapping [requestId=] [path=] - Adding welcome page: class path resource [static/index.html]
2026-07-13 20:13:09.764 [main] DEBUG o.m.a.s.AppSessionAuthenticationFilter [requestId=] [path=] - Filter 'appSessionAuthenticationFilter' configured for use
2026-07-13 20:13:09.764 [main] DEBUG o.main.config.RequestLoggingFilter [requestId=] [path=] - Filter 'requestLoggingFilter' configured for use
2026-07-13 20:13:09.764 [main] INFO  o.s.b.t.m.w.SpringBootMockServletContext [requestId=] [path=] - Initializing Spring TestDispatcherServlet ''
2026-07-13 20:13:09.764 [main] INFO  o.s.t.w.s.TestDispatcherServlet [requestId=] [path=] - Initializing Servlet ''
2026-07-13 20:13:09.765 [main] INFO  o.s.t.w.s.TestDispatcherServlet [requestId=] [path=] - Completed initialization in 1 ms
2026-07-13 20:13:09.776 [main] INFO  o.m.a.w.SavedProfileControllerWebMvcTest [requestId=] [path=] - Started SavedProfileControllerWebMvcTest in 0.812 seconds (process running for 17.678)
2026-07-13 20:13:09.825 [main] WARN  o.m.handler.GlobalExceptionHandler [requestId=cfc3fa86-81df-4491-8d37-de9787be0b4b] [path=/api/account/saved-profiles/ab438de5-4983-4182-9e67-ae52187cd38e] - Handled exception: errorId=901e3ba2-3a0b-4fd2-a56b-c9fc719644fe, code=NOT_FOUND, path=/api/account/saved-profiles/ab438de5-4983-4182-9e67-ae52187cd38e, context={requestId=cfc3fa86-81df-4491-8d37-de9787be0b4b, method=PATCH}, message=Saved profile not found
2026-07-13 20:13:10.765 [main] INFO  o.s.t.c.s.AnnotationConfigContextLoaderUtils [requestId=] [path=] - Could not detect default configuration classes for test class [org.main.builds.api.ChampionBuildControllerTest]: ChampionBuildControllerTest does not declare any static, non-private, non-final, nested classes annotated with @Configuration.
2026-07-13 20:13:10.817 [main] INFO  o.s.b.t.c.SpringBootTestContextBootstrapper [requestId=] [path=] - Found @SpringBootConfiguration org.main.RiotPractice for test class org.main.builds.api.ChampionBuildControllerTest
2026-07-13 20:13:10.823 [main] INFO  o.s.b.d.r.RestartApplicationListener [requestId=] [path=] - Restart disabled due to context in which it is running
2026-07-13 20:13:10.859 [main] INFO  o.m.b.a.ChampionBuildControllerTest [requestId=] [path=] - Starting ChampionBuildControllerTest using Java 23.0.2 with PID 12804 (started by egors in D:\Games\RiotApiPractice)
2026-07-13 20:13:10.860 [main] DEBUG o.m.b.a.ChampionBuildControllerTest [requestId=] [path=] - Running with Spring Boot v3.3.3, Spring v6.1.12
2026-07-13 20:13:10.860 [main] INFO  o.m.b.a.ChampionBuildControllerTest [requestId=] [path=] - No active profile set, falling back to 1 default profile: "default"
2026-07-13 20:13:11.382 [main] INFO  o.s.b.a.w.s.WelcomePageHandlerMapping [requestId=] [path=] - Adding welcome page: class path resource [static/index.html]
2026-07-13 20:13:11.535 [main] DEBUG o.m.a.s.AppSessionAuthenticationFilter [requestId=] [path=] - Filter 'appSessionAuthenticationFilter' configured for use
2026-07-13 20:13:11.536 [main] DEBUG o.main.config.RequestLoggingFilter [requestId=] [path=] - Filter 'requestLoggingFilter' configured for use
2026-07-13 20:13:11.536 [main] INFO  o.s.b.t.m.w.SpringBootMockServletContext [requestId=] [path=] - Initializing Spring TestDispatcherServlet ''
2026-07-13 20:13:11.536 [main] INFO  o.s.t.w.s.TestDispatcherServlet [requestId=] [path=] - Initializing Servlet ''
2026-07-13 20:13:11.537 [main] INFO  o.s.t.w.s.TestDispatcherServlet [requestId=] [path=] - Completed initialization in 1 ms
2026-07-13 20:13:11.546 [main] INFO  o.m.b.a.ChampionBuildControllerTest [requestId=] [path=] - Started ChampionBuildControllerTest in 0.725 seconds (process running for 19.449)
2026-07-13 20:13:11.703 [main] WARN  o.m.handler.GlobalExceptionHandler [requestId=1f995823-9746-4026-a6c1-f8aea7c55dce] [path=/api/champions/22/builds] - Handled exception: errorId=5a573b6c-b50b-42b4-b0cb-8a8f4a63c031, code=BAD_REQUEST, path=/api/champions/22/builds, context={requestId=1f995823-9746-4026-a6c1-f8aea7c55dce, method=GET}, message=Failed to convert value of type 'java.lang.String' to required type 'org.main.builds.model.BuildRole'; Failed to convert from type [java.lang.String] to type [@org.springframework.web.bind.annotation.RequestParam org.main.builds.model.BuildRole] for value [INVALID]
2026-07-13 20:13:11.728 [main] WARN  o.m.handler.GlobalExceptionHandler [requestId=83deb7c7-9f6b-4f8b-990a-f52040db3d7e] [path=/api/champions/999/builds/options] - Handled exception: errorId=273510b7-621d-45c9-8e55-f8fa2d45da6e, code=NOT_FOUND, path=/api/champions/999/builds/options, context={requestId=83deb7c7-9f6b-4f8b-990a-f52040db3d7e, method=GET}, message=Champion not found: 999
2026-07-13 20:13:12.853 [main] INFO  o.s.t.c.s.AnnotationConfigContextLoaderUtils [requestId=] [path=] - Could not detect default configuration classes for test class [org.main.controller.CrawlerControllerWebMvcTest]: CrawlerControllerWebMvcTest does not declare any static, non-private, non-final, nested classes annotated with @Configuration.
2026-07-13 20:13:12.937 [main] INFO  o.s.b.t.c.SpringBootTestContextBootstrapper [requestId=] [path=] - Found @SpringBootConfiguration org.main.RiotPractice for test class org.main.controller.CrawlerControllerWebMvcTest
2026-07-13 20:13:12.945 [main] INFO  o.s.b.d.r.RestartApplicationListener [requestId=] [path=] - Restart disabled due to context in which it is running
2026-07-13 20:13:13.005 [main] INFO  o.m.c.CrawlerControllerWebMvcTest [requestId=] [path=] - Starting CrawlerControllerWebMvcTest using Java 23.0.2 with PID 12804 (started by egors in D:\Games\RiotApiPractice)
2026-07-13 20:13:13.006 [main] DEBUG o.m.c.CrawlerControllerWebMvcTest [requestId=] [path=] - Running with Spring Boot v3.3.3, Spring v6.1.12
2026-07-13 20:13:13.007 [main] INFO  o.m.c.CrawlerControllerWebMvcTest [requestId=] [path=] - No active profile set, falling back to 1 default profile: "default"
2026-07-13 20:13:14.071 [main] INFO  o.s.b.a.w.s.WelcomePageHandlerMapping [requestId=] [path=] - Adding welcome page: class path resource [static/index.html]
2026-07-13 20:13:14.240 [main] DEBUG o.m.a.s.AppSessionAuthenticationFilter [requestId=] [path=] - Filter 'appSessionAuthenticationFilter' configured for use
2026-07-13 20:13:14.240 [main] DEBUG o.main.config.RequestLoggingFilter [requestId=] [path=] - Filter 'requestLoggingFilter' configured for use
2026-07-13 20:13:14.241 [main] INFO  o.s.b.t.m.w.SpringBootMockServletContext [requestId=] [path=] - Initializing Spring TestDispatcherServlet ''
2026-07-13 20:13:14.241 [main] INFO  o.s.t.w.s.TestDispatcherServlet [requestId=] [path=] - Initializing Servlet ''
2026-07-13 20:13:14.243 [main] INFO  o.s.t.w.s.TestDispatcherServlet [requestId=] [path=] - Completed initialization in 1 ms
2026-07-13 20:13:14.253 [main] INFO  o.m.c.CrawlerControllerWebMvcTest [requestId=] [path=] - Started CrawlerControllerWebMvcTest in 1.31 seconds (process running for 22.156)
2026-07-13 20:13:14.343 [main] INFO  o.main.controller.CrawlerController [requestId=48777193-80d5-47d2-9291-c629ba1c518b] [path=/api/crawl/euw/puuid/p] - Received crawlByPuuid request: puuid='p', limit=7
2026-07-13 20:13:14.346 [main] INFO  o.main.controller.CrawlerController [requestId=48777193-80d5-47d2-9291-c629ba1c518b] [path=/api/crawl/euw/puuid/p] - crawlByPuuid completed: puuid='null', requestedLimit=0, savedNewMatches=0
2026-07-13 20:13:14.368 [main] INFO  o.main.controller.CrawlerController [requestId=3b8146ed-1dd4-4574-9c87-42664a6bd401] [path=/api/crawl/euw/puuid/p] - Received crawlByPuuid request: puuid='p', limit=20
2026-07-13 20:13:14.369 [main] INFO  o.main.controller.CrawlerController [requestId=3b8146ed-1dd4-4574-9c87-42664a6bd401] [path=/api/crawl/euw/puuid/p] - crawlByPuuid completed: puuid='null', requestedLimit=0, savedNewMatches=0
2026-07-13 20:13:14.388 [main] INFO  o.s.t.c.s.AnnotationConfigContextLoaderUtils [requestId=] [path=] - Could not detect default configuration classes for test class [org.main.controller.frontend.PlayerDashboardControllerWebMvcTest]: PlayerDashboardControllerWebMvcTest does not declare any static, non-private, non-final, nested classes annotated with @Configuration.
2026-07-13 20:13:14.433 [main] INFO  o.s.b.t.c.SpringBootTestContextBootstrapper [requestId=] [path=] - Found @SpringBootConfiguration org.main.RiotPractice for test class org.main.controller.frontend.PlayerDashboardControllerWebMvcTest
2026-07-13 20:13:14.441 [main] INFO  o.s.b.d.r.RestartApplicationListener [requestId=] [path=] - Restart disabled due to context in which it is running
2026-07-13 20:13:14.474 [main] INFO  o.m.c.f.PlayerDashboardControllerWebMvcTest [requestId=] [path=] - Starting PlayerDashboardControllerWebMvcTest using Java 23.0.2 with PID 12804 (started by egors in D:\Games\RiotApiPractice)
2026-07-13 20:13:14.474 [main] DEBUG o.m.c.f.PlayerDashboardControllerWebMvcTest [requestId=] [path=] - Running with Spring Boot v3.3.3, Spring v6.1.12
2026-07-13 20:13:14.474 [main] INFO  o.m.c.f.PlayerDashboardControllerWebMvcTest [requestId=] [path=] - No active profile set, falling back to 1 default profile: "default"
2026-07-13 20:13:15.352 [main] INFO  o.s.b.a.w.s.WelcomePageHandlerMapping [requestId=] [path=] - Adding welcome page: class path resource [static/index.html]
2026-07-13 20:13:15.493 [main] DEBUG o.m.a.s.AppSessionAuthenticationFilter [requestId=] [path=] - Filter 'appSessionAuthenticationFilter' configured for use
2026-07-13 20:13:15.494 [main] DEBUG o.main.config.RequestLoggingFilter [requestId=] [path=] - Filter 'requestLoggingFilter' configured for use
2026-07-13 20:13:15.494 [main] INFO  o.s.b.t.m.w.SpringBootMockServletContext [requestId=] [path=] - Initializing Spring TestDispatcherServlet ''
2026-07-13 20:13:15.494 [main] INFO  o.s.t.w.s.TestDispatcherServlet [requestId=] [path=] - Initializing Servlet ''
2026-07-13 20:13:15.495 [main] INFO  o.s.t.w.s.TestDispatcherServlet [requestId=] [path=] - Completed initialization in 1 ms
2026-07-13 20:13:15.506 [main] INFO  o.m.c.f.PlayerDashboardControllerWebMvcTest [requestId=] [path=] - Started PlayerDashboardControllerWebMvcTest in 1.066 seconds (process running for 23.409)
2026-07-13 20:13:15.700 [main] ERROR o.m.handler.GlobalExceptionHandler [requestId=] [path=] - Handled exception: errorId=2ca4fb03-5105-41e8-9d9e-60d41fbc3c30, code=INTERNAL_ERROR, path=/api/auth/register, context={requestId=null, method=POST}
java.lang.Exception: failure
	at org.main.handler.GlobalExceptionHandlerTest.handlesRequestsWithoutQueryString(GlobalExceptionHandlerTest.java:22)
	at java.base/jdk.internal.reflect.DirectMethodHandleAccessor.invoke(DirectMethodHandleAccessor.java:103)
	at java.base/java.lang.reflect.Method.invoke(Method.java:580)
	at org.junit.platform.commons.util.ReflectionUtils.invokeMethod(ReflectionUtils.java:728)
	at org.junit.jupiter.engine.execution.MethodInvocation.proceed(MethodInvocation.java:60)
	at org.junit.jupiter.engine.execution.InvocationInterceptorChain$ValidatingInvocation.proceed(InvocationInterceptorChain.java:131)
	at org.junit.jupiter.engine.extension.TimeoutExtension.intercept(TimeoutExtension.java:156)
	at org.junit.jupiter.engine.extension.TimeoutExtension.interceptTestableMethod(TimeoutExtension.java:147)
	at org.junit.jupiter.engine.extension.TimeoutExtension.interceptTestMethod(TimeoutExtension.java:86)
	at org.junit.jupiter.engine.execution.InterceptingExecutableInvoker$ReflectiveInterceptorCall.lambda$ofVoidMethod$0(InterceptingExecutableInvoker.java:103)
	at org.junit.jupiter.engine.execution.InterceptingExecutableInvoker.lambda$invoke$0(InterceptingExecutableInvoker.java:93)
	at org.junit.jupiter.engine.execution.InvocationInterceptorChain$InterceptedInvocation.proceed(InvocationInterceptorChain.java:106)
	at org.junit.jupiter.engine.execution.InvocationInterceptorChain.proceed(InvocationInterceptorChain.java:64)
	at org.junit.jupiter.engine.execution.InvocationInterceptorChain.chainAndInvoke(InvocationInterceptorChain.java:45)
	at org.junit.jupiter.engine.execution.InvocationInterceptorChain.invoke(InvocationInterceptorChain.java:37)
	at org.junit.jupiter.engine.execution.InterceptingExecutableInvoker.invoke(InterceptingExecutableInvoker.java:92)
	at org.junit.jupiter.engine.execution.InterceptingExecutableInvoker.invoke(InterceptingExecutableInvoker.java:86)
	at org.junit.jupiter.engine.descriptor.TestMethodTestDescriptor.lambda$invokeTestMethod$7(TestMethodTestDescriptor.java:218)
	at org.junit.platform.engine.support.hierarchical.ThrowableCollector.execute(ThrowableCollector.java:73)
	at org.junit.jupiter.engine.descriptor.TestMethodTestDescriptor.invokeTestMethod(TestMethodTestDescriptor.java:214)
	at org.junit.jupiter.engine.descriptor.TestMethodTestDescriptor.execute(TestMethodTestDescriptor.java:139)
	at org.junit.jupiter.engine.descriptor.TestMethodTestDescriptor.execute(TestMethodTestDescriptor.java:69)
	at org.junit.platform.engine.support.hierarchical.NodeTestTask.lambda$executeRecursively$6(NodeTestTask.java:151)
	at org.junit.platform.engine.support.hierarchical.ThrowableCollector.execute(ThrowableCollector.java:73)
	at org.junit.platform.engine.support.hierarchical.NodeTestTask.lambda$executeRecursively$8(NodeTestTask.java:141)
	at org.junit.platform.engine.support.hierarchical.Node.around(Node.java:137)
	at org.junit.platform.engine.support.hierarchical.NodeTestTask.lambda$executeRecursively$9(NodeTestTask.java:139)
	at org.junit.platform.engine.support.hierarchical.ThrowableCollector.execute(ThrowableCollector.java:73)
	at org.junit.platform.engine.support.hierarchical.NodeTestTask.executeRecursively(NodeTestTask.java:138)
	at org.junit.platform.engine.support.hierarchical.NodeTestTask.execute(NodeTestTask.java:95)
	at java.base/java.util.ArrayList.forEach(ArrayList.java:1597)
	at org.junit.platform.engine.support.hierarchical.SameThreadHierarchicalTestExecutorService.invokeAll(SameThreadHierarchicalTestExecutorService.java:41)
	at org.junit.platform.engine.support.hierarchical.NodeTestTask.lambda$executeRecursively$6(NodeTestTask.java:155)
	at org.junit.platform.engine.support.hierarchical.ThrowableCollector.execute(ThrowableCollector.java:73)
	at org.junit.platform.engine.support.hierarchical.NodeTestTask.lambda$executeRecursively$8(NodeTestTask.java:141)
	at org.junit.platform.engine.support.hierarchical.Node.around(Node.java:137)
	at org.junit.platform.engine.support.hierarchical.NodeTestTask.lambda$executeRecursively$9(NodeTestTask.java:139)
	at org.junit.platform.engine.support.hierarchical.ThrowableCollector.execute(ThrowableCollector.java:73)
	at org.junit.platform.engine.support.hierarchical.NodeTestTask.executeRecursively(NodeTestTask.java:138)
	at org.junit.platform.engine.support.hierarchical.NodeTestTask.execute(NodeTestTask.java:95)
	at java.base/java.util.ArrayList.forEach(ArrayList.java:1597)
	at org.junit.platform.engine.support.hierarchical.SameThreadHierarchicalTestExecutorService.invokeAll(SameThreadHierarchicalTestExecutorService.java:41)
	at org.junit.platform.engine.support.hierarchical.NodeTestTask.lambda$executeRecursively$6(NodeTestTask.java:155)
	at org.junit.platform.engine.support.hierarchical.ThrowableCollector.execute(ThrowableCollector.java:73)
	at org.junit.platform.engine.support.hierarchical.NodeTestTask.lambda$executeRecursively$8(NodeTestTask.java:141)
	at org.junit.platform.engine.support.hierarchical.Node.around(Node.java:137)
	at org.junit.platform.engine.support.hierarchical.NodeTestTask.lambda$executeRecursively$9(NodeTestTask.java:139)
	at org.junit.platform.engine.support.hierarchical.ThrowableCollector.execute(ThrowableCollector.java:73)
	at org.junit.platform.engine.support.hierarchical.NodeTestTask.executeRecursively(NodeTestTask.java:138)
	at org.junit.platform.engine.support.hierarchical.NodeTestTask.execute(NodeTestTask.java:95)
	at org.junit.platform.engine.support.hierarchical.SameThreadHierarchicalTestExecutorService.submit(SameThreadHierarchicalTestExecutorService.java:35)
	at org.junit.platform.engine.support.hierarchical.HierarchicalTestExecutor.execute(HierarchicalTestExecutor.java:57)
	at org.junit.platform.engine.support.hierarchical.HierarchicalTestEngine.execute(HierarchicalTestEngine.java:54)
	at org.junit.platform.launcher.core.EngineExecutionOrchestrator.execute(EngineExecutionOrchestrator.java:198)
	at org.junit.platform.launcher.core.EngineExecutionOrchestrator.execute(EngineExecutionOrchestrator.java:169)
	at org.junit.platform.launcher.core.EngineExecutionOrchestrator.execute(EngineExecutionOrchestrator.java:93)
	at org.junit.platform.launcher.core.EngineExecutionOrchestrator.lambda$execute$0(EngineExecutionOrchestrator.java:58)
	at org.junit.platform.launcher.core.EngineExecutionOrchestrator.withInterceptedStreams(EngineExecutionOrchestrator.java:141)
	at org.junit.platform.launcher.core.EngineExecutionOrchestrator.execute(EngineExecutionOrchestrator.java:57)
	at org.junit.platform.launcher.core.DefaultLauncher.execute(DefaultLauncher.java:103)
	at org.junit.platform.launcher.core.DefaultLauncher.execute(DefaultLauncher.java:85)
	at org.junit.platform.launcher.core.DelegatingLauncher.execute(DelegatingLauncher.java:47)
	at org.apache.maven.surefire.junitplatform.LazyLauncher.execute(LazyLauncher.java:56)
	at org.apache.maven.surefire.junitplatform.JUnitPlatformProvider.execute(JUnitPlatformProvider.java:184)
	at org.apache.maven.surefire.junitplatform.JUnitPlatformProvider.invokeAllTests(JUnitPlatformProvider.java:148)
	at org.apache.maven.surefire.junitplatform.JUnitPlatformProvider.invoke(JUnitPlatformProvider.java:122)
	at org.apache.maven.surefire.booter.ForkedBooter.runSuitesInProcess(ForkedBooter.java:385)
	at org.apache.maven.surefire.booter.ForkedBooter.execute(ForkedBooter.java:162)
	at org.apache.maven.surefire.booter.ForkedBooter.run(ForkedBooter.java:507)
	at org.apache.maven.surefire.booter.ForkedBooter.main(ForkedBooter.java:495)
2026-07-13 20:13:15.743 [main] INFO  o.s.t.c.s.AnnotationConfigContextLoaderUtils [requestId=] [path=] - Could not detect default configuration classes for test class [org.main.refresh.PlayerRefreshControllerWebMvcTest]: PlayerRefreshControllerWebMvcTest does not declare any static, non-private, non-final, nested classes annotated with @Configuration.
2026-07-13 20:13:15.780 [main] INFO  o.s.b.t.c.SpringBootTestContextBootstrapper [requestId=] [path=] - Found @SpringBootConfiguration org.main.RiotPractice for test class org.main.refresh.PlayerRefreshControllerWebMvcTest
2026-07-13 20:13:15.785 [main] INFO  o.s.b.d.r.RestartApplicationListener [requestId=] [path=] - Restart disabled due to context in which it is running
2026-07-13 20:13:15.822 [main] INFO  o.m.r.PlayerRefreshControllerWebMvcTest [requestId=] [path=] - Starting PlayerRefreshControllerWebMvcTest using Java 23.0.2 with PID 12804 (started by egors in D:\Games\RiotApiPractice)
2026-07-13 20:13:15.822 [main] DEBUG o.m.r.PlayerRefreshControllerWebMvcTest [requestId=] [path=] - Running with Spring Boot v3.3.3, Spring v6.1.12
2026-07-13 20:13:15.823 [main] INFO  o.m.r.PlayerRefreshControllerWebMvcTest [requestId=] [path=] - No active profile set, falling back to 1 default profile: "default"
2026-07-13 20:13:16.212 [main] INFO  o.s.b.a.w.s.WelcomePageHandlerMapping [requestId=] [path=] - Adding welcome page: class path resource [static/index.html]
2026-07-13 20:13:16.310 [main] DEBUG o.m.a.s.AppSessionAuthenticationFilter [requestId=] [path=] - Filter 'appSessionAuthenticationFilter' configured for use
2026-07-13 20:13:16.311 [main] DEBUG o.main.config.RequestLoggingFilter [requestId=] [path=] - Filter 'requestLoggingFilter' configured for use
2026-07-13 20:13:16.311 [main] INFO  o.s.b.t.m.w.SpringBootMockServletContext [requestId=] [path=] - Initializing Spring TestDispatcherServlet ''
2026-07-13 20:13:16.311 [main] INFO  o.s.t.w.s.TestDispatcherServlet [requestId=] [path=] - Initializing Servlet ''
2026-07-13 20:13:16.311 [main] INFO  o.s.t.w.s.TestDispatcherServlet [requestId=] [path=] - Completed initialization in 0 ms
2026-07-13 20:13:16.318 [main] INFO  o.m.r.PlayerRefreshControllerWebMvcTest [requestId=] [path=] - Started PlayerRefreshControllerWebMvcTest in 0.533 seconds (process running for 24.221)
2026-07-13 20:13:17.181 [main] INFO  org.main.service.CrawlerServiceImpl [requestId=] [path=] - Starting crawlPuuidEUW: puuid='puuid', requestedLimit=25, effectiveLimit=25
2026-07-13 20:13:17.181 [main] DEBUG org.main.service.CrawlerServiceImpl [requestId=] [path=] - Requesting match id page: puuid='puuid', start=0, count=20
2026-07-13 20:13:17.181 [main] DEBUG org.main.service.CrawlerServiceImpl [requestId=] [path=] - Requesting match id page: puuid='puuid', start=20, count=5
2026-07-13 20:13:17.184 [main] INFO  org.main.service.CrawlerServiceImpl [requestId=] [path=] - Saved new match: matchId='m0'
2026-07-13 20:13:17.185 [main] INFO  org.main.service.CrawlerServiceImpl [requestId=] [path=] - Saved new match: matchId='m1'
2026-07-13 20:13:17.186 [main] INFO  org.main.service.CrawlerServiceImpl [requestId=] [path=] - Saved new match: matchId='m2'
2026-07-13 20:13:17.187 [main] INFO  org.main.service.CrawlerServiceImpl [requestId=] [path=] - Saved new match: matchId='m3'
2026-07-13 20:13:17.188 [main] INFO  org.main.service.CrawlerServiceImpl [requestId=] [path=] - Saved new match: matchId='m4'
2026-07-13 20:13:17.189 [main] INFO  org.main.service.CrawlerServiceImpl [requestId=] [path=] - Saved new match: matchId='m5'
2026-07-13 20:13:17.189 [main] INFO  org.main.service.CrawlerServiceImpl [requestId=] [path=] - Saved new match: matchId='m6'
2026-07-13 20:13:17.190 [main] INFO  org.main.service.CrawlerServiceImpl [requestId=] [path=] - Saved new match: matchId='m7'
2026-07-13 20:13:17.191 [main] INFO  org.main.service.CrawlerServiceImpl [requestId=] [path=] - Saved new match: matchId='m8'
2026-07-13 20:13:17.192 [main] INFO  org.main.service.CrawlerServiceImpl [requestId=] [path=] - Saved new match: matchId='m9'
2026-07-13 20:13:17.193 [main] INFO  org.main.service.CrawlerServiceImpl [requestId=] [path=] - Saved new match: matchId='m10'
2026-07-13 20:13:17.194 [main] INFO  org.main.service.CrawlerServiceImpl [requestId=] [path=] - Saved new match: matchId='m11'
2026-07-13 20:13:17.195 [main] INFO  org.main.service.CrawlerServiceImpl [requestId=] [path=] - Saved new match: matchId='m12'
2026-07-13 20:13:17.195 [main] INFO  org.main.service.CrawlerServiceImpl [requestId=] [path=] - Saved new match: matchId='m13'
2026-07-13 20:13:17.197 [main] INFO  org.main.service.CrawlerServiceImpl [requestId=] [path=] - Saved new match: matchId='m14'
2026-07-13 20:13:17.197 [main] INFO  org.main.service.CrawlerServiceImpl [requestId=] [path=] - Saved new match: matchId='m15'
2026-07-13 20:13:17.199 [main] INFO  org.main.service.CrawlerServiceImpl [requestId=] [path=] - Saved new match: matchId='m16'
2026-07-13 20:13:17.200 [main] INFO  org.main.service.CrawlerServiceImpl [requestId=] [path=] - Saved new match: matchId='m17'
2026-07-13 20:13:17.201 [main] INFO  org.main.service.CrawlerServiceImpl [requestId=] [path=] - Saved new match: matchId='m18'
2026-07-13 20:13:17.202 [main] INFO  org.main.service.CrawlerServiceImpl [requestId=] [path=] - Saved new match: matchId='m19'
2026-07-13 20:13:17.203 [main] INFO  org.main.service.CrawlerServiceImpl [requestId=] [path=] - Saved new match: matchId='m20'
2026-07-13 20:13:17.204 [main] INFO  org.main.service.CrawlerServiceImpl [requestId=] [path=] - Saved new match: matchId='m21'
2026-07-13 20:13:17.205 [main] INFO  org.main.service.CrawlerServiceImpl [requestId=] [path=] - Saved new match: matchId='m22'
2026-07-13 20:13:17.206 [main] INFO  org.main.service.CrawlerServiceImpl [requestId=] [path=] - Saved new match: matchId='m23'
2026-07-13 20:13:17.207 [main] INFO  org.main.service.CrawlerServiceImpl [requestId=] [path=] - Saved new match: matchId='m24'
2026-07-13 20:13:17.207 [main] INFO  org.main.service.CrawlerServiceImpl [requestId=] [path=] - crawlPuuidEUW finished: puuid='puuid', requestedLimit=25, fetchedUnique=25, savedNewMatches=25
2026-07-13 20:13:17.290 [main] INFO  org.main.service.CrawlerServiceImpl [requestId=] [path=] - Starting crawlPuuidEUW: puuid='test-puuid', requestedLimit=2, effectiveLimit=2
2026-07-13 20:13:17.291 [main] DEBUG org.main.service.CrawlerServiceImpl [requestId=] [path=] - Requesting match id page: puuid='test-puuid', start=0, count=2
2026-07-13 20:13:17.292 [main] INFO  org.main.service.CrawlerServiceImpl [requestId=] [path=] - Match already exists, checking timeline: matchId='EUW1_123'
2026-07-13 20:13:17.299 [main] INFO  org.main.service.CrawlerServiceImpl [requestId=] [path=] - Saved new match: matchId='EUW1_456'
2026-07-13 20:13:17.299 [main] INFO  org.main.service.CrawlerServiceImpl [requestId=] [path=] - crawlPuuidEUW finished: puuid='test-puuid', requestedLimit=2, fetchedUnique=2, savedNewMatches=1
2026-07-13 20:13:17.313 [main] INFO  org.main.service.CrawlerServiceImpl [requestId=] [path=] - Starting crawlRiotIdEUW: gameName='acoomer', tagLine='EUW', requestedLimit=3
2026-07-13 20:13:17.315 [main] INFO  org.main.service.CrawlerServiceImpl [requestId=] [path=] - Player saved or updated: gameName='acoomer', tagLine='EUW', puuid='resolved-puuid'
2026-07-13 20:13:17.315 [main] DEBUG org.main.service.CrawlerServiceImpl [requestId=] [path=] - Requesting match id page: puuid='resolved-puuid', start=0, count=3
2026-07-13 20:13:17.316 [main] INFO  org.main.service.CrawlerServiceImpl [requestId=] [path=] - Saved new match: matchId='EUW1_1'
2026-07-13 20:13:17.316 [main] INFO  org.main.service.CrawlerServiceImpl [requestId=] [path=] - Saved new match: matchId='EUW1_2'
2026-07-13 20:13:17.316 [main] INFO  org.main.service.CrawlerServiceImpl [requestId=] [path=] - Saved new match: matchId='EUW1_3'
2026-07-13 20:13:17.317 [main] INFO  org.main.service.CrawlerServiceImpl [requestId=] [path=] - crawlRiotIdEUW finished: summoner='acoomer#EUW', puuid='resolved-puuid', savedNewMatches=3
2026-07-13 20:13:17.323 [main] INFO  org.main.service.CrawlerServiceImpl [requestId=] [path=] - Starting crawlPuuidEUW: puuid='test-puuid', requestedLimit=25, effectiveLimit=25
2026-07-13 20:13:17.323 [main] DEBUG org.main.service.CrawlerServiceImpl [requestId=] [path=] - Requesting match id page: puuid='test-puuid', start=0, count=20
2026-07-13 20:13:17.323 [main] DEBUG org.main.service.CrawlerServiceImpl [requestId=] [path=] - Requesting match id page: puuid='test-puuid', start=20, count=5
2026-07-13 20:13:17.324 [main] INFO  org.main.service.CrawlerServiceImpl [requestId=] [path=] - Saved new match: matchId='EUW1_1'
2026-07-13 20:13:17.325 [main] INFO  org.main.service.CrawlerServiceImpl [requestId=] [path=] - Saved new match: matchId='EUW1_2'
2026-07-13 20:13:17.326 [main] INFO  org.main.service.CrawlerServiceImpl [requestId=] [path=] - Saved new match: matchId='EUW1_3'
2026-07-13 20:13:17.327 [main] INFO  org.main.service.CrawlerServiceImpl [requestId=] [path=] - Saved new match: matchId='EUW1_4'
2026-07-13 20:13:17.329 [main] INFO  org.main.service.CrawlerServiceImpl [requestId=] [path=] - Saved new match: matchId='EUW1_5'
2026-07-13 20:13:17.329 [main] INFO  org.main.service.CrawlerServiceImpl [requestId=] [path=] - Saved new match: matchId='EUW1_6'
2026-07-13 20:13:17.330 [main] INFO  org.main.service.CrawlerServiceImpl [requestId=] [path=] - Saved new match: matchId='EUW1_7'
2026-07-13 20:13:17.331 [main] INFO  org.main.service.CrawlerServiceImpl [requestId=] [path=] - Saved new match: matchId='EUW1_8'
2026-07-13 20:13:17.332 [main] INFO  org.main.service.CrawlerServiceImpl [requestId=] [path=] - Saved new match: matchId='EUW1_9'
2026-07-13 20:13:17.333 [main] INFO  org.main.service.CrawlerServiceImpl [requestId=] [path=] - Saved new match: matchId='EUW1_10'
2026-07-13 20:13:17.334 [main] INFO  org.main.service.CrawlerServiceImpl [requestId=] [path=] - Saved new match: matchId='EUW1_11'
2026-07-13 20:13:17.334 [main] INFO  org.main.service.CrawlerServiceImpl [requestId=] [path=] - Saved new match: matchId='EUW1_12'
2026-07-13 20:13:17.335 [main] INFO  org.main.service.CrawlerServiceImpl [requestId=] [path=] - Saved new match: matchId='EUW1_13'
2026-07-13 20:13:17.336 [main] INFO  org.main.service.CrawlerServiceImpl [requestId=] [path=] - Saved new match: matchId='EUW1_14'
2026-07-13 20:13:17.337 [main] INFO  org.main.service.CrawlerServiceImpl [requestId=] [path=] - Saved new match: matchId='EUW1_15'
2026-07-13 20:13:17.338 [main] INFO  org.main.service.CrawlerServiceImpl [requestId=] [path=] - Saved new match: matchId='EUW1_16'
2026-07-13 20:13:17.339 [main] INFO  org.main.service.CrawlerServiceImpl [requestId=] [path=] - Saved new match: matchId='EUW1_17'
2026-07-13 20:13:17.340 [main] INFO  org.main.service.CrawlerServiceImpl [requestId=] [path=] - Saved new match: matchId='EUW1_18'
2026-07-13 20:13:17.340 [main] INFO  org.main.service.CrawlerServiceImpl [requestId=] [path=] - Saved new match: matchId='EUW1_19'
2026-07-13 20:13:17.340 [main] INFO  org.main.service.CrawlerServiceImpl [requestId=] [path=] - Saved new match: matchId='EUW1_20'
2026-07-13 20:13:17.341 [main] INFO  org.main.service.CrawlerServiceImpl [requestId=] [path=] - Saved new match: matchId='EUW1_21'
2026-07-13 20:13:17.342 [main] INFO  org.main.service.CrawlerServiceImpl [requestId=] [path=] - Saved new match: matchId='EUW1_22'
2026-07-13 20:13:17.343 [main] INFO  org.main.service.CrawlerServiceImpl [requestId=] [path=] - Saved new match: matchId='EUW1_23'
2026-07-13 20:13:17.343 [main] INFO  org.main.service.CrawlerServiceImpl [requestId=] [path=] - Saved new match: matchId='EUW1_24'
2026-07-13 20:13:17.344 [main] INFO  org.main.service.CrawlerServiceImpl [requestId=] [path=] - Saved new match: matchId='EUW1_25'
2026-07-13 20:13:17.345 [main] INFO  org.main.service.CrawlerServiceImpl [requestId=] [path=] - crawlPuuidEUW finished: puuid='test-puuid', requestedLimit=25, fetchedUnique=25, savedNewMatches=25
2026-07-13 20:13:17.597 [main] INFO  o.s.b.d.r.RestartApplicationListener [requestId=] [path=] - Restart disabled due to context in which it is running
2026-07-13 20:13:17.640 [main] INFO  o.main.cucumber.CucumberSpringConfig [requestId=] [path=] - Starting CucumberSpringConfig using Java 23.0.2 with PID 12804 (started by egors in D:\Games\RiotApiPractice)
2026-07-13 20:13:17.641 [main] DEBUG o.main.cucumber.CucumberSpringConfig [requestId=] [path=] - Running with Spring Boot v3.3.3, Spring v6.1.12
2026-07-13 20:13:17.641 [main] INFO  o.main.cucumber.CucumberSpringConfig [requestId=] [path=] - No active profile set, falling back to 1 default profile: "default"
2026-07-13 20:13:19.230 [main] INFO  o.main.cucumber.CucumberSpringConfig [requestId=] [path=] - Started CucumberSpringConfig in 1.631 seconds (process running for 27.131)
2026-07-13 20:13:19.407 [main] INFO  org.main.service.CrawlerServiceImpl [requestId=] [path=] - Starting crawlPuuidEUW: puuid='TEST_PUUID', requestedLimit=5, effectiveLimit=5
2026-07-13 20:13:19.407 [main] DEBUG org.main.service.CrawlerServiceImpl [requestId=] [path=] - Requesting match id page: puuid='TEST_PUUID', start=0, count=5
2026-07-13 20:13:19.409 [main] INFO  org.main.service.CrawlerServiceImpl [requestId=] [path=] - Saved new match: matchId='EUW1_0'
2026-07-13 20:13:19.410 [main] INFO  org.main.service.CrawlerServiceImpl [requestId=] [path=] - Saved new match: matchId='EUW1_1'
2026-07-13 20:13:19.411 [main] INFO  org.main.service.CrawlerServiceImpl [requestId=] [path=] - Saved new match: matchId='EUW1_2'
2026-07-13 20:13:19.412 [main] INFO  org.main.service.CrawlerServiceImpl [requestId=] [path=] - Saved new match: matchId='EUW1_3'
2026-07-13 20:13:19.413 [main] INFO  org.main.service.CrawlerServiceImpl [requestId=] [path=] - Saved new match: matchId='EUW1_4'
2026-07-13 20:13:19.413 [main] INFO  org.main.service.CrawlerServiceImpl [requestId=] [path=] - crawlPuuidEUW finished: puuid='TEST_PUUID', requestedLimit=5, fetchedUnique=5, savedNewMatches=5
2026-07-13 20:13:19.448 [main] INFO  org.main.service.CrawlerServiceImpl [requestId=] [path=] - Starting crawlPuuidEUW: puuid='TEST_PUUID', requestedLimit=5, effectiveLimit=5
2026-07-13 20:13:19.448 [main] DEBUG org.main.service.CrawlerServiceImpl [requestId=] [path=] - Requesting match id page: puuid='TEST_PUUID', start=0, count=5
2026-07-13 20:13:19.448 [main] INFO  org.main.service.CrawlerServiceImpl [requestId=] [path=] - No more match ids returned from Riot API: puuid='TEST_PUUID', start=0
2026-07-13 20:13:19.449 [main] INFO  org.main.service.CrawlerServiceImpl [requestId=] [path=] - crawlPuuidEUW finished: puuid='TEST_PUUID', requestedLimit=5, fetchedUnique=0, savedNewMatches=0
2026-07-13 20:13:19.469 [main] INFO  org.main.service.CrawlerServiceImpl [requestId=] [path=] - Starting crawlPuuidEUW: puuid='TEST_PUUID', requestedLimit=5, effectiveLimit=5
2026-07-13 20:13:19.469 [main] DEBUG org.main.service.CrawlerServiceImpl [requestId=] [path=] - Requesting match id page: puuid='TEST_PUUID', start=0, count=5
2026-07-13 20:13:19.469 [main] INFO  org.main.service.CrawlerServiceImpl [requestId=] [path=] - Match already exists, checking timeline: matchId='EUW1_0'
2026-07-13 20:13:19.470 [main] INFO  org.main.service.CrawlerServiceImpl [requestId=] [path=] - Match already exists, checking timeline: matchId='EUW1_1'
2026-07-13 20:13:19.470 [main] INFO  org.main.service.CrawlerServiceImpl [requestId=] [path=] - Match already exists, checking timeline: matchId='EUW1_2'
2026-07-13 20:13:19.470 [main] INFO  org.main.service.CrawlerServiceImpl [requestId=] [path=] - Match already exists, checking timeline: matchId='EUW1_3'
2026-07-13 20:13:19.470 [main] INFO  org.main.service.CrawlerServiceImpl [requestId=] [path=] - Match already exists, checking timeline: matchId='EUW1_4'
2026-07-13 20:13:19.471 [main] INFO  org.main.service.CrawlerServiceImpl [requestId=] [path=] - crawlPuuidEUW finished: puuid='TEST_PUUID', requestedLimit=5, fetchedUnique=5, savedNewMatches=0
2026-07-13 20:17:23.256 [background-preinit] INFO  o.h.validator.internal.util.Version [requestId=] [path=] - HV000001: Hibernate Validator 8.0.1.Final
2026-07-13 20:17:23.316 [restartedMain] INFO  org.main.RiotPractice [requestId=] [path=] - Starting RiotPractice using Java 23.0.2 with PID 42420 (D:\Games\RiotApiPractice\target\classes started by egors in D:\Games\RiotApiPractice)
2026-07-13 20:17:23.318 [restartedMain] DEBUG org.main.RiotPractice [requestId=] [path=] - Running with Spring Boot v3.3.3, Spring v6.1.12
2026-07-13 20:17:23.319 [restartedMain] INFO  org.main.RiotPractice [requestId=] [path=] - No active profile set, falling back to 1 default profile: "default"
2026-07-13 20:17:23.402 [restartedMain] INFO  o.s.b.d.e.DevToolsPropertyDefaultsPostProcessor [requestId=] [path=] - Devtools property defaults active! Set 'spring.devtools.add-properties' to 'false' to disable
2026-07-13 20:17:23.403 [restartedMain] INFO  o.s.b.d.e.DevToolsPropertyDefaultsPostProcessor [requestId=] [path=] - For additional web related logging consider setting the 'logging.level.web' property to 'DEBUG'
2026-07-13 20:17:25.222 [restartedMain] INFO  o.s.d.r.c.RepositoryConfigurationDelegate [requestId=] [path=] - Bootstrapping Spring Data JPA repositories in DEFAULT mode.
2026-07-13 20:17:25.382 [restartedMain] INFO  o.s.d.r.c.RepositoryConfigurationDelegate [requestId=] [path=] - Finished Spring Data repository scanning in 150 ms. Found 15 JPA repository interfaces.
2026-07-13 20:17:26.594 [restartedMain] INFO  o.s.b.w.e.tomcat.TomcatWebServer [requestId=] [path=] - Tomcat initialized with port 8080 (http)
2026-07-13 20:17:26.614 [restartedMain] INFO  o.a.coyote.http11.Http11NioProtocol [requestId=] [path=] - Initializing ProtocolHandler ["http-nio-8080"]
2026-07-13 20:17:26.620 [restartedMain] INFO  o.a.catalina.core.StandardService [requestId=] [path=] - Starting service [Tomcat]
2026-07-13 20:17:26.621 [restartedMain] INFO  o.a.catalina.core.StandardEngine [requestId=] [path=] - Starting Servlet engine: [Apache Tomcat/10.1.28]
2026-07-13 20:17:26.698 [restartedMain] INFO  o.a.c.c.C.[Tomcat].[localhost].[/] [requestId=] [path=] - Initializing Spring embedded WebApplicationContext
2026-07-13 20:17:26.699 [restartedMain] INFO  o.s.b.w.s.c.ServletWebServerApplicationContext [requestId=] [path=] - Root WebApplicationContext: initialization completed in 3294 ms
2026-07-13 20:17:27.379 [restartedMain] INFO  com.zaxxer.hikari.HikariDataSource [requestId=] [path=] - HikariPool-1 - Starting...
2026-07-13 20:17:27.687 [restartedMain] INFO  com.zaxxer.hikari.pool.HikariPool [requestId=] [path=] - HikariPool-1 - Added connection org.postgresql.jdbc.PgConnection@4ae53013
2026-07-13 20:17:27.691 [restartedMain] INFO  com.zaxxer.hikari.HikariDataSource [requestId=] [path=] - HikariPool-1 - Start completed.
2026-07-13 20:17:27.728 [restartedMain] INFO  org.flywaydb.core.FlywayExecutor [requestId=] [path=] - Database: jdbc:postgresql://localhost:5432/postgres (PostgreSQL 18.0)
2026-07-13 20:17:27.741 [restartedMain] WARN  o.f.c.i.database.base.Database [requestId=] [path=] - Flyway upgrade recommended: PostgreSQL 18.0 is newer than this version of Flyway and support has not been tested. The latest supported version of PostgreSQL is 16.
2026-07-13 20:17:27.804 [restartedMain] INFO  o.f.core.internal.command.DbValidate [requestId=] [path=] - Successfully validated 3 migrations (execution time 00:00.046s)
2026-07-13 20:17:27.883 [restartedMain] INFO  o.f.core.internal.command.DbMigrate [requestId=] [path=] - Current version of schema "app": 2
2026-07-13 20:17:27.887 [restartedMain] INFO  o.f.core.internal.command.DbMigrate [requestId=] [path=] - Schema "app" is up to date. No migration necessary.
2026-07-13 20:17:28.071 [restartedMain] INFO  o.h.jpa.internal.util.LogHelper [requestId=] [path=] - HHH000204: Processing PersistenceUnitInfo [name: default]
2026-07-13 20:17:28.187 [restartedMain] INFO  org.hibernate.Version [requestId=] [path=] - HHH000412: Hibernate ORM core version 6.5.2.Final
2026-07-13 20:17:28.247 [restartedMain] INFO  o.h.c.i.RegionFactoryInitiator [requestId=] [path=] - HHH000026: Second-level cache disabled
2026-07-13 20:17:28.715 [restartedMain] INFO  o.s.o.j.p.SpringPersistenceUnitInfo [requestId=] [path=] - No LoadTimeWeaver setup: ignoring JPA class transformer
2026-07-13 20:17:30.526 [restartedMain] INFO  o.h.e.t.j.p.i.JtaPlatformInitiator [requestId=] [path=] - HHH000489: No JTA platform available (set 'hibernate.transaction.jta.platform' to enable JTA platform integration)
2026-07-13 20:17:30.607 [restartedMain] INFO  o.s.o.j.LocalContainerEntityManagerFactoryBean [requestId=] [path=] - Initialized JPA EntityManagerFactory for persistence unit 'default'
2026-07-13 20:17:30.941 [restartedMain] INFO  o.s.d.j.r.query.QueryEnhancerFactory [requestId=] [path=] - Hibernate is in classpath; If applicable, HQL parser will be used.
2026-07-13 20:17:31.783 [restartedMain] DEBUG o.main.config.RequestLoggingFilter [requestId=] [path=] - Filter 'requestLoggingFilter' configured for use
2026-07-13 20:17:31.787 [restartedMain] DEBUG o.m.a.s.AppSessionAuthenticationFilter [requestId=] [path=] - Filter 'appSessionAuthenticationFilter' configured for use
2026-07-13 20:17:32.504 [restartedMain] INFO  org.main.client.RiotApiHttpClient [requestId=] [path=] - Riot API client initialized. Key prefix='RGAPI-cb***', startsWithRGAPI=true
2026-07-13 20:17:33.499 [restartedMain] INFO  o.s.b.a.w.s.WelcomePageHandlerMapping [requestId=] [path=] - Adding welcome page: class path resource [static/index.html]
2026-07-13 20:17:33.880 [restartedMain] INFO  o.s.b.a.e.web.EndpointLinksResolver [requestId=] [path=] - Exposing 1 endpoint beneath base path '/actuator'
2026-07-13 20:17:34.707 [restartedMain] WARN  o.s.b.d.a.OptionalLiveReloadServer [requestId=] [path=] - Unable to start LiveReload server
2026-07-13 20:17:34.778 [restartedMain] INFO  o.a.coyote.http11.Http11NioProtocol [requestId=] [path=] - Starting ProtocolHandler ["http-nio-8080"]
2026-07-13 20:17:34.787 [restartedMain] WARN  o.s.b.w.s.c.AnnotationConfigServletWebServerApplicationContext [requestId=] [path=] - Exception encountered during context initialization - cancelling refresh attempt: org.springframework.context.ApplicationContextException: Failed to start bean 'webServerStartStop'
2026-07-13 20:17:34.794 [restartedMain] INFO  o.s.o.j.LocalContainerEntityManagerFactoryBean [requestId=] [path=] - Closing JPA EntityManagerFactory for persistence unit 'default'
2026-07-13 20:17:34.799 [restartedMain] INFO  com.zaxxer.hikari.HikariDataSource [requestId=] [path=] - HikariPool-1 - Shutdown initiated...
2026-07-13 20:17:34.808 [restartedMain] INFO  com.zaxxer.hikari.HikariDataSource [requestId=] [path=] - HikariPool-1 - Shutdown completed.
2026-07-13 20:17:34.832 [restartedMain] INFO  o.s.b.a.l.ConditionEvaluationReportLogger [requestId=] [path=] - 

Error starting ApplicationContext. To display the condition evaluation report re-run your application with 'debug' enabled.
2026-07-13 20:17:34.869 [restartedMain] ERROR o.s.b.d.LoggingFailureAnalysisReporter [requestId=] [path=] - 

***************************
APPLICATION FAILED TO START
***************************

Description:

Web server failed to start. Port 8080 was already in use.

Action:

Identify and stop the process that's listening on port 8080 or configure this application to listen on another port.

2026-07-13 20:18:48.621 [background-preinit] INFO  o.h.validator.internal.util.Version [requestId=] [path=] - HV000001: Hibernate Validator 8.0.1.Final
2026-07-13 20:18:48.679 [restartedMain] INFO  org.main.RiotPractice [requestId=] [path=] - Starting RiotPractice using Java 23.0.2 with PID 25800 (D:\Games\RiotApiPractice\target\classes started by egors in D:\Games\RiotApiPractice)
2026-07-13 20:18:48.680 [restartedMain] DEBUG org.main.RiotPractice [requestId=] [path=] - Running with Spring Boot v3.3.3, Spring v6.1.12
2026-07-13 20:18:48.681 [restartedMain] INFO  org.main.RiotPractice [requestId=] [path=] - No active profile set, falling back to 1 default profile: "default"
2026-07-13 20:18:48.756 [restartedMain] INFO  o.s.b.d.e.DevToolsPropertyDefaultsPostProcessor [requestId=] [path=] - Devtools property defaults active! Set 'spring.devtools.add-properties' to 'false' to disable
2026-07-13 20:18:48.757 [restartedMain] INFO  o.s.b.d.e.DevToolsPropertyDefaultsPostProcessor [requestId=] [path=] - For additional web related logging consider setting the 'logging.level.web' property to 'DEBUG'
2026-07-13 20:18:50.345 [restartedMain] INFO  o.s.d.r.c.RepositoryConfigurationDelegate [requestId=] [path=] - Bootstrapping Spring Data JPA repositories in DEFAULT mode.
2026-07-13 20:18:50.500 [restartedMain] INFO  o.s.d.r.c.RepositoryConfigurationDelegate [requestId=] [path=] - Finished Spring Data repository scanning in 140 ms. Found 15 JPA repository interfaces.
2026-07-13 20:18:51.755 [restartedMain] INFO  o.s.b.w.e.tomcat.TomcatWebServer [requestId=] [path=] - Tomcat initialized with port 18080 (http)
2026-07-13 20:18:51.778 [restartedMain] INFO  o.a.coyote.http11.Http11NioProtocol [requestId=] [path=] - Initializing ProtocolHandler ["http-nio-18080"]
2026-07-13 20:18:51.783 [restartedMain] INFO  o.a.catalina.core.StandardService [requestId=] [path=] - Starting service [Tomcat]
2026-07-13 20:18:51.785 [restartedMain] INFO  o.a.catalina.core.StandardEngine [requestId=] [path=] - Starting Servlet engine: [Apache Tomcat/10.1.28]
2026-07-13 20:18:51.867 [restartedMain] INFO  o.a.c.c.C.[Tomcat].[localhost].[/] [requestId=] [path=] - Initializing Spring embedded WebApplicationContext
2026-07-13 20:18:51.868 [restartedMain] INFO  o.s.b.w.s.c.ServletWebServerApplicationContext [requestId=] [path=] - Root WebApplicationContext: initialization completed in 3110 ms
2026-07-13 20:18:52.498 [restartedMain] INFO  com.zaxxer.hikari.HikariDataSource [requestId=] [path=] - HikariPool-1 - Starting...
2026-07-13 20:18:52.757 [restartedMain] INFO  com.zaxxer.hikari.pool.HikariPool [requestId=] [path=] - HikariPool-1 - Added connection org.postgresql.jdbc.PgConnection@1bffb058
2026-07-13 20:18:52.760 [restartedMain] INFO  com.zaxxer.hikari.HikariDataSource [requestId=] [path=] - HikariPool-1 - Start completed.
2026-07-13 20:18:52.799 [restartedMain] INFO  org.flywaydb.core.FlywayExecutor [requestId=] [path=] - Database: jdbc:postgresql://localhost:5432/postgres (PostgreSQL 18.0)
2026-07-13 20:18:52.811 [restartedMain] WARN  o.f.c.i.database.base.Database [requestId=] [path=] - Flyway upgrade recommended: PostgreSQL 18.0 is newer than this version of Flyway and support has not been tested. The latest supported version of PostgreSQL is 16.
2026-07-13 20:18:52.869 [restartedMain] INFO  o.f.core.internal.command.DbValidate [requestId=] [path=] - Successfully validated 3 migrations (execution time 00:00.044s)
2026-07-13 20:18:53.060 [restartedMain] INFO  o.f.core.internal.command.DbMigrate [requestId=] [path=] - Current version of schema "app": 2
2026-07-13 20:18:53.063 [restartedMain] INFO  o.f.core.internal.command.DbMigrate [requestId=] [path=] - Schema "app" is up to date. No migration necessary.
2026-07-13 20:18:53.197 [restartedMain] INFO  o.h.jpa.internal.util.LogHelper [requestId=] [path=] - HHH000204: Processing PersistenceUnitInfo [name: default]
2026-07-13 20:18:53.279 [restartedMain] INFO  org.hibernate.Version [requestId=] [path=] - HHH000412: Hibernate ORM core version 6.5.2.Final
2026-07-13 20:18:53.346 [restartedMain] INFO  o.h.c.i.RegionFactoryInitiator [requestId=] [path=] - HHH000026: Second-level cache disabled
2026-07-13 20:18:53.822 [restartedMain] INFO  o.s.o.j.p.SpringPersistenceUnitInfo [requestId=] [path=] - No LoadTimeWeaver setup: ignoring JPA class transformer
2026-07-13 20:18:55.433 [restartedMain] INFO  o.h.e.t.j.p.i.JtaPlatformInitiator [requestId=] [path=] - HHH000489: No JTA platform available (set 'hibernate.transaction.jta.platform' to enable JTA platform integration)
2026-07-13 20:18:55.511 [restartedMain] INFO  o.s.o.j.LocalContainerEntityManagerFactoryBean [requestId=] [path=] - Initialized JPA EntityManagerFactory for persistence unit 'default'
2026-07-13 20:18:55.830 [restartedMain] INFO  o.s.d.j.r.query.QueryEnhancerFactory [requestId=] [path=] - Hibernate is in classpath; If applicable, HQL parser will be used.
2026-07-13 20:18:56.462 [restartedMain] DEBUG o.main.config.RequestLoggingFilter [requestId=] [path=] - Filter 'requestLoggingFilter' configured for use
2026-07-13 20:18:56.466 [restartedMain] DEBUG o.m.a.s.AppSessionAuthenticationFilter [requestId=] [path=] - Filter 'appSessionAuthenticationFilter' configured for use
2026-07-13 20:18:56.932 [restartedMain] INFO  org.main.client.RiotApiHttpClient [requestId=] [path=] - Riot API client initialized. Key prefix='RGAPI-cb***', startsWithRGAPI=true
2026-07-13 20:18:57.817 [restartedMain] INFO  o.s.b.a.w.s.WelcomePageHandlerMapping [requestId=] [path=] - Adding welcome page: class path resource [static/index.html]
2026-07-13 20:18:58.133 [restartedMain] INFO  o.s.b.a.e.web.EndpointLinksResolver [requestId=] [path=] - Exposing 1 endpoint beneath base path '/actuator'
2026-07-13 20:18:59.008 [restartedMain] WARN  o.s.b.d.a.OptionalLiveReloadServer [requestId=] [path=] - Unable to start LiveReload server
2026-07-13 20:18:59.085 [restartedMain] INFO  o.a.coyote.http11.Http11NioProtocol [requestId=] [path=] - Starting ProtocolHandler ["http-nio-18080"]
2026-07-13 20:18:59.118 [restartedMain] INFO  o.s.b.w.e.tomcat.TomcatWebServer [requestId=] [path=] - Tomcat started on port 18080 (http) with context path '/'
2026-07-13 20:18:59.140 [restartedMain] INFO  org.main.RiotPractice [requestId=] [path=] - Started RiotPractice in 11.172 seconds (process running for 11.818)
2026-07-13 20:18:59.298 [restartedMain] INFO  org.main.RiotPractice [requestId=] [path=] - RiotApiPractice application started successfully
2026-07-13 20:21:02.791 [background-preinit] INFO  o.h.validator.internal.util.Version [requestId=] [path=] - HV000001: Hibernate Validator 8.0.1.Final
2026-07-13 20:21:02.849 [main] INFO  o.m.a.s.SecurityConfigWebMvcTest [requestId=] [path=] - Starting SecurityConfigWebMvcTest using Java 23.0.2 with PID 27824 (started by egors in D:\Games\RiotApiPractice)
2026-07-13 20:21:02.850 [main] DEBUG o.m.a.s.SecurityConfigWebMvcTest [requestId=] [path=] - Running with Spring Boot v3.3.3, Spring v6.1.12
2026-07-13 20:21:02.852 [main] INFO  o.m.a.s.SecurityConfigWebMvcTest [requestId=] [path=] - No active profile set, falling back to 1 default profile: "default"
2026-07-13 20:21:04.818 [main] INFO  o.s.b.a.w.s.WelcomePageHandlerMapping [requestId=] [path=] - Adding welcome page: class path resource [static/index.html]
2026-07-13 20:21:05.536 [main] DEBUG o.m.a.s.AppSessionAuthenticationFilter [requestId=] [path=] - Filter 'appSessionAuthenticationFilter' configured for use
2026-07-13 20:21:05.537 [main] DEBUG o.main.config.RequestLoggingFilter [requestId=] [path=] - Filter 'requestLoggingFilter' configured for use
2026-07-13 20:21:05.543 [main] INFO  o.s.b.t.m.w.SpringBootMockServletContext [requestId=] [path=] - Initializing Spring TestDispatcherServlet ''
2026-07-13 20:21:05.544 [main] INFO  o.s.t.w.s.TestDispatcherServlet [requestId=] [path=] - Initializing Servlet ''
2026-07-13 20:21:05.547 [main] INFO  o.s.t.w.s.TestDispatcherServlet [requestId=] [path=] - Completed initialization in 3 ms
2026-07-13 20:21:05.582 [main] INFO  o.m.a.s.SecurityConfigWebMvcTest [requestId=] [path=] - Started SecurityConfigWebMvcTest in 3.569 seconds (process running for 8.169)
2026-07-13 20:21:10.213 [main] INFO  o.s.t.c.s.AnnotationConfigContextLoaderUtils [requestId=] [path=] - Could not detect default configuration classes for test class [org.main.account.web.AuthControllerWebMvcTest]: AuthControllerWebMvcTest does not declare any static, non-private, non-final, nested classes annotated with @Configuration.
2026-07-13 20:21:10.254 [main] INFO  o.s.b.t.c.SpringBootTestContextBootstrapper [requestId=] [path=] - Found @SpringBootConfiguration org.main.RiotPractice for test class org.main.account.web.AuthControllerWebMvcTest
2026-07-13 20:21:10.258 [main] INFO  o.s.b.d.r.RestartApplicationListener [requestId=] [path=] - Restart disabled due to context in which it is running
2026-07-13 20:21:10.296 [main] INFO  o.m.a.web.AuthControllerWebMvcTest [requestId=] [path=] - Starting AuthControllerWebMvcTest using Java 23.0.2 with PID 27824 (started by egors in D:\Games\RiotApiPractice)
2026-07-13 20:21:10.296 [main] DEBUG o.m.a.web.AuthControllerWebMvcTest [requestId=] [path=] - Running with Spring Boot v3.3.3, Spring v6.1.12
2026-07-13 20:21:10.296 [main] INFO  o.m.a.web.AuthControllerWebMvcTest [requestId=] [path=] - No active profile set, falling back to 1 default profile: "default"
2026-07-13 20:21:11.021 [main] INFO  o.s.b.a.w.s.WelcomePageHandlerMapping [requestId=] [path=] - Adding welcome page: class path resource [static/index.html]
2026-07-13 20:21:11.211 [main] DEBUG o.m.a.s.AppSessionAuthenticationFilter [requestId=] [path=] - Filter 'appSessionAuthenticationFilter' configured for use
2026-07-13 20:21:11.211 [main] DEBUG o.main.config.RequestLoggingFilter [requestId=] [path=] - Filter 'requestLoggingFilter' configured for use
2026-07-13 20:21:11.213 [main] INFO  o.s.b.t.m.w.SpringBootMockServletContext [requestId=] [path=] - Initializing Spring TestDispatcherServlet ''
2026-07-13 20:21:11.213 [main] INFO  o.s.t.w.s.TestDispatcherServlet [requestId=] [path=] - Initializing Servlet ''
2026-07-13 20:21:11.215 [main] INFO  o.s.t.w.s.TestDispatcherServlet [requestId=] [path=] - Completed initialization in 2 ms
2026-07-13 20:21:11.227 [main] INFO  o.m.a.web.AuthControllerWebMvcTest [requestId=] [path=] - Started AuthControllerWebMvcTest in 0.969 seconds (process running for 13.814)
2026-07-13 20:21:11.679 [main] WARN  o.m.handler.GlobalExceptionHandler [requestId=1e3aa3aa-f80c-4ef5-a7b1-ea86fd44c8a1] [path=/api/auth/register] - Handled exception: errorId=f08f92d3-3086-4c5e-8126-ca0d5163d4d5, code=VALIDATION_ERROR, path=/api/auth/register, context={requestId=1e3aa3aa-f80c-4ef5-a7b1-ea86fd44c8a1, method=POST}, message=Validation failed for argument [0] in public org.springframework.http.ResponseEntity<java.lang.Void> org.main.account.web.AuthController.register(org.main.account.dto.RegisterRequest,jakarta.servlet.http.HttpServletRequest) with 3 errors: [Field error in object 'registerRequest' on field 'password': rejected value [short]; codes [Size.registerRequest.password,Size.password,Size.java.lang.String,Size]; arguments [org.springframework.context.support.DefaultMessageSourceResolvable: codes [registerRequest.password,password]; arguments []; default message [password],128,12]; default message [size must be between 12 and 128]] [Field error in object 'registerRequest' on field 'email': rejected value [not-an-email]; codes [Email.registerRequest.email,Email.email,Email.java.lang.String,Email]; arguments [org.springframework.context.support.DefaultMessageSourceResolvable: codes [registerRequest.email,email]; arguments []; default message [email],[Ljakarta.validation.constraints.Pattern$Flag;@4ca6f587,.*]; default message [must be a well-formed email address]] [Field error in object 'registerRequest' on field 'displayName': rejected value []; codes [NotBlank.registerRequest.displayName,NotBlank.displayName,NotBlank.java.lang.String,NotBlank]; arguments [org.springframework.context.support.DefaultMessageSourceResolvable: codes [registerRequest.displayName,displayName]; arguments []; default message [displayName]]; default message [must not be blank]] 
2026-07-13 20:21:11.722 [main] INFO  o.s.t.c.s.AnnotationConfigContextLoaderUtils [requestId=] [path=] - Could not detect default configuration classes for test class [org.main.account.web.SavedProfileControllerWebMvcTest]: SavedProfileControllerWebMvcTest does not declare any static, non-private, non-final, nested classes annotated with @Configuration.
2026-07-13 20:21:11.750 [main] INFO  o.s.b.t.c.SpringBootTestContextBootstrapper [requestId=] [path=] - Found @SpringBootConfiguration org.main.RiotPractice for test class org.main.account.web.SavedProfileControllerWebMvcTest
2026-07-13 20:21:11.756 [main] INFO  o.s.b.d.r.RestartApplicationListener [requestId=] [path=] - Restart disabled due to context in which it is running
2026-07-13 20:21:11.795 [main] INFO  o.m.a.w.SavedProfileControllerWebMvcTest [requestId=] [path=] - Starting SavedProfileControllerWebMvcTest using Java 23.0.2 with PID 27824 (started by egors in D:\Games\RiotApiPractice)
2026-07-13 20:21:11.795 [main] DEBUG o.m.a.w.SavedProfileControllerWebMvcTest [requestId=] [path=] - Running with Spring Boot v3.3.3, Spring v6.1.12
2026-07-13 20:21:11.795 [main] INFO  o.m.a.w.SavedProfileControllerWebMvcTest [requestId=] [path=] - No active profile set, falling back to 1 default profile: "default"
2026-07-13 20:21:12.274 [main] INFO  o.s.b.a.w.s.WelcomePageHandlerMapping [requestId=] [path=] - Adding welcome page: class path resource [static/index.html]
2026-07-13 20:21:12.406 [main] DEBUG o.m.a.s.AppSessionAuthenticationFilter [requestId=] [path=] - Filter 'appSessionAuthenticationFilter' configured for use
2026-07-13 20:21:12.406 [main] DEBUG o.main.config.RequestLoggingFilter [requestId=] [path=] - Filter 'requestLoggingFilter' configured for use
2026-07-13 20:21:12.406 [main] INFO  o.s.b.t.m.w.SpringBootMockServletContext [requestId=] [path=] - Initializing Spring TestDispatcherServlet ''
2026-07-13 20:21:12.406 [main] INFO  o.s.t.w.s.TestDispatcherServlet [requestId=] [path=] - Initializing Servlet ''
2026-07-13 20:21:12.407 [main] INFO  o.s.t.w.s.TestDispatcherServlet [requestId=] [path=] - Completed initialization in 1 ms
2026-07-13 20:21:12.414 [main] INFO  o.m.a.w.SavedProfileControllerWebMvcTest [requestId=] [path=] - Started SavedProfileControllerWebMvcTest in 0.659 seconds (process running for 15.001)
2026-07-13 20:21:12.448 [main] WARN  o.m.handler.GlobalExceptionHandler [requestId=55bfedaf-2f85-41a3-8055-65e29742f15e] [path=/api/account/saved-profiles/ab438de5-4983-4182-9e67-ae52187cd38e] - Handled exception: errorId=15098cd1-415b-4bd3-9be3-b7847c95c85e, code=NOT_FOUND, path=/api/account/saved-profiles/ab438de5-4983-4182-9e67-ae52187cd38e, context={requestId=55bfedaf-2f85-41a3-8055-65e29742f15e, method=PATCH}, message=Saved profile not found
2026-07-13 20:21:13.226 [main] INFO  o.s.t.c.s.AnnotationConfigContextLoaderUtils [requestId=] [path=] - Could not detect default configuration classes for test class [org.main.builds.api.ChampionBuildControllerTest]: ChampionBuildControllerTest does not declare any static, non-private, non-final, nested classes annotated with @Configuration.
2026-07-13 20:21:13.266 [main] INFO  o.s.b.t.c.SpringBootTestContextBootstrapper [requestId=] [path=] - Found @SpringBootConfiguration org.main.RiotPractice for test class org.main.builds.api.ChampionBuildControllerTest
2026-07-13 20:21:13.271 [main] INFO  o.s.b.d.r.RestartApplicationListener [requestId=] [path=] - Restart disabled due to context in which it is running
2026-07-13 20:21:13.299 [main] INFO  o.m.b.a.ChampionBuildControllerTest [requestId=] [path=] - Starting ChampionBuildControllerTest using Java 23.0.2 with PID 27824 (started by egors in D:\Games\RiotApiPractice)
2026-07-13 20:21:13.300 [main] DEBUG o.m.b.a.ChampionBuildControllerTest [requestId=] [path=] - Running with Spring Boot v3.3.3, Spring v6.1.12
2026-07-13 20:21:13.300 [main] INFO  o.m.b.a.ChampionBuildControllerTest [requestId=] [path=] - No active profile set, falling back to 1 default profile: "default"
2026-07-13 20:21:13.746 [main] INFO  o.s.b.a.w.s.WelcomePageHandlerMapping [requestId=] [path=] - Adding welcome page: class path resource [static/index.html]
2026-07-13 20:21:13.838 [main] DEBUG o.m.a.s.AppSessionAuthenticationFilter [requestId=] [path=] - Filter 'appSessionAuthenticationFilter' configured for use
2026-07-13 20:21:13.838 [main] DEBUG o.main.config.RequestLoggingFilter [requestId=] [path=] - Filter 'requestLoggingFilter' configured for use
2026-07-13 20:21:13.838 [main] INFO  o.s.b.t.m.w.SpringBootMockServletContext [requestId=] [path=] - Initializing Spring TestDispatcherServlet ''
2026-07-13 20:21:13.838 [main] INFO  o.s.t.w.s.TestDispatcherServlet [requestId=] [path=] - Initializing Servlet ''
2026-07-13 20:21:13.839 [main] INFO  o.s.t.w.s.TestDispatcherServlet [requestId=] [path=] - Completed initialization in 1 ms
2026-07-13 20:21:13.844 [main] INFO  o.m.b.a.ChampionBuildControllerTest [requestId=] [path=] - Started ChampionBuildControllerTest in 0.574 seconds (process running for 16.432)
2026-07-13 20:21:13.933 [main] WARN  o.m.handler.GlobalExceptionHandler [requestId=7c435b88-f47c-4352-8f26-72b0dc9a17be] [path=/api/champions/22/builds] - Handled exception: errorId=9715ddb8-f22e-4cf9-b2be-faf4d6607bb0, code=BAD_REQUEST, path=/api/champions/22/builds, context={requestId=7c435b88-f47c-4352-8f26-72b0dc9a17be, method=GET}, message=Failed to convert value of type 'java.lang.String' to required type 'org.main.builds.model.BuildRole'; Failed to convert from type [java.lang.String] to type [@org.springframework.web.bind.annotation.RequestParam org.main.builds.model.BuildRole] for value [INVALID]
2026-07-13 20:21:13.946 [main] WARN  o.m.handler.GlobalExceptionHandler [requestId=193438d6-4561-4013-a35c-6f7937a6fdf3] [path=/api/champions/999/builds/options] - Handled exception: errorId=e46f0fad-e573-4622-baca-87b0d84c2f94, code=NOT_FOUND, path=/api/champions/999/builds/options, context={requestId=193438d6-4561-4013-a35c-6f7937a6fdf3, method=GET}, message=Champion not found: 999
2026-07-13 20:21:14.686 [main] INFO  o.s.t.c.s.AnnotationConfigContextLoaderUtils [requestId=] [path=] - Could not detect default configuration classes for test class [org.main.controller.CrawlerControllerWebMvcTest]: CrawlerControllerWebMvcTest does not declare any static, non-private, non-final, nested classes annotated with @Configuration.
2026-07-13 20:21:14.714 [main] INFO  o.s.b.t.c.SpringBootTestContextBootstrapper [requestId=] [path=] - Found @SpringBootConfiguration org.main.RiotPractice for test class org.main.controller.CrawlerControllerWebMvcTest
2026-07-13 20:21:14.718 [main] INFO  o.s.b.d.r.RestartApplicationListener [requestId=] [path=] - Restart disabled due to context in which it is running
2026-07-13 20:21:14.747 [main] INFO  o.m.c.CrawlerControllerWebMvcTest [requestId=] [path=] - Starting CrawlerControllerWebMvcTest using Java 23.0.2 with PID 27824 (started by egors in D:\Games\RiotApiPractice)
2026-07-13 20:21:14.747 [main] DEBUG o.m.c.CrawlerControllerWebMvcTest [requestId=] [path=] - Running with Spring Boot v3.3.3, Spring v6.1.12
2026-07-13 20:21:14.747 [main] INFO  o.m.c.CrawlerControllerWebMvcTest [requestId=] [path=] - No active profile set, falling back to 1 default profile: "default"
2026-07-13 20:21:15.314 [main] INFO  o.s.b.a.w.s.WelcomePageHandlerMapping [requestId=] [path=] - Adding welcome page: class path resource [static/index.html]
2026-07-13 20:21:15.461 [main] DEBUG o.m.a.s.AppSessionAuthenticationFilter [requestId=] [path=] - Filter 'appSessionAuthenticationFilter' configured for use
2026-07-13 20:21:15.462 [main] DEBUG o.main.config.RequestLoggingFilter [requestId=] [path=] - Filter 'requestLoggingFilter' configured for use
2026-07-13 20:21:15.462 [main] INFO  o.s.b.t.m.w.SpringBootMockServletContext [requestId=] [path=] - Initializing Spring TestDispatcherServlet ''
2026-07-13 20:21:15.462 [main] INFO  o.s.t.w.s.TestDispatcherServlet [requestId=] [path=] - Initializing Servlet ''
2026-07-13 20:21:15.463 [main] INFO  o.s.t.w.s.TestDispatcherServlet [requestId=] [path=] - Completed initialization in 0 ms
2026-07-13 20:21:15.474 [main] INFO  o.m.c.CrawlerControllerWebMvcTest [requestId=] [path=] - Started CrawlerControllerWebMvcTest in 0.757 seconds (process running for 18.061)
2026-07-13 20:21:15.575 [main] INFO  o.main.controller.CrawlerController [requestId=d6c98082-76ca-4291-b09b-e57949e305eb] [path=/api/crawl/euw/puuid/p] - Received crawlByPuuid request: puuid='p', limit=7
2026-07-13 20:21:15.578 [main] INFO  o.main.controller.CrawlerController [requestId=d6c98082-76ca-4291-b09b-e57949e305eb] [path=/api/crawl/euw/puuid/p] - crawlByPuuid completed: puuid='null', requestedLimit=0, savedNewMatches=0
2026-07-13 20:21:15.602 [main] INFO  o.main.controller.CrawlerController [requestId=55ce0741-95b3-4606-ad61-796f2aedff7c] [path=/api/crawl/euw/puuid/p] - Received crawlByPuuid request: puuid='p', limit=20
2026-07-13 20:21:15.603 [main] INFO  o.main.controller.CrawlerController [requestId=55ce0741-95b3-4606-ad61-796f2aedff7c] [path=/api/crawl/euw/puuid/p] - crawlByPuuid completed: puuid='null', requestedLimit=0, savedNewMatches=0
2026-07-13 20:21:15.616 [main] INFO  o.s.t.c.s.AnnotationConfigContextLoaderUtils [requestId=] [path=] - Could not detect default configuration classes for test class [org.main.controller.frontend.PlayerDashboardControllerWebMvcTest]: PlayerDashboardControllerWebMvcTest does not declare any static, non-private, non-final, nested classes annotated with @Configuration.
2026-07-13 20:21:15.668 [main] INFO  o.s.b.t.c.SpringBootTestContextBootstrapper [requestId=] [path=] - Found @SpringBootConfiguration org.main.RiotPractice for test class org.main.controller.frontend.PlayerDashboardControllerWebMvcTest
2026-07-13 20:21:15.675 [main] INFO  o.s.b.d.r.RestartApplicationListener [requestId=] [path=] - Restart disabled due to context in which it is running
2026-07-13 20:21:15.722 [main] INFO  o.m.c.f.PlayerDashboardControllerWebMvcTest [requestId=] [path=] - Starting PlayerDashboardControllerWebMvcTest using Java 23.0.2 with PID 27824 (started by egors in D:\Games\RiotApiPractice)
2026-07-13 20:21:15.722 [main] DEBUG o.m.c.f.PlayerDashboardControllerWebMvcTest [requestId=] [path=] - Running with Spring Boot v3.3.3, Spring v6.1.12
2026-07-13 20:21:15.722 [main] INFO  o.m.c.f.PlayerDashboardControllerWebMvcTest [requestId=] [path=] - No active profile set, falling back to 1 default profile: "default"
2026-07-13 20:21:16.662 [main] INFO  o.s.b.a.w.s.WelcomePageHandlerMapping [requestId=] [path=] - Adding welcome page: class path resource [static/index.html]
2026-07-13 20:21:16.785 [main] DEBUG o.m.a.s.AppSessionAuthenticationFilter [requestId=] [path=] - Filter 'appSessionAuthenticationFilter' configured for use
2026-07-13 20:21:16.785 [main] DEBUG o.main.config.RequestLoggingFilter [requestId=] [path=] - Filter 'requestLoggingFilter' configured for use
2026-07-13 20:21:16.785 [main] INFO  o.s.b.t.m.w.SpringBootMockServletContext [requestId=] [path=] - Initializing Spring TestDispatcherServlet ''
2026-07-13 20:21:16.785 [main] INFO  o.s.t.w.s.TestDispatcherServlet [requestId=] [path=] - Initializing Servlet ''
2026-07-13 20:21:16.785 [main] INFO  o.s.t.w.s.TestDispatcherServlet [requestId=] [path=] - Completed initialization in 0 ms
2026-07-13 20:21:16.795 [main] INFO  o.m.c.f.PlayerDashboardControllerWebMvcTest [requestId=] [path=] - Started PlayerDashboardControllerWebMvcTest in 1.121 seconds (process running for 19.382)
2026-07-13 20:21:16.969 [main] ERROR o.m.handler.GlobalExceptionHandler [requestId=] [path=] - Handled exception: errorId=20b7a134-7dd0-4421-89ca-4dc068ca310d, code=INTERNAL_ERROR, path=/api/auth/register, context={requestId=null, method=POST}
java.lang.Exception: failure
	at org.main.handler.GlobalExceptionHandlerTest.handlesRequestsWithoutQueryString(GlobalExceptionHandlerTest.java:22)
	at java.base/jdk.internal.reflect.DirectMethodHandleAccessor.invoke(DirectMethodHandleAccessor.java:103)
	at java.base/java.lang.reflect.Method.invoke(Method.java:580)
	at org.junit.platform.commons.util.ReflectionUtils.invokeMethod(ReflectionUtils.java:728)
	at org.junit.jupiter.engine.execution.MethodInvocation.proceed(MethodInvocation.java:60)
	at org.junit.jupiter.engine.execution.InvocationInterceptorChain$ValidatingInvocation.proceed(InvocationInterceptorChain.java:131)
	at org.junit.jupiter.engine.extension.TimeoutExtension.intercept(TimeoutExtension.java:156)
	at org.junit.jupiter.engine.extension.TimeoutExtension.interceptTestableMethod(TimeoutExtension.java:147)
	at org.junit.jupiter.engine.extension.TimeoutExtension.interceptTestMethod(TimeoutExtension.java:86)
	at org.junit.jupiter.engine.execution.InterceptingExecutableInvoker$ReflectiveInterceptorCall.lambda$ofVoidMethod$0(InterceptingExecutableInvoker.java:103)
	at org.junit.jupiter.engine.execution.InterceptingExecutableInvoker.lambda$invoke$0(InterceptingExecutableInvoker.java:93)
	at org.junit.jupiter.engine.execution.InvocationInterceptorChain$InterceptedInvocation.proceed(InvocationInterceptorChain.java:106)
	at org.junit.jupiter.engine.execution.InvocationInterceptorChain.proceed(InvocationInterceptorChain.java:64)
	at org.junit.jupiter.engine.execution.InvocationInterceptorChain.chainAndInvoke(InvocationInterceptorChain.java:45)
	at org.junit.jupiter.engine.execution.InvocationInterceptorChain.invoke(InvocationInterceptorChain.java:37)
	at org.junit.jupiter.engine.execution.InterceptingExecutableInvoker.invoke(InterceptingExecutableInvoker.java:92)
	at org.junit.jupiter.engine.execution.InterceptingExecutableInvoker.invoke(InterceptingExecutableInvoker.java:86)
	at org.junit.jupiter.engine.descriptor.TestMethodTestDescriptor.lambda$invokeTestMethod$7(TestMethodTestDescriptor.java:218)
	at org.junit.platform.engine.support.hierarchical.ThrowableCollector.execute(ThrowableCollector.java:73)
	at org.junit.jupiter.engine.descriptor.TestMethodTestDescriptor.invokeTestMethod(TestMethodTestDescriptor.java:214)
	at org.junit.jupiter.engine.descriptor.TestMethodTestDescriptor.execute(TestMethodTestDescriptor.java:139)
	at org.junit.jupiter.engine.descriptor.TestMethodTestDescriptor.execute(TestMethodTestDescriptor.java:69)
	at org.junit.platform.engine.support.hierarchical.NodeTestTask.lambda$executeRecursively$6(NodeTestTask.java:151)
	at org.junit.platform.engine.support.hierarchical.ThrowableCollector.execute(ThrowableCollector.java:73)
	at org.junit.platform.engine.support.hierarchical.NodeTestTask.lambda$executeRecursively$8(NodeTestTask.java:141)
	at org.junit.platform.engine.support.hierarchical.Node.around(Node.java:137)
	at org.junit.platform.engine.support.hierarchical.NodeTestTask.lambda$executeRecursively$9(NodeTestTask.java:139)
	at org.junit.platform.engine.support.hierarchical.ThrowableCollector.execute(ThrowableCollector.java:73)
	at org.junit.platform.engine.support.hierarchical.NodeTestTask.executeRecursively(NodeTestTask.java:138)
	at org.junit.platform.engine.support.hierarchical.NodeTestTask.execute(NodeTestTask.java:95)
	at java.base/java.util.ArrayList.forEach(ArrayList.java:1597)
	at org.junit.platform.engine.support.hierarchical.SameThreadHierarchicalTestExecutorService.invokeAll(SameThreadHierarchicalTestExecutorService.java:41)
	at org.junit.platform.engine.support.hierarchical.NodeTestTask.lambda$executeRecursively$6(NodeTestTask.java:155)
	at org.junit.platform.engine.support.hierarchical.ThrowableCollector.execute(ThrowableCollector.java:73)
	at org.junit.platform.engine.support.hierarchical.NodeTestTask.lambda$executeRecursively$8(NodeTestTask.java:141)
	at org.junit.platform.engine.support.hierarchical.Node.around(Node.java:137)
	at org.junit.platform.engine.support.hierarchical.NodeTestTask.lambda$executeRecursively$9(NodeTestTask.java:139)
	at org.junit.platform.engine.support.hierarchical.ThrowableCollector.execute(ThrowableCollector.java:73)
	at org.junit.platform.engine.support.hierarchical.NodeTestTask.executeRecursively(NodeTestTask.java:138)
	at org.junit.platform.engine.support.hierarchical.NodeTestTask.execute(NodeTestTask.java:95)
	at java.base/java.util.ArrayList.forEach(ArrayList.java:1597)
	at org.junit.platform.engine.support.hierarchical.SameThreadHierarchicalTestExecutorService.invokeAll(SameThreadHierarchicalTestExecutorService.java:41)
	at org.junit.platform.engine.support.hierarchical.NodeTestTask.lambda$executeRecursively$6(NodeTestTask.java:155)
	at org.junit.platform.engine.support.hierarchical.ThrowableCollector.execute(ThrowableCollector.java:73)
	at org.junit.platform.engine.support.hierarchical.NodeTestTask.lambda$executeRecursively$8(NodeTestTask.java:141)
	at org.junit.platform.engine.support.hierarchical.Node.around(Node.java:137)
	at org.junit.platform.engine.support.hierarchical.NodeTestTask.lambda$executeRecursively$9(NodeTestTask.java:139)
	at org.junit.platform.engine.support.hierarchical.ThrowableCollector.execute(ThrowableCollector.java:73)
	at org.junit.platform.engine.support.hierarchical.NodeTestTask.executeRecursively(NodeTestTask.java:138)
	at org.junit.platform.engine.support.hierarchical.NodeTestTask.execute(NodeTestTask.java:95)
	at org.junit.platform.engine.support.hierarchical.SameThreadHierarchicalTestExecutorService.submit(SameThreadHierarchicalTestExecutorService.java:35)
	at org.junit.platform.engine.support.hierarchical.HierarchicalTestExecutor.execute(HierarchicalTestExecutor.java:57)
	at org.junit.platform.engine.support.hierarchical.HierarchicalTestEngine.execute(HierarchicalTestEngine.java:54)
	at org.junit.platform.launcher.core.EngineExecutionOrchestrator.execute(EngineExecutionOrchestrator.java:198)
	at org.junit.platform.launcher.core.EngineExecutionOrchestrator.execute(EngineExecutionOrchestrator.java:169)
	at org.junit.platform.launcher.core.EngineExecutionOrchestrator.execute(EngineExecutionOrchestrator.java:93)
	at org.junit.platform.launcher.core.EngineExecutionOrchestrator.lambda$execute$0(EngineExecutionOrchestrator.java:58)
	at org.junit.platform.launcher.core.EngineExecutionOrchestrator.withInterceptedStreams(EngineExecutionOrchestrator.java:141)
	at org.junit.platform.launcher.core.EngineExecutionOrchestrator.execute(EngineExecutionOrchestrator.java:57)
	at org.junit.platform.launcher.core.DefaultLauncher.execute(DefaultLauncher.java:103)
	at org.junit.platform.launcher.core.DefaultLauncher.execute(DefaultLauncher.java:85)
	at org.junit.platform.launcher.core.DelegatingLauncher.execute(DelegatingLauncher.java:47)
	at org.apache.maven.surefire.junitplatform.LazyLauncher.execute(LazyLauncher.java:56)
	at org.apache.maven.surefire.junitplatform.JUnitPlatformProvider.execute(JUnitPlatformProvider.java:184)
	at org.apache.maven.surefire.junitplatform.JUnitPlatformProvider.invokeAllTests(JUnitPlatformProvider.java:148)
	at org.apache.maven.surefire.junitplatform.JUnitPlatformProvider.invoke(JUnitPlatformProvider.java:122)
	at org.apache.maven.surefire.booter.ForkedBooter.runSuitesInProcess(ForkedBooter.java:385)
	at org.apache.maven.surefire.booter.ForkedBooter.execute(ForkedBooter.java:162)
	at org.apache.maven.surefire.booter.ForkedBooter.run(ForkedBooter.java:507)
	at org.apache.maven.surefire.booter.ForkedBooter.main(ForkedBooter.java:495)
2026-07-13 20:21:16.997 [main] INFO  o.s.t.c.s.AnnotationConfigContextLoaderUtils [requestId=] [path=] - Could not detect default configuration classes for test class [org.main.refresh.PlayerRefreshControllerWebMvcTest]: PlayerRefreshControllerWebMvcTest does not declare any static, non-private, non-final, nested classes annotated with @Configuration.
2026-07-13 20:21:17.037 [main] INFO  o.s.b.t.c.SpringBootTestContextBootstrapper [requestId=] [path=] - Found @SpringBootConfiguration org.main.RiotPractice for test class org.main.refresh.PlayerRefreshControllerWebMvcTest
2026-07-13 20:21:17.042 [main] INFO  o.s.b.d.r.RestartApplicationListener [requestId=] [path=] - Restart disabled due to context in which it is running
2026-07-13 20:21:17.072 [main] INFO  o.m.r.PlayerRefreshControllerWebMvcTest [requestId=] [path=] - Starting PlayerRefreshControllerWebMvcTest using Java 23.0.2 with PID 27824 (started by egors in D:\Games\RiotApiPractice)
2026-07-13 20:21:17.073 [main] DEBUG o.m.r.PlayerRefreshControllerWebMvcTest [requestId=] [path=] - Running with Spring Boot v3.3.3, Spring v6.1.12
2026-07-13 20:21:17.073 [main] INFO  o.m.r.PlayerRefreshControllerWebMvcTest [requestId=] [path=] - No active profile set, falling back to 1 default profile: "default"
2026-07-13 20:21:17.453 [main] INFO  o.s.b.a.w.s.WelcomePageHandlerMapping [requestId=] [path=] - Adding welcome page: class path resource [static/index.html]
2026-07-13 20:21:17.538 [main] DEBUG o.m.a.s.AppSessionAuthenticationFilter [requestId=] [path=] - Filter 'appSessionAuthenticationFilter' configured for use
2026-07-13 20:21:17.539 [main] DEBUG o.main.config.RequestLoggingFilter [requestId=] [path=] - Filter 'requestLoggingFilter' configured for use
2026-07-13 20:21:17.539 [main] INFO  o.s.b.t.m.w.SpringBootMockServletContext [requestId=] [path=] - Initializing Spring TestDispatcherServlet ''
2026-07-13 20:21:17.539 [main] INFO  o.s.t.w.s.TestDispatcherServlet [requestId=] [path=] - Initializing Servlet ''
2026-07-13 20:21:17.539 [main] INFO  o.s.t.w.s.TestDispatcherServlet [requestId=] [path=] - Completed initialization in 0 ms
2026-07-13 20:21:17.545 [main] INFO  o.m.r.PlayerRefreshControllerWebMvcTest [requestId=] [path=] - Started PlayerRefreshControllerWebMvcTest in 0.503 seconds (process running for 20.131)
2026-07-13 20:21:18.293 [main] INFO  org.main.service.CrawlerServiceImpl [requestId=] [path=] - Starting crawlPuuidEUW: puuid='puuid', requestedLimit=25, effectiveLimit=25
2026-07-13 20:21:18.293 [main] DEBUG org.main.service.CrawlerServiceImpl [requestId=] [path=] - Requesting match id page: puuid='puuid', start=0, count=20
2026-07-13 20:21:18.294 [main] DEBUG org.main.service.CrawlerServiceImpl [requestId=] [path=] - Requesting match id page: puuid='puuid', start=20, count=5
2026-07-13 20:21:18.296 [main] INFO  org.main.service.CrawlerServiceImpl [requestId=] [path=] - Saved new match: matchId='m0'
2026-07-13 20:21:18.297 [main] INFO  org.main.service.CrawlerServiceImpl [requestId=] [path=] - Saved new match: matchId='m1'
2026-07-13 20:21:18.297 [main] INFO  org.main.service.CrawlerServiceImpl [requestId=] [path=] - Saved new match: matchId='m2'
2026-07-13 20:21:18.298 [main] INFO  org.main.service.CrawlerServiceImpl [requestId=] [path=] - Saved new match: matchId='m3'
2026-07-13 20:21:18.298 [main] INFO  org.main.service.CrawlerServiceImpl [requestId=] [path=] - Saved new match: matchId='m4'
2026-07-13 20:21:18.299 [main] INFO  org.main.service.CrawlerServiceImpl [requestId=] [path=] - Saved new match: matchId='m5'
2026-07-13 20:21:18.300 [main] INFO  org.main.service.CrawlerServiceImpl [requestId=] [path=] - Saved new match: matchId='m6'
2026-07-13 20:21:18.301 [main] INFO  org.main.service.CrawlerServiceImpl [requestId=] [path=] - Saved new match: matchId='m7'
2026-07-13 20:21:18.302 [main] INFO  org.main.service.CrawlerServiceImpl [requestId=] [path=] - Saved new match: matchId='m8'
2026-07-13 20:21:18.302 [main] INFO  org.main.service.CrawlerServiceImpl [requestId=] [path=] - Saved new match: matchId='m9'
2026-07-13 20:21:18.302 [main] INFO  org.main.service.CrawlerServiceImpl [requestId=] [path=] - Saved new match: matchId='m10'
2026-07-13 20:21:18.303 [main] INFO  org.main.service.CrawlerServiceImpl [requestId=] [path=] - Saved new match: matchId='m11'
2026-07-13 20:21:18.304 [main] INFO  org.main.service.CrawlerServiceImpl [requestId=] [path=] - Saved new match: matchId='m12'
2026-07-13 20:21:18.304 [main] INFO  org.main.service.CrawlerServiceImpl [requestId=] [path=] - Saved new match: matchId='m13'
2026-07-13 20:21:18.305 [main] INFO  org.main.service.CrawlerServiceImpl [requestId=] [path=] - Saved new match: matchId='m14'
2026-07-13 20:21:18.306 [main] INFO  org.main.service.CrawlerServiceImpl [requestId=] [path=] - Saved new match: matchId='m15'
2026-07-13 20:21:18.306 [main] INFO  org.main.service.CrawlerServiceImpl [requestId=] [path=] - Saved new match: matchId='m16'
2026-07-13 20:21:18.306 [main] INFO  org.main.service.CrawlerServiceImpl [requestId=] [path=] - Saved new match: matchId='m17'
2026-07-13 20:21:18.307 [main] INFO  org.main.service.CrawlerServiceImpl [requestId=] [path=] - Saved new match: matchId='m18'
2026-07-13 20:21:18.307 [main] INFO  org.main.service.CrawlerServiceImpl [requestId=] [path=] - Saved new match: matchId='m19'
2026-07-13 20:21:18.308 [main] INFO  org.main.service.CrawlerServiceImpl [requestId=] [path=] - Saved new match: matchId='m20'
2026-07-13 20:21:18.308 [main] INFO  org.main.service.CrawlerServiceImpl [requestId=] [path=] - Saved new match: matchId='m21'
2026-07-13 20:21:18.309 [main] INFO  org.main.service.CrawlerServiceImpl [requestId=] [path=] - Saved new match: matchId='m22'
2026-07-13 20:21:18.310 [main] INFO  org.main.service.CrawlerServiceImpl [requestId=] [path=] - Saved new match: matchId='m23'
2026-07-13 20:21:18.311 [main] INFO  org.main.service.CrawlerServiceImpl [requestId=] [path=] - Saved new match: matchId='m24'
2026-07-13 20:21:18.311 [main] INFO  org.main.service.CrawlerServiceImpl [requestId=] [path=] - crawlPuuidEUW finished: puuid='puuid', requestedLimit=25, fetchedUnique=25, savedNewMatches=25
2026-07-13 20:21:18.373 [main] INFO  org.main.service.CrawlerServiceImpl [requestId=] [path=] - Starting crawlPuuidEUW: puuid='test-puuid', requestedLimit=2, effectiveLimit=2
2026-07-13 20:21:18.374 [main] DEBUG org.main.service.CrawlerServiceImpl [requestId=] [path=] - Requesting match id page: puuid='test-puuid', start=0, count=2
2026-07-13 20:21:18.374 [main] INFO  org.main.service.CrawlerServiceImpl [requestId=] [path=] - Match already exists, checking timeline: matchId='EUW1_123'
2026-07-13 20:21:18.383 [main] INFO  org.main.service.CrawlerServiceImpl [requestId=] [path=] - Saved new match: matchId='EUW1_456'
2026-07-13 20:21:18.384 [main] INFO  org.main.service.CrawlerServiceImpl [requestId=] [path=] - crawlPuuidEUW finished: puuid='test-puuid', requestedLimit=2, fetchedUnique=2, savedNewMatches=1
2026-07-13 20:21:18.398 [main] INFO  org.main.service.CrawlerServiceImpl [requestId=] [path=] - Starting crawlRiotIdEUW: gameName='acoomer', tagLine='EUW', requestedLimit=3
2026-07-13 20:21:18.400 [main] INFO  org.main.service.CrawlerServiceImpl [requestId=] [path=] - Player saved or updated: gameName='acoomer', tagLine='EUW', puuid='resolved-puuid'
2026-07-13 20:21:18.400 [main] DEBUG org.main.service.CrawlerServiceImpl [requestId=] [path=] - Requesting match id page: puuid='resolved-puuid', start=0, count=3
2026-07-13 20:21:18.400 [main] INFO  org.main.service.CrawlerServiceImpl [requestId=] [path=] - Saved new match: matchId='EUW1_1'
2026-07-13 20:21:18.401 [main] INFO  org.main.service.CrawlerServiceImpl [requestId=] [path=] - Saved new match: matchId='EUW1_2'
2026-07-13 20:21:18.402 [main] INFO  org.main.service.CrawlerServiceImpl [requestId=] [path=] - Saved new match: matchId='EUW1_3'
2026-07-13 20:21:18.403 [main] INFO  org.main.service.CrawlerServiceImpl [requestId=] [path=] - crawlRiotIdEUW finished: summoner='acoomer#EUW', puuid='resolved-puuid', savedNewMatches=3
2026-07-13 20:21:18.408 [main] INFO  org.main.service.CrawlerServiceImpl [requestId=] [path=] - Starting crawlPuuidEUW: puuid='test-puuid', requestedLimit=25, effectiveLimit=25
2026-07-13 20:21:18.408 [main] DEBUG org.main.service.CrawlerServiceImpl [requestId=] [path=] - Requesting match id page: puuid='test-puuid', start=0, count=20
2026-07-13 20:21:18.409 [main] DEBUG org.main.service.CrawlerServiceImpl [requestId=] [path=] - Requesting match id page: puuid='test-puuid', start=20, count=5
2026-07-13 20:21:18.410 [main] INFO  org.main.service.CrawlerServiceImpl [requestId=] [path=] - Saved new match: matchId='EUW1_1'
2026-07-13 20:21:18.410 [main] INFO  org.main.service.CrawlerServiceImpl [requestId=] [path=] - Saved new match: matchId='EUW1_2'
2026-07-13 20:21:18.411 [main] INFO  org.main.service.CrawlerServiceImpl [requestId=] [path=] - Saved new match: matchId='EUW1_3'
2026-07-13 20:21:18.412 [main] INFO  org.main.service.CrawlerServiceImpl [requestId=] [path=] - Saved new match: matchId='EUW1_4'
2026-07-13 20:21:18.412 [main] INFO  org.main.service.CrawlerServiceImpl [requestId=] [path=] - Saved new match: matchId='EUW1_5'
2026-07-13 20:21:18.413 [main] INFO  org.main.service.CrawlerServiceImpl [requestId=] [path=] - Saved new match: matchId='EUW1_6'
2026-07-13 20:21:18.413 [main] INFO  org.main.service.CrawlerServiceImpl [requestId=] [path=] - Saved new match: matchId='EUW1_7'
2026-07-13 20:21:18.414 [main] INFO  org.main.service.CrawlerServiceImpl [requestId=] [path=] - Saved new match: matchId='EUW1_8'
2026-07-13 20:21:18.415 [main] INFO  org.main.service.CrawlerServiceImpl [requestId=] [path=] - Saved new match: matchId='EUW1_9'
2026-07-13 20:21:18.415 [main] INFO  org.main.service.CrawlerServiceImpl [requestId=] [path=] - Saved new match: matchId='EUW1_10'
2026-07-13 20:21:18.417 [main] INFO  org.main.service.CrawlerServiceImpl [requestId=] [path=] - Saved new match: matchId='EUW1_11'
2026-07-13 20:21:18.417 [main] INFO  org.main.service.CrawlerServiceImpl [requestId=] [path=] - Saved new match: matchId='EUW1_12'
2026-07-13 20:21:18.418 [main] INFO  org.main.service.CrawlerServiceImpl [requestId=] [path=] - Saved new match: matchId='EUW1_13'
2026-07-13 20:21:18.418 [main] INFO  org.main.service.CrawlerServiceImpl [requestId=] [path=] - Saved new match: matchId='EUW1_14'
2026-07-13 20:21:18.419 [main] INFO  org.main.service.CrawlerServiceImpl [requestId=] [path=] - Saved new match: matchId='EUW1_15'
2026-07-13 20:21:18.419 [main] INFO  org.main.service.CrawlerServiceImpl [requestId=] [path=] - Saved new match: matchId='EUW1_16'
2026-07-13 20:21:18.420 [main] INFO  org.main.service.CrawlerServiceImpl [requestId=] [path=] - Saved new match: matchId='EUW1_17'
2026-07-13 20:21:18.421 [main] INFO  org.main.service.CrawlerServiceImpl [requestId=] [path=] - Saved new match: matchId='EUW1_18'
2026-07-13 20:21:18.422 [main] INFO  org.main.service.CrawlerServiceImpl [requestId=] [path=] - Saved new match: matchId='EUW1_19'
2026-07-13 20:21:18.423 [main] INFO  org.main.service.CrawlerServiceImpl [requestId=] [path=] - Saved new match: matchId='EUW1_20'
2026-07-13 20:21:18.423 [main] INFO  org.main.service.CrawlerServiceImpl [requestId=] [path=] - Saved new match: matchId='EUW1_21'
2026-07-13 20:21:18.424 [main] INFO  org.main.service.CrawlerServiceImpl [requestId=] [path=] - Saved new match: matchId='EUW1_22'
2026-07-13 20:21:18.425 [main] INFO  org.main.service.CrawlerServiceImpl [requestId=] [path=] - Saved new match: matchId='EUW1_23'
2026-07-13 20:21:18.425 [main] INFO  org.main.service.CrawlerServiceImpl [requestId=] [path=] - Saved new match: matchId='EUW1_24'
2026-07-13 20:21:18.426 [main] INFO  org.main.service.CrawlerServiceImpl [requestId=] [path=] - Saved new match: matchId='EUW1_25'
2026-07-13 20:21:18.427 [main] INFO  org.main.service.CrawlerServiceImpl [requestId=] [path=] - crawlPuuidEUW finished: puuid='test-puuid', requestedLimit=25, fetchedUnique=25, savedNewMatches=25
2026-07-13 20:21:18.626 [main] INFO  o.s.b.d.r.RestartApplicationListener [requestId=] [path=] - Restart disabled due to context in which it is running
2026-07-13 20:21:18.651 [main] INFO  o.main.cucumber.CucumberSpringConfig [requestId=] [path=] - Starting CucumberSpringConfig using Java 23.0.2 with PID 27824 (started by egors in D:\Games\RiotApiPractice)
2026-07-13 20:21:18.652 [main] DEBUG o.main.cucumber.CucumberSpringConfig [requestId=] [path=] - Running with Spring Boot v3.3.3, Spring v6.1.12
2026-07-13 20:21:18.652 [main] INFO  o.main.cucumber.CucumberSpringConfig [requestId=] [path=] - No active profile set, falling back to 1 default profile: "default"
2026-07-13 20:21:19.900 [main] INFO  o.main.cucumber.CucumberSpringConfig [requestId=] [path=] - Started CucumberSpringConfig in 1.274 seconds (process running for 22.485)
2026-07-13 20:21:19.976 [main] INFO  org.main.service.CrawlerServiceImpl [requestId=] [path=] - Starting crawlPuuidEUW: puuid='TEST_PUUID', requestedLimit=5, effectiveLimit=5
2026-07-13 20:21:19.976 [main] DEBUG org.main.service.CrawlerServiceImpl [requestId=] [path=] - Requesting match id page: puuid='TEST_PUUID', start=0, count=5
2026-07-13 20:21:19.977 [main] INFO  org.main.service.CrawlerServiceImpl [requestId=] [path=] - Saved new match: matchId='EUW1_0'
2026-07-13 20:21:19.977 [main] INFO  org.main.service.CrawlerServiceImpl [requestId=] [path=] - Saved new match: matchId='EUW1_1'
2026-07-13 20:21:19.978 [main] INFO  org.main.service.CrawlerServiceImpl [requestId=] [path=] - Saved new match: matchId='EUW1_2'
2026-07-13 20:21:19.978 [main] INFO  org.main.service.CrawlerServiceImpl [requestId=] [path=] - Saved new match: matchId='EUW1_3'
2026-07-13 20:21:19.978 [main] INFO  org.main.service.CrawlerServiceImpl [requestId=] [path=] - Saved new match: matchId='EUW1_4'
2026-07-13 20:21:19.978 [main] INFO  org.main.service.CrawlerServiceImpl [requestId=] [path=] - crawlPuuidEUW finished: puuid='TEST_PUUID', requestedLimit=5, fetchedUnique=5, savedNewMatches=5
2026-07-13 20:21:19.999 [main] INFO  org.main.service.CrawlerServiceImpl [requestId=] [path=] - Starting crawlPuuidEUW: puuid='TEST_PUUID', requestedLimit=5, effectiveLimit=5
2026-07-13 20:21:20.000 [main] DEBUG org.main.service.CrawlerServiceImpl [requestId=] [path=] - Requesting match id page: puuid='TEST_PUUID', start=0, count=5
2026-07-13 20:21:20.000 [main] INFO  org.main.service.CrawlerServiceImpl [requestId=] [path=] - No more match ids returned from Riot API: puuid='TEST_PUUID', start=0
2026-07-13 20:21:20.000 [main] INFO  org.main.service.CrawlerServiceImpl [requestId=] [path=] - crawlPuuidEUW finished: puuid='TEST_PUUID', requestedLimit=5, fetchedUnique=0, savedNewMatches=0
2026-07-13 20:21:20.014 [main] INFO  org.main.service.CrawlerServiceImpl [requestId=] [path=] - Starting crawlPuuidEUW: puuid='TEST_PUUID', requestedLimit=5, effectiveLimit=5
2026-07-13 20:21:20.014 [main] DEBUG org.main.service.CrawlerServiceImpl [requestId=] [path=] - Requesting match id page: puuid='TEST_PUUID', start=0, count=5
2026-07-13 20:21:20.014 [main] INFO  org.main.service.CrawlerServiceImpl [requestId=] [path=] - Match already exists, checking timeline: matchId='EUW1_0'
2026-07-13 20:21:20.014 [main] INFO  org.main.service.CrawlerServiceImpl [requestId=] [path=] - Match already exists, checking timeline: matchId='EUW1_1'
2026-07-13 20:21:20.015 [main] INFO  org.main.service.CrawlerServiceImpl [requestId=] [path=] - Match already exists, checking timeline: matchId='EUW1_2'
2026-07-13 20:21:20.015 [main] INFO  org.main.service.CrawlerServiceImpl [requestId=] [path=] - Match already exists, checking timeline: matchId='EUW1_3'
2026-07-13 20:21:20.015 [main] INFO  org.main.service.CrawlerServiceImpl [requestId=] [path=] - Match already exists, checking timeline: matchId='EUW1_4'
2026-07-13 20:21:20.016 [main] INFO  org.main.service.CrawlerServiceImpl [requestId=] [path=] - crawlPuuidEUW finished: puuid='TEST_PUUID', requestedLimit=5, fetchedUnique=5, savedNewMatches=0
2026-07-13 20:23:41.884 [background-preinit] INFO  o.h.validator.internal.util.Version [requestId=] [path=] - HV000001: Hibernate Validator 8.0.1.Final
2026-07-13 20:23:41.936 [restartedMain] INFO  org.main.RiotPractice [requestId=] [path=] - Starting RiotPractice using Java 23-valhalla with PID 39376 (D:\Games\RiotApiPractice\target\classes started by egors in D:\Games\RiotApiPractice)
2026-07-13 20:23:41.936 [restartedMain] DEBUG org.main.RiotPractice [requestId=] [path=] - Running with Spring Boot v3.3.3, Spring v6.1.12
2026-07-13 20:23:41.938 [restartedMain] INFO  org.main.RiotPractice [requestId=] [path=] - No active profile set, falling back to 1 default profile: "default"
2026-07-13 20:23:42.016 [restartedMain] INFO  o.s.b.d.e.DevToolsPropertyDefaultsPostProcessor [requestId=] [path=] - Devtools property defaults active! Set 'spring.devtools.add-properties' to 'false' to disable
2026-07-13 20:23:42.016 [restartedMain] INFO  o.s.b.d.e.DevToolsPropertyDefaultsPostProcessor [requestId=] [path=] - For additional web related logging consider setting the 'logging.level.web' property to 'DEBUG'
2026-07-13 20:23:43.876 [restartedMain] INFO  o.s.d.r.c.RepositoryConfigurationDelegate [requestId=] [path=] - Bootstrapping Spring Data JPA repositories in DEFAULT mode.
2026-07-13 20:23:44.005 [restartedMain] INFO  o.s.d.r.c.RepositoryConfigurationDelegate [requestId=] [path=] - Finished Spring Data repository scanning in 120 ms. Found 15 JPA repository interfaces.
2026-07-13 20:23:45.242 [restartedMain] INFO  o.s.b.w.e.tomcat.TomcatWebServer [requestId=] [path=] - Tomcat initialized with port 8080 (http)
2026-07-13 20:23:45.278 [restartedMain] INFO  o.a.coyote.http11.Http11NioProtocol [requestId=] [path=] - Initializing ProtocolHandler ["http-nio-8080"]
2026-07-13 20:23:45.285 [restartedMain] INFO  o.a.catalina.core.StandardService [requestId=] [path=] - Starting service [Tomcat]
2026-07-13 20:23:45.285 [restartedMain] INFO  o.a.catalina.core.StandardEngine [requestId=] [path=] - Starting Servlet engine: [Apache Tomcat/10.1.28]
2026-07-13 20:23:45.370 [restartedMain] INFO  o.a.c.c.C.[Tomcat].[localhost].[/] [requestId=] [path=] - Initializing Spring embedded WebApplicationContext
2026-07-13 20:23:45.371 [restartedMain] INFO  o.s.b.w.s.c.ServletWebServerApplicationContext [requestId=] [path=] - Root WebApplicationContext: initialization completed in 3353 ms
2026-07-13 20:23:45.892 [restartedMain] INFO  com.zaxxer.hikari.HikariDataSource [requestId=] [path=] - HikariPool-1 - Starting...
2026-07-13 20:23:46.141 [restartedMain] INFO  com.zaxxer.hikari.pool.HikariPool [requestId=] [path=] - HikariPool-1 - Added connection org.postgresql.jdbc.PgConnection@2c8b48c1
2026-07-13 20:23:46.144 [restartedMain] INFO  com.zaxxer.hikari.HikariDataSource [requestId=] [path=] - HikariPool-1 - Start completed.
2026-07-13 20:23:46.185 [restartedMain] INFO  org.flywaydb.core.FlywayExecutor [requestId=] [path=] - Database: jdbc:postgresql://localhost:5432/postgres (PostgreSQL 18.0)
2026-07-13 20:23:46.198 [restartedMain] WARN  o.f.c.i.database.base.Database [requestId=] [path=] - Flyway upgrade recommended: PostgreSQL 18.0 is newer than this version of Flyway and support has not been tested. The latest supported version of PostgreSQL is 16.
2026-07-13 20:23:46.267 [restartedMain] INFO  o.f.core.internal.command.DbValidate [requestId=] [path=] - Successfully validated 3 migrations (execution time 00:00.051s)
2026-07-13 20:23:46.347 [restartedMain] INFO  o.f.core.internal.command.DbMigrate [requestId=] [path=] - Current version of schema "app": 2
2026-07-13 20:23:46.353 [restartedMain] INFO  o.f.core.internal.command.DbMigrate [requestId=] [path=] - Schema "app" is up to date. No migration necessary.
2026-07-13 20:23:46.519 [restartedMain] INFO  o.h.jpa.internal.util.LogHelper [requestId=] [path=] - HHH000204: Processing PersistenceUnitInfo [name: default]
2026-07-13 20:23:46.639 [restartedMain] INFO  org.hibernate.Version [requestId=] [path=] - HHH000412: Hibernate ORM core version 6.5.2.Final
2026-07-13 20:23:46.701 [restartedMain] INFO  o.h.c.i.RegionFactoryInitiator [requestId=] [path=] - HHH000026: Second-level cache disabled
2026-07-13 20:23:47.171 [restartedMain] INFO  o.s.o.j.p.SpringPersistenceUnitInfo [requestId=] [path=] - No LoadTimeWeaver setup: ignoring JPA class transformer
2026-07-13 20:23:48.798 [restartedMain] INFO  o.h.e.t.j.p.i.JtaPlatformInitiator [requestId=] [path=] - HHH000489: No JTA platform available (set 'hibernate.transaction.jta.platform' to enable JTA platform integration)
2026-07-13 20:23:48.871 [restartedMain] INFO  o.s.o.j.LocalContainerEntityManagerFactoryBean [requestId=] [path=] - Initialized JPA EntityManagerFactory for persistence unit 'default'
2026-07-13 20:23:49.169 [restartedMain] INFO  o.s.d.j.r.query.QueryEnhancerFactory [requestId=] [path=] - Hibernate is in classpath; If applicable, HQL parser will be used.
2026-07-13 20:23:49.857 [restartedMain] DEBUG o.main.config.RequestLoggingFilter [requestId=] [path=] - Filter 'requestLoggingFilter' configured for use
2026-07-13 20:23:49.858 [restartedMain] DEBUG o.m.a.s.AppSessionAuthenticationFilter [requestId=] [path=] - Filter 'appSessionAuthenticationFilter' configured for use
2026-07-13 20:23:50.305 [restartedMain] INFO  org.main.client.RiotApiHttpClient [requestId=] [path=] - Riot API client initialized. Key prefix='RGAPI-3c***', startsWithRGAPI=true
2026-07-13 20:23:51.134 [restartedMain] INFO  o.s.b.a.w.s.WelcomePageHandlerMapping [requestId=] [path=] - Adding welcome page: class path resource [static/index.html]
2026-07-13 20:23:51.567 [restartedMain] INFO  o.s.b.a.e.web.EndpointLinksResolver [requestId=] [path=] - Exposing 1 endpoint beneath base path '/actuator'
2026-07-13 20:23:52.525 [restartedMain] WARN  o.s.b.d.a.OptionalLiveReloadServer [requestId=] [path=] - Unable to start LiveReload server
2026-07-13 20:23:52.598 [restartedMain] INFO  o.a.coyote.http11.Http11NioProtocol [requestId=] [path=] - Starting ProtocolHandler ["http-nio-8080"]
2026-07-13 20:23:52.607 [restartedMain] WARN  o.s.b.w.s.c.AnnotationConfigServletWebServerApplicationContext [requestId=] [path=] - Exception encountered during context initialization - cancelling refresh attempt: org.springframework.context.ApplicationContextException: Failed to start bean 'webServerStartStop'
2026-07-13 20:23:52.615 [restartedMain] INFO  o.s.o.j.LocalContainerEntityManagerFactoryBean [requestId=] [path=] - Closing JPA EntityManagerFactory for persistence unit 'default'
2026-07-13 20:23:52.620 [restartedMain] INFO  com.zaxxer.hikari.HikariDataSource [requestId=] [path=] - HikariPool-1 - Shutdown initiated...
2026-07-13 20:23:52.626 [restartedMain] INFO  com.zaxxer.hikari.HikariDataSource [requestId=] [path=] - HikariPool-1 - Shutdown completed.
2026-07-13 20:23:52.648 [restartedMain] INFO  o.s.b.a.l.ConditionEvaluationReportLogger [requestId=] [path=] - 

Error starting ApplicationContext. To display the condition evaluation report re-run your application with 'debug' enabled.
2026-07-13 20:23:52.679 [restartedMain] ERROR o.s.b.d.LoggingFailureAnalysisReporter [requestId=] [path=] - 

***************************
APPLICATION FAILED TO START
***************************

Description:

Web server failed to start. Port 8080 was already in use.

Action:

Identify and stop the process that's listening on port 8080 or configure this application to listen on another port.

2026-07-13 20:28:07.098 [background-preinit] INFO  o.h.validator.internal.util.Version [requestId=] [path=] - HV000001: Hibernate Validator 8.0.1.Final
2026-07-13 20:28:07.179 [restartedMain] INFO  org.main.RiotPractice [requestId=] [path=] - Starting RiotPractice using Java 23-valhalla with PID 41108 (D:\Games\RiotApiPractice\target\classes started by egors in D:\Games\RiotApiPractice)
2026-07-13 20:28:07.179 [restartedMain] DEBUG org.main.RiotPractice [requestId=] [path=] - Running with Spring Boot v3.3.3, Spring v6.1.12
2026-07-13 20:28:07.181 [restartedMain] INFO  org.main.RiotPractice [requestId=] [path=] - No active profile set, falling back to 1 default profile: "default"
2026-07-13 20:28:07.284 [restartedMain] INFO  o.s.b.d.e.DevToolsPropertyDefaultsPostProcessor [requestId=] [path=] - Devtools property defaults active! Set 'spring.devtools.add-properties' to 'false' to disable
2026-07-13 20:28:07.285 [restartedMain] INFO  o.s.b.d.e.DevToolsPropertyDefaultsPostProcessor [requestId=] [path=] - For additional web related logging consider setting the 'logging.level.web' property to 'DEBUG'
2026-07-13 20:28:10.166 [restartedMain] INFO  o.s.d.r.c.RepositoryConfigurationDelegate [requestId=] [path=] - Bootstrapping Spring Data JPA repositories in DEFAULT mode.
2026-07-13 20:28:10.409 [restartedMain] INFO  o.s.d.r.c.RepositoryConfigurationDelegate [requestId=] [path=] - Finished Spring Data repository scanning in 224 ms. Found 15 JPA repository interfaces.
2026-07-13 20:28:12.126 [restartedMain] INFO  o.s.b.w.e.tomcat.TomcatWebServer [requestId=] [path=] - Tomcat initialized with port 8080 (http)
2026-07-13 20:28:12.144 [restartedMain] INFO  o.a.coyote.http11.Http11NioProtocol [requestId=] [path=] - Initializing ProtocolHandler ["http-nio-8080"]
2026-07-13 20:28:12.152 [restartedMain] INFO  o.a.catalina.core.StandardService [requestId=] [path=] - Starting service [Tomcat]
2026-07-13 20:28:12.152 [restartedMain] INFO  o.a.catalina.core.StandardEngine [requestId=] [path=] - Starting Servlet engine: [Apache Tomcat/10.1.28]
2026-07-13 20:28:12.258 [restartedMain] INFO  o.a.c.c.C.[Tomcat].[localhost].[/] [requestId=] [path=] - Initializing Spring embedded WebApplicationContext
2026-07-13 20:28:12.258 [restartedMain] INFO  o.s.b.w.s.c.ServletWebServerApplicationContext [requestId=] [path=] - Root WebApplicationContext: initialization completed in 4971 ms
2026-07-13 20:28:12.939 [restartedMain] INFO  com.zaxxer.hikari.HikariDataSource [requestId=] [path=] - HikariPool-1 - Starting...
2026-07-13 20:28:13.220 [restartedMain] INFO  com.zaxxer.hikari.pool.HikariPool [requestId=] [path=] - HikariPool-1 - Added connection org.postgresql.jdbc.PgConnection@122d11d5
2026-07-13 20:28:13.222 [restartedMain] INFO  com.zaxxer.hikari.HikariDataSource [requestId=] [path=] - HikariPool-1 - Start completed.
2026-07-13 20:28:13.269 [restartedMain] INFO  org.flywaydb.core.FlywayExecutor [requestId=] [path=] - Database: jdbc:postgresql://localhost:5432/postgres (PostgreSQL 18.0)
2026-07-13 20:28:13.283 [restartedMain] WARN  o.f.c.i.database.base.Database [requestId=] [path=] - Flyway upgrade recommended: PostgreSQL 18.0 is newer than this version of Flyway and support has not been tested. The latest supported version of PostgreSQL is 16.
2026-07-13 20:28:13.344 [restartedMain] INFO  o.f.core.internal.command.DbValidate [requestId=] [path=] - Successfully validated 3 migrations (execution time 00:00.044s)
2026-07-13 20:28:13.521 [restartedMain] INFO  o.f.core.internal.command.DbMigrate [requestId=] [path=] - Current version of schema "app": 2
2026-07-13 20:28:13.527 [restartedMain] INFO  o.f.core.internal.command.DbMigrate [requestId=] [path=] - Schema "app" is up to date. No migration necessary.
2026-07-13 20:28:13.682 [restartedMain] INFO  o.h.jpa.internal.util.LogHelper [requestId=] [path=] - HHH000204: Processing PersistenceUnitInfo [name: default]
2026-07-13 20:28:13.830 [restartedMain] INFO  org.hibernate.Version [requestId=] [path=] - HHH000412: Hibernate ORM core version 6.5.2.Final
2026-07-13 20:28:13.900 [restartedMain] INFO  o.h.c.i.RegionFactoryInitiator [requestId=] [path=] - HHH000026: Second-level cache disabled
2026-07-13 20:28:14.526 [restartedMain] INFO  o.s.o.j.p.SpringPersistenceUnitInfo [requestId=] [path=] - No LoadTimeWeaver setup: ignoring JPA class transformer
2026-07-13 20:28:17.180 [restartedMain] INFO  o.h.e.t.j.p.i.JtaPlatformInitiator [requestId=] [path=] - HHH000489: No JTA platform available (set 'hibernate.transaction.jta.platform' to enable JTA platform integration)
2026-07-13 20:28:17.292 [restartedMain] INFO  o.s.o.j.LocalContainerEntityManagerFactoryBean [requestId=] [path=] - Initialized JPA EntityManagerFactory for persistence unit 'default'
2026-07-13 20:28:17.764 [restartedMain] INFO  o.s.d.j.r.query.QueryEnhancerFactory [requestId=] [path=] - Hibernate is in classpath; If applicable, HQL parser will be used.
2026-07-13 20:28:18.673 [restartedMain] DEBUG o.main.config.RequestLoggingFilter [requestId=] [path=] - Filter 'requestLoggingFilter' configured for use
2026-07-13 20:28:18.673 [restartedMain] DEBUG o.m.a.s.AppSessionAuthenticationFilter [requestId=] [path=] - Filter 'appSessionAuthenticationFilter' configured for use
2026-07-13 20:28:19.258 [restartedMain] INFO  org.main.client.RiotApiHttpClient [requestId=] [path=] - Riot API client initialized. Key prefix='RGAPI-3c***', startsWithRGAPI=true
2026-07-13 20:28:20.260 [restartedMain] INFO  o.s.b.a.w.s.WelcomePageHandlerMapping [requestId=] [path=] - Adding welcome page: class path resource [static/index.html]
2026-07-13 20:28:20.735 [restartedMain] INFO  o.s.b.a.e.web.EndpointLinksResolver [requestId=] [path=] - Exposing 1 endpoint beneath base path '/actuator'
2026-07-13 20:28:21.778 [restartedMain] INFO  o.s.b.d.a.OptionalLiveReloadServer [requestId=] [path=] - LiveReload server is running on port 35729
2026-07-13 20:28:21.866 [restartedMain] INFO  o.a.coyote.http11.Http11NioProtocol [requestId=] [path=] - Starting ProtocolHandler ["http-nio-8080"]
2026-07-13 20:28:21.897 [restartedMain] INFO  o.s.b.w.e.tomcat.TomcatWebServer [requestId=] [path=] - Tomcat started on port 8080 (http) with context path '/'
2026-07-13 20:28:21.919 [restartedMain] INFO  org.main.RiotPractice [requestId=] [path=] - Started RiotPractice in 15.819 seconds (process running for 17.6)
2026-07-13 20:28:21.931 [restartedMain] INFO  org.main.RiotPractice [requestId=] [path=] - RiotApiPractice application started successfully
2026-07-13 20:28:22.425 [RMI TCP Connection(4)-192.168.56.1] INFO  o.a.c.c.C.[Tomcat].[localhost].[/] [requestId=] [path=] - Initializing Spring DispatcherServlet 'dispatcherServlet'
2026-07-13 20:28:22.425 [RMI TCP Connection(4)-192.168.56.1] INFO  o.s.web.servlet.DispatcherServlet [requestId=] [path=] - Initializing Servlet 'dispatcherServlet'
2026-07-13 20:28:22.430 [RMI TCP Connection(4)-192.168.56.1] INFO  o.s.web.servlet.DispatcherServlet [requestId=] [path=] - Completed initialization in 5 ms
2026-07-13 20:31:31.533 [http-nio-8080-exec-1] WARN  o.m.handler.GlobalExceptionHandler [requestId=61647237-6ef3-4a45-a0b2-a948b2d7cd26] [path=/api/champions/51/builds] - Handled exception: errorId=b2ac8033-15f7-4801-b2a7-8c918e089987, code=BAD_REQUEST, path=/api/champions/51/builds, context={requestId=61647237-6ef3-4a45-a0b2-a948b2d7cd26, method=GET, query=queueId=420&role=TOP}, message=Required request parameter 'patch' for method parameter type String is not present
2026-07-13 20:31:31.546 [http-nio-8080-exec-1] WARN  o.s.w.s.m.m.a.ExceptionHandlerExceptionResolver [requestId=61647237-6ef3-4a45-a0b2-a948b2d7cd26] [path=/api/champions/51/builds] - Resolved [org.springframework.web.bind.MissingServletRequestParameterException: Required request parameter 'patch' for method parameter type String is not present]
2026-07-13 20:31:36.650 [http-nio-8080-exec-3] WARN  o.m.handler.GlobalExceptionHandler [requestId=90a940f8-de7b-4def-958d-e05d4d8ce033] [path=/api/champions/51/builds] - Handled exception: errorId=d15a838f-7572-4dc2-a1d4-3e0be8fc378e, code=BAD_REQUEST, path=/api/champions/51/builds, context={requestId=90a940f8-de7b-4def-958d-e05d4d8ce033, method=GET, query=queueId=420&role=MIDDLE}, message=Required request parameter 'patch' for method parameter type String is not present
2026-07-13 20:31:36.652 [http-nio-8080-exec-3] WARN  o.s.w.s.m.m.a.ExceptionHandlerExceptionResolver [requestId=90a940f8-de7b-4def-958d-e05d4d8ce033] [path=/api/champions/51/builds] - Resolved [org.springframework.web.bind.MissingServletRequestParameterException: Required request parameter 'patch' for method parameter type String is not present]
2026-07-13 20:31:37.398 [http-nio-8080-exec-4] WARN  o.m.handler.GlobalExceptionHandler [requestId=02967ea5-3c80-4c7a-b06a-5040ac0ece60] [path=/api/champions/51/builds] - Handled exception: errorId=c39990d1-4ed5-4c00-ab8f-60cf386e8c85, code=BAD_REQUEST, path=/api/champions/51/builds, context={requestId=02967ea5-3c80-4c7a-b06a-5040ac0ece60, method=GET, query=queueId=420&role=BOTTOM}, message=Required request parameter 'patch' for method parameter type String is not present
2026-07-13 20:31:37.400 [http-nio-8080-exec-4] WARN  o.s.w.s.m.m.a.ExceptionHandlerExceptionResolver [requestId=02967ea5-3c80-4c7a-b06a-5040ac0ece60] [path=/api/champions/51/builds] - Resolved [org.springframework.web.bind.MissingServletRequestParameterException: Required request parameter 'patch' for method parameter type String is not present]
2026-07-13 20:31:37.664 [http-nio-8080-exec-5] WARN  o.m.handler.GlobalExceptionHandler [requestId=a3339414-1e4a-4924-8b4e-2e2a7261ddfc] [path=/api/champions/51/builds] - Handled exception: errorId=1b70e284-265d-4e86-be96-3fe14b50b561, code=BAD_REQUEST, path=/api/champions/51/builds, context={requestId=a3339414-1e4a-4924-8b4e-2e2a7261ddfc, method=GET, query=queueId=420&role=JUNGLE}, message=Required request parameter 'patch' for method parameter type String is not present
2026-07-13 20:31:37.665 [http-nio-8080-exec-5] WARN  o.s.w.s.m.m.a.ExceptionHandlerExceptionResolver [requestId=a3339414-1e4a-4924-8b4e-2e2a7261ddfc] [path=/api/champions/51/builds] - Resolved [org.springframework.web.bind.MissingServletRequestParameterException: Required request parameter 'patch' for method parameter type String is not present]
2026-07-13 20:31:39.147 [http-nio-8080-exec-7] WARN  o.m.handler.GlobalExceptionHandler [requestId=85dc3611-8311-45b1-9ad0-c636bcb0a4c6] [path=/api/champions/51/builds] - Handled exception: errorId=d1d91010-337e-44da-b296-ac281ad5efda, code=BAD_REQUEST, path=/api/champions/51/builds, context={requestId=85dc3611-8311-45b1-9ad0-c636bcb0a4c6, method=GET, query=queueId=420&role=JUNGLE}, message=Required request parameter 'patch' for method parameter type String is not present
2026-07-13 20:31:39.150 [http-nio-8080-exec-7] WARN  o.s.w.s.m.m.a.ExceptionHandlerExceptionResolver [requestId=85dc3611-8311-45b1-9ad0-c636bcb0a4c6] [path=/api/champions/51/builds] - Resolved [org.springframework.web.bind.MissingServletRequestParameterException: Required request parameter 'patch' for method parameter type String is not present]
2026-07-13 20:31:45.675 [http-nio-8080-exec-10] WARN  o.m.handler.GlobalExceptionHandler [requestId=c0846b0a-ac5c-45b6-bdce-be8bae721b73] [path=/api/champions/157/builds] - Handled exception: errorId=a0068a70-8097-402c-9923-3ede96d3b44d, code=BAD_REQUEST, path=/api/champions/157/builds, context={requestId=c0846b0a-ac5c-45b6-bdce-be8bae721b73, method=GET, query=queueId=420&role=TOP}, message=Required request parameter 'patch' for method parameter type String is not present
2026-07-13 20:31:45.677 [http-nio-8080-exec-10] WARN  o.s.w.s.m.m.a.ExceptionHandlerExceptionResolver [requestId=c0846b0a-ac5c-45b6-bdce-be8bae721b73] [path=/api/champions/157/builds] - Resolved [org.springframework.web.bind.MissingServletRequestParameterException: Required request parameter 'patch' for method parameter type String is not present]
2026-07-13 20:31:54.408 [http-nio-8080-exec-2] WARN  o.m.handler.GlobalExceptionHandler [requestId=13b7d98c-0042-47ec-86ec-c64112f6d600] [path=/api/champions/157/builds] - Handled exception: errorId=70f653be-ed77-4f24-bfc9-04789683a72e, code=BAD_REQUEST, path=/api/champions/157/builds, context={requestId=13b7d98c-0042-47ec-86ec-c64112f6d600, method=GET, query=queueId=420&role=UTILITY}, message=Required request parameter 'patch' for method parameter type String is not present
2026-07-13 20:31:54.409 [http-nio-8080-exec-2] WARN  o.s.w.s.m.m.a.ExceptionHandlerExceptionResolver [requestId=13b7d98c-0042-47ec-86ec-c64112f6d600] [path=/api/champions/157/builds] - Resolved [org.springframework.web.bind.MissingServletRequestParameterException: Required request parameter 'patch' for method parameter type String is not present]
2026-07-13 20:31:55.584 [http-nio-8080-exec-3] WARN  o.m.handler.GlobalExceptionHandler [requestId=01c0b54f-b25d-4d6a-8c27-04fb63ca6e21] [path=/api/champions/157/builds] - Handled exception: errorId=14ca1d33-1b94-4b39-939d-97e495764df5, code=BAD_REQUEST, path=/api/champions/157/builds, context={requestId=01c0b54f-b25d-4d6a-8c27-04fb63ca6e21, method=GET, query=queueId=420&role=BOTTOM}, message=Required request parameter 'patch' for method parameter type String is not present
2026-07-13 20:31:55.586 [http-nio-8080-exec-3] WARN  o.s.w.s.m.m.a.ExceptionHandlerExceptionResolver [requestId=01c0b54f-b25d-4d6a-8c27-04fb63ca6e21] [path=/api/champions/157/builds] - Resolved [org.springframework.web.bind.MissingServletRequestParameterException: Required request parameter 'patch' for method parameter type String is not present]
2026-07-13 20:59:37.940 [background-preinit] INFO  o.h.validator.internal.util.Version [requestId=] [path=] - HV000001: Hibernate Validator 8.0.1.Final
2026-07-13 20:59:38.004 [restartedMain] INFO  org.main.RiotPractice [requestId=] [path=] - Starting RiotPractice using Java 23-valhalla with PID 32424 (D:\Games\RiotApiPractice\target\classes started by egors in D:\Games\RiotApiPractice)
2026-07-13 20:59:38.005 [restartedMain] DEBUG org.main.RiotPractice [requestId=] [path=] - Running with Spring Boot v3.3.3, Spring v6.1.12
2026-07-13 20:59:38.006 [restartedMain] INFO  org.main.RiotPractice [requestId=] [path=] - No active profile set, falling back to 1 default profile: "default"
2026-07-13 20:59:38.074 [restartedMain] INFO  o.s.b.d.e.DevToolsPropertyDefaultsPostProcessor [requestId=] [path=] - Devtools property defaults active! Set 'spring.devtools.add-properties' to 'false' to disable
2026-07-13 20:59:38.074 [restartedMain] INFO  o.s.b.d.e.DevToolsPropertyDefaultsPostProcessor [requestId=] [path=] - For additional web related logging consider setting the 'logging.level.web' property to 'DEBUG'
2026-07-13 20:59:40.868 [restartedMain] INFO  o.s.d.r.c.RepositoryConfigurationDelegate [requestId=] [path=] - Bootstrapping Spring Data JPA repositories in DEFAULT mode.
2026-07-13 20:59:41.074 [restartedMain] INFO  o.s.d.r.c.RepositoryConfigurationDelegate [requestId=] [path=] - Finished Spring Data repository scanning in 186 ms. Found 15 JPA repository interfaces.
2026-07-13 20:59:42.851 [restartedMain] INFO  o.s.b.w.e.tomcat.TomcatWebServer [requestId=] [path=] - Tomcat initialized with port 8080 (http)
2026-07-13 20:59:42.876 [restartedMain] INFO  o.a.coyote.http11.Http11NioProtocol [requestId=] [path=] - Initializing ProtocolHandler ["http-nio-8080"]
2026-07-13 20:59:42.882 [restartedMain] INFO  o.a.catalina.core.StandardService [requestId=] [path=] - Starting service [Tomcat]
2026-07-13 20:59:42.882 [restartedMain] INFO  o.a.catalina.core.StandardEngine [requestId=] [path=] - Starting Servlet engine: [Apache Tomcat/10.1.28]
2026-07-13 20:59:42.987 [restartedMain] INFO  o.a.c.c.C.[Tomcat].[localhost].[/] [requestId=] [path=] - Initializing Spring embedded WebApplicationContext
2026-07-13 20:59:42.989 [restartedMain] INFO  o.s.b.w.s.c.ServletWebServerApplicationContext [requestId=] [path=] - Root WebApplicationContext: initialization completed in 4913 ms
2026-07-13 20:59:43.774 [restartedMain] INFO  com.zaxxer.hikari.HikariDataSource [requestId=] [path=] - HikariPool-1 - Starting...
2026-07-13 20:59:44.208 [restartedMain] INFO  com.zaxxer.hikari.pool.HikariPool [requestId=] [path=] - HikariPool-1 - Added connection org.postgresql.jdbc.PgConnection@261bd768
2026-07-13 20:59:44.212 [restartedMain] INFO  com.zaxxer.hikari.HikariDataSource [requestId=] [path=] - HikariPool-1 - Start completed.
2026-07-13 20:59:44.262 [restartedMain] INFO  org.flywaydb.core.FlywayExecutor [requestId=] [path=] - Database: jdbc:postgresql://localhost:5432/postgres (PostgreSQL 18.0)
2026-07-13 20:59:44.274 [restartedMain] WARN  o.f.c.i.database.base.Database [requestId=] [path=] - Flyway upgrade recommended: PostgreSQL 18.0 is newer than this version of Flyway and support has not been tested. The latest supported version of PostgreSQL is 16.
2026-07-13 20:59:44.389 [restartedMain] INFO  o.f.core.internal.command.DbValidate [requestId=] [path=] - Successfully validated 3 migrations (execution time 00:00.075s)
2026-07-13 20:59:44.520 [restartedMain] INFO  o.f.core.internal.command.DbMigrate [requestId=] [path=] - Current version of schema "app": 2
2026-07-13 20:59:44.527 [restartedMain] INFO  o.f.core.internal.command.DbMigrate [requestId=] [path=] - Schema "app" is up to date. No migration necessary.
2026-07-13 20:59:44.728 [restartedMain] INFO  o.h.jpa.internal.util.LogHelper [requestId=] [path=] - HHH000204: Processing PersistenceUnitInfo [name: default]
2026-07-13 20:59:44.975 [restartedMain] INFO  org.hibernate.Version [requestId=] [path=] - HHH000412: Hibernate ORM core version 6.5.2.Final
2026-07-13 20:59:45.069 [restartedMain] INFO  o.h.c.i.RegionFactoryInitiator [requestId=] [path=] - HHH000026: Second-level cache disabled
2026-07-13 20:59:45.685 [restartedMain] INFO  o.s.o.j.p.SpringPersistenceUnitInfo [requestId=] [path=] - No LoadTimeWeaver setup: ignoring JPA class transformer
2026-07-13 20:59:47.766 [restartedMain] INFO  o.h.e.t.j.p.i.JtaPlatformInitiator [requestId=] [path=] - HHH000489: No JTA platform available (set 'hibernate.transaction.jta.platform' to enable JTA platform integration)
2026-07-13 20:59:47.890 [restartedMain] INFO  o.s.o.j.LocalContainerEntityManagerFactoryBean [requestId=] [path=] - Initialized JPA EntityManagerFactory for persistence unit 'default'
2026-07-13 20:59:48.251 [restartedMain] INFO  o.s.d.j.r.query.QueryEnhancerFactory [requestId=] [path=] - Hibernate is in classpath; If applicable, HQL parser will be used.
2026-07-13 20:59:49.028 [restartedMain] DEBUG o.main.config.RequestLoggingFilter [requestId=] [path=] - Filter 'requestLoggingFilter' configured for use
2026-07-13 20:59:49.028 [restartedMain] DEBUG o.m.a.s.AppSessionAuthenticationFilter [requestId=] [path=] - Filter 'appSessionAuthenticationFilter' configured for use
2026-07-13 20:59:49.558 [restartedMain] INFO  org.main.client.RiotApiHttpClient [requestId=] [path=] - Riot API client initialized. Key prefix='RGAPI-3c***', startsWithRGAPI=true
2026-07-13 20:59:50.448 [restartedMain] INFO  o.s.b.a.w.s.WelcomePageHandlerMapping [requestId=] [path=] - Adding welcome page: class path resource [static/index.html]
2026-07-13 20:59:50.935 [restartedMain] INFO  o.s.b.a.e.web.EndpointLinksResolver [requestId=] [path=] - Exposing 1 endpoint beneath base path '/actuator'
2026-07-13 20:59:52.048 [restartedMain] INFO  o.s.b.d.a.OptionalLiveReloadServer [requestId=] [path=] - LiveReload server is running on port 35729
2026-07-13 20:59:52.150 [restartedMain] INFO  o.a.coyote.http11.Http11NioProtocol [requestId=] [path=] - Starting ProtocolHandler ["http-nio-8080"]
2026-07-13 20:59:52.180 [restartedMain] INFO  o.s.b.w.e.tomcat.TomcatWebServer [requestId=] [path=] - Tomcat started on port 8080 (http) with context path '/'
2026-07-13 20:59:52.201 [restartedMain] INFO  org.main.RiotPractice [requestId=] [path=] - Started RiotPractice in 15.02 seconds (process running for 23.191)
2026-07-13 20:59:52.215 [restartedMain] INFO  org.main.RiotPractice [requestId=] [path=] - RiotApiPractice application started successfully
2026-07-13 20:59:52.810 [RMI TCP Connection(1)-192.168.56.1] INFO  o.a.c.c.C.[Tomcat].[localhost].[/] [requestId=] [path=] - Initializing Spring DispatcherServlet 'dispatcherServlet'
2026-07-13 20:59:52.811 [RMI TCP Connection(1)-192.168.56.1] INFO  o.s.web.servlet.DispatcherServlet [requestId=] [path=] - Initializing Servlet 'dispatcherServlet'
2026-07-13 20:59:52.815 [RMI TCP Connection(1)-192.168.56.1] INFO  o.s.web.servlet.DispatcherServlet [requestId=] [path=] - Completed initialization in 4 ms
2026-07-13 21:00:51.452 [http-nio-8080-exec-3] WARN  o.m.handler.GlobalExceptionHandler [requestId=eaab0d6e-b08d-4e8e-860c-6241bab650df] [path=/api/champions/875/builds] - Handled exception: errorId=104e1af1-d930-4c74-974d-6a2160d1545d, code=BAD_REQUEST, path=/api/champions/875/builds, context={requestId=eaab0d6e-b08d-4e8e-860c-6241bab650df, method=GET, query=queueId=420&role=TOP}, message=Required request parameter 'patch' for method parameter type String is not present
2026-07-13 21:00:51.462 [http-nio-8080-exec-3] WARN  o.s.w.s.m.m.a.ExceptionHandlerExceptionResolver [requestId=eaab0d6e-b08d-4e8e-860c-6241bab650df] [path=/api/champions/875/builds] - Resolved [org.springframework.web.bind.MissingServletRequestParameterException: Required request parameter 'patch' for method parameter type String is not present]
2026-07-13 21:01:13.517 [http-nio-8080-exec-10] WARN  o.m.handler.GlobalExceptionHandler [requestId=fc12c87b-9269-4eba-be9d-135026ffd22b] [path=/api/champions/875/builds] - Handled exception: errorId=3e16d961-04e6-4bac-8634-ed3db52b1873, code=BAD_REQUEST, path=/api/champions/875/builds, context={requestId=fc12c87b-9269-4eba-be9d-135026ffd22b, method=GET, query=queueId=420&role=TOP}, message=Required request parameter 'patch' for method parameter type String is not present
2026-07-13 21:01:13.519 [http-nio-8080-exec-10] WARN  o.s.w.s.m.m.a.ExceptionHandlerExceptionResolver [requestId=fc12c87b-9269-4eba-be9d-135026ffd22b] [path=/api/champions/875/builds] - Resolved [org.springframework.web.bind.MissingServletRequestParameterException: Required request parameter 'patch' for method parameter type String is not present]
2026-07-13 21:02:13.358 [SpringApplicationShutdownHook] INFO  o.s.o.j.LocalContainerEntityManagerFactoryBean [requestId=] [path=] - Closing JPA EntityManagerFactory for persistence unit 'default'
2026-07-13 21:02:13.365 [SpringApplicationShutdownHook] INFO  com.zaxxer.hikari.HikariDataSource [requestId=] [path=] - HikariPool-1 - Shutdown initiated...
2026-07-13 21:02:13.377 [SpringApplicationShutdownHook] INFO  com.zaxxer.hikari.HikariDataSource [requestId=] [path=] - HikariPool-1 - Shutdown completed.
2026-07-13 21:04:35.427 [background-preinit] INFO  o.h.validator.internal.util.Version [requestId=] [path=] - HV000001: Hibernate Validator 8.0.1.Final
2026-07-13 21:04:35.520 [restartedMain] INFO  org.main.RiotPractice [requestId=] [path=] - Starting RiotPractice using Java 23.0.2 with PID 25132 (D:\Games\RiotApiPractice\target\classes started by egors in D:\Games\RiotApiPractice)
2026-07-13 21:04:35.521 [restartedMain] DEBUG org.main.RiotPractice [requestId=] [path=] - Running with Spring Boot v3.3.3, Spring v6.1.12
2026-07-13 21:04:35.522 [restartedMain] INFO  org.main.RiotPractice [requestId=] [path=] - No active profile set, falling back to 1 default profile: "default"
2026-07-13 21:04:35.603 [restartedMain] INFO  o.s.b.d.e.DevToolsPropertyDefaultsPostProcessor [requestId=] [path=] - Devtools property defaults active! Set 'spring.devtools.add-properties' to 'false' to disable
2026-07-13 21:04:35.603 [restartedMain] INFO  o.s.b.d.e.DevToolsPropertyDefaultsPostProcessor [requestId=] [path=] - For additional web related logging consider setting the 'logging.level.web' property to 'DEBUG'
2026-07-13 21:04:37.895 [restartedMain] INFO  o.s.d.r.c.RepositoryConfigurationDelegate [requestId=] [path=] - Bootstrapping Spring Data JPA repositories in DEFAULT mode.
2026-07-13 21:04:38.126 [restartedMain] INFO  o.s.d.r.c.RepositoryConfigurationDelegate [requestId=] [path=] - Finished Spring Data repository scanning in 212 ms. Found 15 JPA repository interfaces.
2026-07-13 21:04:40.042 [restartedMain] INFO  o.s.b.w.e.tomcat.TomcatWebServer [requestId=] [path=] - Tomcat initialized with port 8080 (http)
2026-07-13 21:04:40.065 [restartedMain] INFO  o.a.coyote.http11.Http11NioProtocol [requestId=] [path=] - Initializing ProtocolHandler ["http-nio-8080"]
2026-07-13 21:04:40.073 [restartedMain] INFO  o.a.catalina.core.StandardService [requestId=] [path=] - Starting service [Tomcat]
2026-07-13 21:04:40.074 [restartedMain] INFO  o.a.catalina.core.StandardEngine [requestId=] [path=] - Starting Servlet engine: [Apache Tomcat/10.1.28]
2026-07-13 21:04:40.160 [restartedMain] INFO  o.a.c.c.C.[Tomcat].[localhost].[/] [requestId=] [path=] - Initializing Spring embedded WebApplicationContext
2026-07-13 21:04:40.160 [restartedMain] INFO  o.s.b.w.s.c.ServletWebServerApplicationContext [requestId=] [path=] - Root WebApplicationContext: initialization completed in 4556 ms
2026-07-13 21:04:41.180 [restartedMain] INFO  com.zaxxer.hikari.HikariDataSource [requestId=] [path=] - HikariPool-1 - Starting...
2026-07-13 21:04:41.551 [restartedMain] INFO  com.zaxxer.hikari.pool.HikariPool [requestId=] [path=] - HikariPool-1 - Added connection org.postgresql.jdbc.PgConnection@545cde89
2026-07-13 21:04:41.554 [restartedMain] INFO  com.zaxxer.hikari.HikariDataSource [requestId=] [path=] - HikariPool-1 - Start completed.
2026-07-13 21:04:41.601 [restartedMain] INFO  org.flywaydb.core.FlywayExecutor [requestId=] [path=] - Database: jdbc:postgresql://localhost:5432/postgres (PostgreSQL 18.0)
2026-07-13 21:04:41.614 [restartedMain] WARN  o.f.c.i.database.base.Database [requestId=] [path=] - Flyway upgrade recommended: PostgreSQL 18.0 is newer than this version of Flyway and support has not been tested. The latest supported version of PostgreSQL is 16.
2026-07-13 21:04:41.681 [restartedMain] INFO  o.f.core.internal.command.DbValidate [requestId=] [path=] - Successfully validated 3 migrations (execution time 00:00.049s)
2026-07-13 21:04:41.752 [restartedMain] INFO  o.f.core.internal.command.DbMigrate [requestId=] [path=] - Current version of schema "app": 2
2026-07-13 21:04:41.758 [restartedMain] INFO  o.f.core.internal.command.DbMigrate [requestId=] [path=] - Schema "app" is up to date. No migration necessary.
2026-07-13 21:04:41.980 [restartedMain] INFO  o.h.jpa.internal.util.LogHelper [requestId=] [path=] - HHH000204: Processing PersistenceUnitInfo [name: default]
2026-07-13 21:04:42.129 [restartedMain] INFO  org.hibernate.Version [requestId=] [path=] - HHH000412: Hibernate ORM core version 6.5.2.Final
2026-07-13 21:04:42.213 [restartedMain] INFO  o.h.c.i.RegionFactoryInitiator [requestId=] [path=] - HHH000026: Second-level cache disabled
2026-07-13 21:04:42.875 [restartedMain] INFO  o.s.o.j.p.SpringPersistenceUnitInfo [requestId=] [path=] - No LoadTimeWeaver setup: ignoring JPA class transformer
2026-07-13 21:04:45.208 [restartedMain] INFO  o.h.e.t.j.p.i.JtaPlatformInitiator [requestId=] [path=] - HHH000489: No JTA platform available (set 'hibernate.transaction.jta.platform' to enable JTA platform integration)
2026-07-13 21:04:45.330 [restartedMain] INFO  o.s.o.j.LocalContainerEntityManagerFactoryBean [requestId=] [path=] - Initialized JPA EntityManagerFactory for persistence unit 'default'
2026-07-13 21:04:45.812 [restartedMain] INFO  o.s.d.j.r.query.QueryEnhancerFactory [requestId=] [path=] - Hibernate is in classpath; If applicable, HQL parser will be used.
2026-07-13 21:04:46.814 [restartedMain] DEBUG o.main.config.RequestLoggingFilter [requestId=] [path=] - Filter 'requestLoggingFilter' configured for use
2026-07-13 21:04:46.816 [restartedMain] DEBUG o.m.a.s.AppSessionAuthenticationFilter [requestId=] [path=] - Filter 'appSessionAuthenticationFilter' configured for use
2026-07-13 21:04:47.450 [restartedMain] INFO  org.main.client.RiotApiHttpClient [requestId=] [path=] - Riot API client initialized. Key prefix='RGAPI-cb***', startsWithRGAPI=true
2026-07-13 21:04:48.673 [restartedMain] INFO  o.s.b.a.w.s.WelcomePageHandlerMapping [requestId=] [path=] - Adding welcome page: class path resource [static/index.html]
2026-07-13 21:04:49.203 [restartedMain] INFO  o.s.b.a.e.web.EndpointLinksResolver [requestId=] [path=] - Exposing 1 endpoint beneath base path '/actuator'
2026-07-13 21:04:50.468 [restartedMain] INFO  o.s.b.d.a.OptionalLiveReloadServer [requestId=] [path=] - LiveReload server is running on port 35729
2026-07-13 21:04:50.629 [restartedMain] INFO  o.a.coyote.http11.Http11NioProtocol [requestId=] [path=] - Starting ProtocolHandler ["http-nio-8080"]
2026-07-13 21:04:50.677 [restartedMain] INFO  o.s.b.w.e.tomcat.TomcatWebServer [requestId=] [path=] - Tomcat started on port 8080 (http) with context path '/'
2026-07-13 21:04:50.704 [restartedMain] INFO  org.main.RiotPractice [requestId=] [path=] - Started RiotPractice in 16.093 seconds (process running for 17.246)
2026-07-13 21:04:50.917 [restartedMain] INFO  org.main.RiotPractice [requestId=] [path=] - RiotApiPractice application started successfully
2026-07-13 21:07:10.925 [http-nio-8080-exec-1] INFO  o.a.c.c.C.[Tomcat].[localhost].[/] [requestId=] [path=] - Initializing Spring DispatcherServlet 'dispatcherServlet'
2026-07-13 21:07:10.926 [http-nio-8080-exec-1] INFO  o.s.web.servlet.DispatcherServlet [requestId=] [path=] - Initializing Servlet 'dispatcherServlet'
2026-07-13 21:07:10.931 [http-nio-8080-exec-1] INFO  o.s.web.servlet.DispatcherServlet [requestId=] [path=] - Completed initialization in 5 ms
2026-07-13 21:07:11.292 [http-nio-8080-exec-2] INFO  o.main.controller.CrawlerController [requestId=c5b84cac-1a29-42b4-9f18-61df0550f8ca] [path=/api/crawl/euw/latest-player] - Received crawlLatestPlayer request: limit=20
2026-07-13 21:07:11.564 [http-nio-8080-exec-2] INFO  org.main.service.CrawlerServiceImpl [requestId=c5b84cac-1a29-42b4-9f18-61df0550f8ca] [path=/api/crawl/euw/latest-player] - Starting crawlLatestPlayerEUW: puuid='D2Qk3WOFCa7dYoY3uB0dpCGiMVQ3COwIH1d5VygT8gumdsK5gxVrGZujCDl5db4gaUh7W47PJw31Cw', gameName='Geddoblaster', tagLine='EUW', requestedLimit=20, effectiveLimit=20
2026-07-13 21:07:11.564 [http-nio-8080-exec-2] INFO  org.main.service.CrawlerServiceImpl [requestId=c5b84cac-1a29-42b4-9f18-61df0550f8ca] [path=/api/crawl/euw/latest-player] - Starting crawlPuuidEUW: puuid='D2Qk3WOFCa7dYoY3uB0dpCGiMVQ3COwIH1d5VygT8gumdsK5gxVrGZujCDl5db4gaUh7W47PJw31Cw', requestedLimit=20, effectiveLimit=20
2026-07-13 21:07:11.565 [http-nio-8080-exec-2] DEBUG org.main.service.CrawlerServiceImpl [requestId=c5b84cac-1a29-42b4-9f18-61df0550f8ca] [path=/api/crawl/euw/latest-player] - Requesting match id page: puuid='D2Qk3WOFCa7dYoY3uB0dpCGiMVQ3COwIH1d5VygT8gumdsK5gxVrGZujCDl5db4gaUh7W47PJw31Cw', start=0, count=20
2026-07-13 21:07:11.570 [http-nio-8080-exec-2] DEBUG org.main.client.RiotApiHttpClient [requestId=c5b84cac-1a29-42b4-9f18-61df0550f8ca] [path=/api/crawl/euw/latest-player] - Calling Riot match ids endpoint: puuid='D2Qk3WOFCa7dYoY3uB0dpCGiMVQ3COwIH1d5VygT8gumdsK5gxVrGZujCDl5db4gaUh7W47PJw31Cw', start=0, count=20
2026-07-13 21:07:12.711 [http-nio-8080-exec-2] ERROR org.main.client.RiotApiHttpClient [requestId=c5b84cac-1a29-42b4-9f18-61df0550f8ca] [path=/api/crawl/euw/latest-player] - External HTTP call failed: url='https://europe.api.riotgames.com/lol/match/v5/matches/by-puuid/D2Qk3WOFCa7dYoY3uB0dpCGiMVQ3COwIH1d5VygT8gumdsK5gxVrGZujCDl5db4gaUh7W47PJw31Cw/ids?start=0&count=20', status=401 UNAUTHORIZED, responseBody='{"status":{"message":"Unknown apikey","status_code":401}}'
org.springframework.web.client.HttpClientErrorException$Unauthorized: 401 Unauthorized: "{"status":{"message":"Unknown apikey","status_code":401}}"
	at org.springframework.web.client.HttpClientErrorException.create(HttpClientErrorException.java:106)
	at org.springframework.web.client.DefaultResponseErrorHandler.handleError(DefaultResponseErrorHandler.java:183)
	at org.springframework.web.client.DefaultResponseErrorHandler.handleError(DefaultResponseErrorHandler.java:137)
	at org.springframework.web.client.ResponseErrorHandler.handleError(ResponseErrorHandler.java:63)
	at org.springframework.web.client.RestTemplate.handleResponse(RestTemplate.java:942)
	at org.springframework.web.client.RestTemplate.doExecute(RestTemplate.java:891)
	at org.springframework.web.client.RestTemplate.execute(RestTemplate.java:790)
	at org.springframework.web.client.RestTemplate.exchange(RestTemplate.java:672)
	at org.main.client.RiotApiHttpClient.exchange(RiotApiHttpClient.java:149)
	at org.main.client.RiotApiHttpClient.getMatchIdsByPuuidEurope(RiotApiHttpClient.java:83)
	at org.main.service.CrawlerServiceImpl.fetchMatchIds(CrawlerServiceImpl.java:191)
	at org.main.service.CrawlerServiceImpl.crawlPuuidEUW(CrawlerServiceImpl.java:73)
	at org.main.service.CrawlerServiceImpl.crawlLatestPlayerEUW(CrawlerServiceImpl.java:281)
	at org.main.controller.CrawlerController.crawlLatestPlayer(CrawlerController.java:81)
	at java.base/jdk.internal.reflect.DirectMethodHandleAccessor.invoke(DirectMethodHandleAccessor.java:103)
	at java.base/java.lang.reflect.Method.invoke(Method.java:580)
	at org.springframework.web.method.support.InvocableHandlerMethod.doInvoke(InvocableHandlerMethod.java:255)
	at org.springframework.web.method.support.InvocableHandlerMethod.invokeForRequest(InvocableHandlerMethod.java:188)
	at org.springframework.web.servlet.mvc.method.annotation.ServletInvocableHandlerMethod.invokeAndHandle(ServletInvocableHandlerMethod.java:118)
	at org.springframework.web.servlet.mvc.method.annotation.RequestMappingHandlerAdapter.invokeHandlerMethod(RequestMappingHandlerAdapter.java:926)
	at org.springframework.web.servlet.mvc.method.annotation.RequestMappingHandlerAdapter.handleInternal(RequestMappingHandlerAdapter.java:831)
	at org.springframework.web.servlet.mvc.method.AbstractHandlerMethodAdapter.handle(AbstractHandlerMethodAdapter.java:87)
	at org.springframework.web.servlet.DispatcherServlet.doDispatch(DispatcherServlet.java:1089)
	at org.springframework.web.servlet.DispatcherServlet.doService(DispatcherServlet.java:979)
	at org.springframework.web.servlet.FrameworkServlet.processRequest(FrameworkServlet.java:1014)
	at org.springframework.web.servlet.FrameworkServlet.doPost(FrameworkServlet.java:914)
	at jakarta.servlet.http.HttpServlet.service(HttpServlet.java:590)
	at org.springframework.web.servlet.FrameworkServlet.service(FrameworkServlet.java:885)
	at jakarta.servlet.http.HttpServlet.service(HttpServlet.java:658)
	at org.apache.catalina.core.ApplicationFilterChain.internalDoFilter(ApplicationFilterChain.java:195)
	at org.apache.catalina.core.ApplicationFilterChain.doFilter(ApplicationFilterChain.java:140)
	at org.apache.tomcat.websocket.server.WsFilter.doFilter(WsFilter.java:51)
	at org.apache.catalina.core.ApplicationFilterChain.internalDoFilter(ApplicationFilterChain.java:164)
	at org.apache.catalina.core.ApplicationFilterChain.doFilter(ApplicationFilterChain.java:140)
	at org.main.config.RequestLoggingFilter.doFilterInternal(RequestLoggingFilter.java:32)
	at org.springframework.web.filter.OncePerRequestFilter.doFilter(OncePerRequestFilter.java:116)
	at org.apache.catalina.core.ApplicationFilterChain.internalDoFilter(ApplicationFilterChain.java:164)
	at org.apache.catalina.core.ApplicationFilterChain.doFilter(ApplicationFilterChain.java:140)
	at org.springframework.web.filter.OncePerRequestFilter.doFilter(OncePerRequestFilter.java:110)
	at org.apache.catalina.core.ApplicationFilterChain.internalDoFilter(ApplicationFilterChain.java:164)
	at org.apache.catalina.core.ApplicationFilterChain.doFilter(ApplicationFilterChain.java:140)
	at org.springframework.web.filter.CompositeFilter$VirtualFilterChain.doFilter(CompositeFilter.java:108)
	at org.springframework.security.web.FilterChainProxy.lambda$doFilterInternal$3(FilterChainProxy.java:231)
	at org.springframework.security.web.ObservationFilterChainDecorator$FilterObservation$SimpleFilterObservation.lambda$wrap$1(ObservationFilterChainDecorator.java:479)
	at org.springframework.security.web.ObservationFilterChainDecorator$AroundFilterObservation$SimpleAroundFilterObservation.lambda$wrap$1(ObservationFilterChainDecorator.java:340)
	at org.springframework.security.web.ObservationFilterChainDecorator.lambda$wrapSecured$0(ObservationFilterChainDecorator.java:82)
	at org.springframework.security.web.ObservationFilterChainDecorator$VirtualFilterChain.doFilter(ObservationFilterChainDecorator.java:128)
	at org.springframework.security.web.access.intercept.AuthorizationFilter.doFilter(AuthorizationFilter.java:100)
	at org.springframework.security.web.ObservationFilterChainDecorator$ObservationFilter.wrapFilter(ObservationFilterChainDecorator.java:240)
	at org.springframework.security.web.ObservationFilterChainDecorator$ObservationFilter.doFilter(ObservationFilterChainDecorator.java:227)
	at org.springframework.security.web.ObservationFilterChainDecorator$VirtualFilterChain.doFilter(ObservationFilterChainDecorator.java:137)
	at org.springframework.security.web.access.ExceptionTranslationFilter.doFilter(ExceptionTranslationFilter.java:126)
	at org.springframework.security.web.access.ExceptionTranslationFilter.doFilter(ExceptionTranslationFilter.java:120)
	at org.springframework.security.web.ObservationFilterChainDecorator$ObservationFilter.wrapFilter(ObservationFilterChainDecorator.java:240)
	at org.springframework.security.web.ObservationFilterChainDecorator$ObservationFilter.doFilter(ObservationFilterChainDecorator.java:227)
	at org.springframework.security.web.ObservationFilterChainDecorator$VirtualFilterChain.doFilter(ObservationFilterChainDecorator.java:137)
	at org.springframework.security.web.authentication.AnonymousAuthenticationFilter.doFilter(AnonymousAuthenticationFilter.java:100)
	at org.springframework.security.web.ObservationFilterChainDecorator$ObservationFilter.wrapFilter(ObservationFilterChainDecorator.java:240)
	at org.springframework.security.web.ObservationFilterChainDecorator$ObservationFilter.doFilter(ObservationFilterChainDecorator.java:227)
	at org.springframework.security.web.ObservationFilterChainDecorator$VirtualFilterChain.doFilter(ObservationFilterChainDecorator.java:137)
	at org.main.account.security.AppSessionAuthenticationFilter.doFilterInternal(AppSessionAuthenticationFilter.java:52)
	at org.springframework.web.filter.OncePerRequestFilter.doFilter(OncePerRequestFilter.java:116)
	at org.springframework.security.web.ObservationFilterChainDecorator$ObservationFilter.wrapFilter(ObservationFilterChainDecorator.java:240)
	at org.springframework.security.web.ObservationFilterChainDecorator$ObservationFilter.doFilter(ObservationFilterChainDecorator.java:227)
	at org.springframework.security.web.ObservationFilterChainDecorator$VirtualFilterChain.doFilter(ObservationFilterChainDecorator.java:137)
	at org.springframework.security.web.servletapi.SecurityContextHolderAwareRequestFilter.doFilter(SecurityContextHolderAwareRequestFilter.java:179)
	at org.springframework.security.web.ObservationFilterChainDecorator$ObservationFilter.wrapFilter(ObservationFilterChainDecorator.java:240)
	at org.springframework.security.web.ObservationFilterChainDecorator$ObservationFilter.doFilter(ObservationFilterChainDecorator.java:227)
	at org.springframework.security.web.ObservationFilterChainDecorator$VirtualFilterChain.doFilter(ObservationFilterChainDecorator.java:137)
	at org.springframework.security.web.savedrequest.RequestCacheAwareFilter.doFilter(RequestCacheAwareFilter.java:63)
	at org.springframework.security.web.ObservationFilterChainDecorator$ObservationFilter.wrapFilter(ObservationFilterChainDecorator.java:240)
	at org.springframework.security.web.ObservationFilterChainDecorator$ObservationFilter.doFilter(ObservationFilterChainDecorator.java:227)
	at org.springframework.security.web.ObservationFilterChainDecorator$VirtualFilterChain.doFilter(ObservationFilterChainDecorator.java:137)
	at org.springframework.security.web.authentication.AbstractAuthenticationProcessingFilter.doFilter(AbstractAuthenticationProcessingFilter.java:227)
	at org.springframework.security.web.authentication.AbstractAuthenticationProcessingFilter.doFilter(AbstractAuthenticationProcessingFilter.java:221)
	at org.springframework.security.web.ObservationFilterChainDecorator$ObservationFilter.wrapFilter(ObservationFilterChainDecorator.java:240)
	at org.springframework.security.web.ObservationFilterChainDecorator$ObservationFilter.doFilter(ObservationFilterChainDecorator.java:227)
	at org.springframework.security.web.ObservationFilterChainDecorator$VirtualFilterChain.doFilter(ObservationFilterChainDecorator.java:137)
	at org.springframework.security.oauth2.client.web.OAuth2AuthorizationRequestRedirectFilter.doFilterInternal(OAuth2AuthorizationRequestRedirectFilter.java:198)
	at org.springframework.web.filter.OncePerRequestFilter.doFilter(OncePerRequestFilter.java:116)
	at org.springframework.security.web.ObservationFilterChainDecorator$ObservationFilter.wrapFilter(ObservationFilterChainDecorator.java:240)
	at org.springframework.security.web.ObservationFilterChainDecorator$ObservationFilter.doFilter(ObservationFilterChainDecorator.java:227)
	at org.springframework.security.web.ObservationFilterChainDecorator$VirtualFilterChain.doFilter(ObservationFilterChainDecorator.java:137)
	at org.springframework.security.web.authentication.logout.LogoutFilter.doFilter(LogoutFilter.java:107)
	at org.springframework.security.web.authentication.logout.LogoutFilter.doFilter(LogoutFilter.java:93)
	at org.springframework.security.web.ObservationFilterChainDecorator$ObservationFilter.wrapFilter(ObservationFilterChainDecorator.java:240)
	at org.springframework.security.web.ObservationFilterChainDecorator$ObservationFilter.doFilter(ObservationFilterChainDecorator.java:227)
	at org.springframework.security.web.ObservationFilterChainDecorator$VirtualFilterChain.doFilter(ObservationFilterChainDecorator.java:137)
	at org.springframework.security.web.csrf.CsrfFilter.doFilterInternal(CsrfFilter.java:131)
	at org.springframework.web.filter.OncePerRequestFilter.doFilter(OncePerRequestFilter.java:116)
	at org.springframework.security.web.ObservationFilterChainDecorator$ObservationFilter.wrapFilter(ObservationFilterChainDecorator.java:240)
	at org.springframework.security.web.ObservationFilterChainDecorator$ObservationFilter.doFilter(ObservationFilterChainDecorator.java:227)
	at org.springframework.security.web.ObservationFilterChainDecorator$VirtualFilterChain.doFilter(ObservationFilterChainDecorator.java:137)
	at org.springframework.security.web.header.HeaderWriterFilter.doHeadersAfter(HeaderWriterFilter.java:90)
	at org.springframework.security.web.header.HeaderWriterFilter.doFilterInternal(HeaderWriterFilter.java:75)
	at org.springframework.web.filter.OncePerRequestFilter.doFilter(OncePerRequestFilter.java:116)
	at org.springframework.security.web.ObservationFilterChainDecorator$ObservationFilter.wrapFilter(ObservationFilterChainDecorator.java:240)
	at org.springframework.security.web.ObservationFilterChainDecorator$ObservationFilter.doFilter(ObservationFilterChainDecorator.java:227)
	at org.springframework.security.web.ObservationFilterChainDecorator$VirtualFilterChain.doFilter(ObservationFilterChainDecorator.java:137)
	at org.springframework.security.web.context.SecurityContextHolderFilter.doFilter(SecurityContextHolderFilter.java:82)
	at org.springframework.security.web.context.SecurityContextHolderFilter.doFilter(SecurityContextHolderFilter.java:69)
	at org.springframework.security.web.ObservationFilterChainDecorator$ObservationFilter.wrapFilter(ObservationFilterChainDecorator.java:240)
	at org.springframework.security.web.ObservationFilterChainDecorator$ObservationFilter.doFilter(ObservationFilterChainDecorator.java:227)
	at org.springframework.security.web.ObservationFilterChainDecorator$VirtualFilterChain.doFilter(ObservationFilterChainDecorator.java:137)
	at org.springframework.security.web.context.request.async.WebAsyncManagerIntegrationFilter.doFilterInternal(WebAsyncManagerIntegrationFilter.java:62)
	at org.springframework.web.filter.OncePerRequestFilter.doFilter(OncePerRequestFilter.java:116)
	at org.springframework.security.web.ObservationFilterChainDecorator$ObservationFilter.wrapFilter(ObservationFilterChainDecorator.java:240)
	at org.springframework.security.web.ObservationFilterChainDecorator$ObservationFilter.doFilter(ObservationFilterChainDecorator.java:227)
	at org.springframework.security.web.ObservationFilterChainDecorator$VirtualFilterChain.doFilter(ObservationFilterChainDecorator.java:137)
	at org.springframework.security.web.session.DisableEncodeUrlFilter.doFilterInternal(DisableEncodeUrlFilter.java:42)
	at org.springframework.web.filter.OncePerRequestFilter.doFilter(OncePerRequestFilter.java:116)
	at org.springframework.security.web.ObservationFilterChainDecorator$ObservationFilter.wrapFilter(ObservationFilterChainDecorator.java:240)
	at org.springframework.security.web.ObservationFilterChainDecorator$AroundFilterObservation$SimpleAroundFilterObservation.lambda$wrap$0(ObservationFilterChainDecorator.java:323)
	at org.springframework.security.web.ObservationFilterChainDecorator$ObservationFilter.doFilter(ObservationFilterChainDecorator.java:224)
	at org.springframework.security.web.ObservationFilterChainDecorator$VirtualFilterChain.doFilter(ObservationFilterChainDecorator.java:137)
	at org.springframework.security.web.FilterChainProxy.doFilterInternal(FilterChainProxy.java:233)
	at org.springframework.security.web.FilterChainProxy.doFilter(FilterChainProxy.java:191)
	at org.springframework.web.filter.CompositeFilter$VirtualFilterChain.doFilter(CompositeFilter.java:113)
	at org.springframework.web.servlet.handler.HandlerMappingIntrospector.lambda$createCacheFilter$3(HandlerMappingIntrospector.java:195)
	at org.springframework.web.filter.CompositeFilter$VirtualFilterChain.doFilter(CompositeFilter.java:113)
	at org.springframework.web.filter.CompositeFilter.doFilter(CompositeFilter.java:74)
	at org.springframework.security.config.annotation.web.configuration.WebMvcSecurityConfiguration$CompositeFilterChainProxy.doFilter(WebMvcSecurityConfiguration.java:230)
	at org.springframework.web.filter.DelegatingFilterProxy.invokeDelegate(DelegatingFilterProxy.java:352)
	at org.springframework.web.filter.DelegatingFilterProxy.doFilter(DelegatingFilterProxy.java:268)
	at org.apache.catalina.core.ApplicationFilterChain.internalDoFilter(ApplicationFilterChain.java:164)
	at org.apache.catalina.core.ApplicationFilterChain.doFilter(ApplicationFilterChain.java:140)
	at org.springframework.web.filter.RequestContextFilter.doFilterInternal(RequestContextFilter.java:100)
	at org.springframework.web.filter.OncePerRequestFilter.doFilter(OncePerRequestFilter.java:116)
	at org.apache.catalina.core.ApplicationFilterChain.internalDoFilter(ApplicationFilterChain.java:164)
	at org.apache.catalina.core.ApplicationFilterChain.doFilter(ApplicationFilterChain.java:140)
	at org.springframework.web.filter.FormContentFilter.doFilterInternal(FormContentFilter.java:93)
	at org.springframework.web.filter.OncePerRequestFilter.doFilter(OncePerRequestFilter.java:116)
	at org.apache.catalina.core.ApplicationFilterChain.internalDoFilter(ApplicationFilterChain.java:164)
	at org.apache.catalina.core.ApplicationFilterChain.doFilter(ApplicationFilterChain.java:140)
	at org.springframework.web.filter.ServerHttpObservationFilter.doFilterInternal(ServerHttpObservationFilter.java:113)
	at org.springframework.web.filter.OncePerRequestFilter.doFilter(OncePerRequestFilter.java:116)
	at org.apache.catalina.core.ApplicationFilterChain.internalDoFilter(ApplicationFilterChain.java:164)
	at org.apache.catalina.core.ApplicationFilterChain.doFilter(ApplicationFilterChain.java:140)
	at org.springframework.web.filter.CharacterEncodingFilter.doFilterInternal(CharacterEncodingFilter.java:201)
	at org.springframework.web.filter.OncePerRequestFilter.doFilter(OncePerRequestFilter.java:116)
	at org.apache.catalina.core.ApplicationFilterChain.internalDoFilter(ApplicationFilterChain.java:164)
	at org.apache.catalina.core.ApplicationFilterChain.doFilter(ApplicationFilterChain.java:140)
	at org.apache.catalina.core.StandardWrapperValve.invoke(StandardWrapperValve.java:167)
	at org.apache.catalina.core.StandardContextValve.invoke(StandardContextValve.java:90)
	at org.apache.catalina.authenticator.AuthenticatorBase.invoke(AuthenticatorBase.java:483)
	at org.apache.catalina.core.StandardHostValve.invoke(StandardHostValve.java:115)
	at org.apache.catalina.valves.ErrorReportValve.invoke(ErrorReportValve.java:93)
	at org.apache.catalina.core.StandardEngineValve.invoke(StandardEngineValve.java:74)
	at org.apache.catalina.connector.CoyoteAdapter.service(CoyoteAdapter.java:344)
	at org.apache.coyote.http11.Http11Processor.service(Http11Processor.java:384)
	at org.apache.coyote.AbstractProcessorLight.process(AbstractProcessorLight.java:63)
	at org.apache.coyote.AbstractProtocol$ConnectionHandler.process(AbstractProtocol.java:904)
	at org.apache.tomcat.util.net.NioEndpoint$SocketProcessor.doRun(NioEndpoint.java:1741)
	at org.apache.tomcat.util.net.SocketProcessorBase.run(SocketProcessorBase.java:52)
	at org.apache.tomcat.util.threads.ThreadPoolExecutor.runWorker(ThreadPoolExecutor.java:1190)
	at org.apache.tomcat.util.threads.ThreadPoolExecutor$Worker.run(ThreadPoolExecutor.java:659)
	at org.apache.tomcat.util.threads.TaskThread$WrappingRunnable.run(TaskThread.java:63)
	at java.base/java.lang.Thread.run(Thread.java:1575)
2026-07-13 21:07:12.725 [http-nio-8080-exec-2] ERROR o.m.handler.GlobalExceptionHandler [requestId=c5b84cac-1a29-42b4-9f18-61df0550f8ca] [path=/api/crawl/euw/latest-player] - Handled exception: errorId=5f3dce4b-cf3f-40b8-8e34-cb552772edc8, code=EXTERNAL_SERVICE_ERROR, path=/api/crawl/euw/latest-player, context={requestId=c5b84cac-1a29-42b4-9f18-61df0550f8ca, method=POST, query=limit=20}
org.main.exception.ExternalServiceException: Riot API returned HTTP error: 401 UNAUTHORIZED
	at org.main.client.RiotApiHttpClient.exchange(RiotApiHttpClient.java:174)
	at org.main.client.RiotApiHttpClient.getMatchIdsByPuuidEurope(RiotApiHttpClient.java:83)
	at org.main.service.CrawlerServiceImpl.fetchMatchIds(CrawlerServiceImpl.java:191)
	at org.main.service.CrawlerServiceImpl.crawlPuuidEUW(CrawlerServiceImpl.java:73)
	at org.main.service.CrawlerServiceImpl.crawlLatestPlayerEUW(CrawlerServiceImpl.java:281)
	at org.main.controller.CrawlerController.crawlLatestPlayer(CrawlerController.java:81)
	at java.base/jdk.internal.reflect.DirectMethodHandleAccessor.invoke(DirectMethodHandleAccessor.java:103)
	at java.base/java.lang.reflect.Method.invoke(Method.java:580)
	at org.springframework.web.method.support.InvocableHandlerMethod.doInvoke(InvocableHandlerMethod.java:255)
	at org.springframework.web.method.support.InvocableHandlerMethod.invokeForRequest(InvocableHandlerMethod.java:188)
	at org.springframework.web.servlet.mvc.method.annotation.ServletInvocableHandlerMethod.invokeAndHandle(ServletInvocableHandlerMethod.java:118)
	at org.springframework.web.servlet.mvc.method.annotation.RequestMappingHandlerAdapter.invokeHandlerMethod(RequestMappingHandlerAdapter.java:926)
	at org.springframework.web.servlet.mvc.method.annotation.RequestMappingHandlerAdapter.handleInternal(RequestMappingHandlerAdapter.java:831)
	at org.springframework.web.servlet.mvc.method.AbstractHandlerMethodAdapter.handle(AbstractHandlerMethodAdapter.java:87)
	at org.springframework.web.servlet.DispatcherServlet.doDispatch(DispatcherServlet.java:1089)
	at org.springframework.web.servlet.DispatcherServlet.doService(DispatcherServlet.java:979)
	at org.springframework.web.servlet.FrameworkServlet.processRequest(FrameworkServlet.java:1014)
	at org.springframework.web.servlet.FrameworkServlet.doPost(FrameworkServlet.java:914)
	at jakarta.servlet.http.HttpServlet.service(HttpServlet.java:590)
	at org.springframework.web.servlet.FrameworkServlet.service(FrameworkServlet.java:885)
	at jakarta.servlet.http.HttpServlet.service(HttpServlet.java:658)
	at org.apache.catalina.core.ApplicationFilterChain.internalDoFilter(ApplicationFilterChain.java:195)
	at org.apache.catalina.core.ApplicationFilterChain.doFilter(ApplicationFilterChain.java:140)
	at org.apache.tomcat.websocket.server.WsFilter.doFilter(WsFilter.java:51)
	at org.apache.catalina.core.ApplicationFilterChain.internalDoFilter(ApplicationFilterChain.java:164)
	at org.apache.catalina.core.ApplicationFilterChain.doFilter(ApplicationFilterChain.java:140)
	at org.main.config.RequestLoggingFilter.doFilterInternal(RequestLoggingFilter.java:32)
	at org.springframework.web.filter.OncePerRequestFilter.doFilter(OncePerRequestFilter.java:116)
	at org.apache.catalina.core.ApplicationFilterChain.internalDoFilter(ApplicationFilterChain.java:164)
	at org.apache.catalina.core.ApplicationFilterChain.doFilter(ApplicationFilterChain.java:140)
	at org.springframework.web.filter.OncePerRequestFilter.doFilter(OncePerRequestFilter.java:110)
	at org.apache.catalina.core.ApplicationFilterChain.internalDoFilter(ApplicationFilterChain.java:164)
	at org.apache.catalina.core.ApplicationFilterChain.doFilter(ApplicationFilterChain.java:140)
	at org.springframework.web.filter.CompositeFilter$VirtualFilterChain.doFilter(CompositeFilter.java:108)
	at org.springframework.security.web.FilterChainProxy.lambda$doFilterInternal$3(FilterChainProxy.java:231)
	at org.springframework.security.web.ObservationFilterChainDecorator$FilterObservation$SimpleFilterObservation.lambda$wrap$1(ObservationFilterChainDecorator.java:479)
	at org.springframework.security.web.ObservationFilterChainDecorator$AroundFilterObservation$SimpleAroundFilterObservation.lambda$wrap$1(ObservationFilterChainDecorator.java:340)
	at org.springframework.security.web.ObservationFilterChainDecorator.lambda$wrapSecured$0(ObservationFilterChainDecorator.java:82)
	at org.springframework.security.web.ObservationFilterChainDecorator$VirtualFilterChain.doFilter(ObservationFilterChainDecorator.java:128)
	at org.springframework.security.web.access.intercept.AuthorizationFilter.doFilter(AuthorizationFilter.java:100)
	at org.springframework.security.web.ObservationFilterChainDecorator$ObservationFilter.wrapFilter(ObservationFilterChainDecorator.java:240)
	at org.springframework.security.web.ObservationFilterChainDecorator$ObservationFilter.doFilter(ObservationFilterChainDecorator.java:227)
	at org.springframework.security.web.ObservationFilterChainDecorator$VirtualFilterChain.doFilter(ObservationFilterChainDecorator.java:137)
	at org.springframework.security.web.access.ExceptionTranslationFilter.doFilter(ExceptionTranslationFilter.java:126)
	at org.springframework.security.web.access.ExceptionTranslationFilter.doFilter(ExceptionTranslationFilter.java:120)
	at org.springframework.security.web.ObservationFilterChainDecorator$ObservationFilter.wrapFilter(ObservationFilterChainDecorator.java:240)
	at org.springframework.security.web.ObservationFilterChainDecorator$ObservationFilter.doFilter(ObservationFilterChainDecorator.java:227)
	at org.springframework.security.web.ObservationFilterChainDecorator$VirtualFilterChain.doFilter(ObservationFilterChainDecorator.java:137)
	at org.springframework.security.web.authentication.AnonymousAuthenticationFilter.doFilter(AnonymousAuthenticationFilter.java:100)
	at org.springframework.security.web.ObservationFilterChainDecorator$ObservationFilter.wrapFilter(ObservationFilterChainDecorator.java:240)
	at org.springframework.security.web.ObservationFilterChainDecorator$ObservationFilter.doFilter(ObservationFilterChainDecorator.java:227)
	at org.springframework.security.web.ObservationFilterChainDecorator$VirtualFilterChain.doFilter(ObservationFilterChainDecorator.java:137)
	at org.main.account.security.AppSessionAuthenticationFilter.doFilterInternal(AppSessionAuthenticationFilter.java:52)
	at org.springframework.web.filter.OncePerRequestFilter.doFilter(OncePerRequestFilter.java:116)
	at org.springframework.security.web.ObservationFilterChainDecorator$ObservationFilter.wrapFilter(ObservationFilterChainDecorator.java:240)
	at org.springframework.security.web.ObservationFilterChainDecorator$ObservationFilter.doFilter(ObservationFilterChainDecorator.java:227)
	at org.springframework.security.web.ObservationFilterChainDecorator$VirtualFilterChain.doFilter(ObservationFilterChainDecorator.java:137)
	at org.springframework.security.web.servletapi.SecurityContextHolderAwareRequestFilter.doFilter(SecurityContextHolderAwareRequestFilter.java:179)
	at org.springframework.security.web.ObservationFilterChainDecorator$ObservationFilter.wrapFilter(ObservationFilterChainDecorator.java:240)
	at org.springframework.security.web.ObservationFilterChainDecorator$ObservationFilter.doFilter(ObservationFilterChainDecorator.java:227)
	at org.springframework.security.web.ObservationFilterChainDecorator$VirtualFilterChain.doFilter(ObservationFilterChainDecorator.java:137)
	at org.springframework.security.web.savedrequest.RequestCacheAwareFilter.doFilter(RequestCacheAwareFilter.java:63)
	at org.springframework.security.web.ObservationFilterChainDecorator$ObservationFilter.wrapFilter(ObservationFilterChainDecorator.java:240)
	at org.springframework.security.web.ObservationFilterChainDecorator$ObservationFilter.doFilter(ObservationFilterChainDecorator.java:227)
	at org.springframework.security.web.ObservationFilterChainDecorator$VirtualFilterChain.doFilter(ObservationFilterChainDecorator.java:137)
	at org.springframework.security.web.authentication.AbstractAuthenticationProcessingFilter.doFilter(AbstractAuthenticationProcessingFilter.java:227)
	at org.springframework.security.web.authentication.AbstractAuthenticationProcessingFilter.doFilter(AbstractAuthenticationProcessingFilter.java:221)
	at org.springframework.security.web.ObservationFilterChainDecorator$ObservationFilter.wrapFilter(ObservationFilterChainDecorator.java:240)
	at org.springframework.security.web.ObservationFilterChainDecorator$ObservationFilter.doFilter(ObservationFilterChainDecorator.java:227)
	at org.springframework.security.web.ObservationFilterChainDecorator$VirtualFilterChain.doFilter(ObservationFilterChainDecorator.java:137)
	at org.springframework.security.oauth2.client.web.OAuth2AuthorizationRequestRedirectFilter.doFilterInternal(OAuth2AuthorizationRequestRedirectFilter.java:198)
	at org.springframework.web.filter.OncePerRequestFilter.doFilter(OncePerRequestFilter.java:116)
	at org.springframework.security.web.ObservationFilterChainDecorator$ObservationFilter.wrapFilter(ObservationFilterChainDecorator.java:240)
	at org.springframework.security.web.ObservationFilterChainDecorator$ObservationFilter.doFilter(ObservationFilterChainDecorator.java:227)
	at org.springframework.security.web.ObservationFilterChainDecorator$VirtualFilterChain.doFilter(ObservationFilterChainDecorator.java:137)
	at org.springframework.security.web.authentication.logout.LogoutFilter.doFilter(LogoutFilter.java:107)
	at org.springframework.security.web.authentication.logout.LogoutFilter.doFilter(LogoutFilter.java:93)
	at org.springframework.security.web.ObservationFilterChainDecorator$ObservationFilter.wrapFilter(ObservationFilterChainDecorator.java:240)
	at org.springframework.security.web.ObservationFilterChainDecorator$ObservationFilter.doFilter(ObservationFilterChainDecorator.java:227)
	at org.springframework.security.web.ObservationFilterChainDecorator$VirtualFilterChain.doFilter(ObservationFilterChainDecorator.java:137)
	at org.springframework.security.web.csrf.CsrfFilter.doFilterInternal(CsrfFilter.java:131)
	at org.springframework.web.filter.OncePerRequestFilter.doFilter(OncePerRequestFilter.java:116)
	at org.springframework.security.web.ObservationFilterChainDecorator$ObservationFilter.wrapFilter(ObservationFilterChainDecorator.java:240)
	at org.springframework.security.web.ObservationFilterChainDecorator$ObservationFilter.doFilter(ObservationFilterChainDecorator.java:227)
	at org.springframework.security.web.ObservationFilterChainDecorator$VirtualFilterChain.doFilter(ObservationFilterChainDecorator.java:137)
	at org.springframework.security.web.header.HeaderWriterFilter.doHeadersAfter(HeaderWriterFilter.java:90)
	at org.springframework.security.web.header.HeaderWriterFilter.doFilterInternal(HeaderWriterFilter.java:75)
	at org.springframework.web.filter.OncePerRequestFilter.doFilter(OncePerRequestFilter.java:116)
	at org.springframework.security.web.ObservationFilterChainDecorator$ObservationFilter.wrapFilter(ObservationFilterChainDecorator.java:240)
	at org.springframework.security.web.ObservationFilterChainDecorator$ObservationFilter.doFilter(ObservationFilterChainDecorator.java:227)
	at org.springframework.security.web.ObservationFilterChainDecorator$VirtualFilterChain.doFilter(ObservationFilterChainDecorator.java:137)
	at org.springframework.security.web.context.SecurityContextHolderFilter.doFilter(SecurityContextHolderFilter.java:82)
	at org.springframework.security.web.context.SecurityContextHolderFilter.doFilter(SecurityContextHolderFilter.java:69)
	at org.springframework.security.web.ObservationFilterChainDecorator$ObservationFilter.wrapFilter(ObservationFilterChainDecorator.java:240)
	at org.springframework.security.web.ObservationFilterChainDecorator$ObservationFilter.doFilter(ObservationFilterChainDecorator.java:227)
	at org.springframework.security.web.ObservationFilterChainDecorator$VirtualFilterChain.doFilter(ObservationFilterChainDecorator.java:137)
	at org.springframework.security.web.context.request.async.WebAsyncManagerIntegrationFilter.doFilterInternal(WebAsyncManagerIntegrationFilter.java:62)
	at org.springframework.web.filter.OncePerRequestFilter.doFilter(OncePerRequestFilter.java:116)
	at org.springframework.security.web.ObservationFilterChainDecorator$ObservationFilter.wrapFilter(ObservationFilterChainDecorator.java:240)
	at org.springframework.security.web.ObservationFilterChainDecorator$ObservationFilter.doFilter(ObservationFilterChainDecorator.java:227)
	at org.springframework.security.web.ObservationFilterChainDecorator$VirtualFilterChain.doFilter(ObservationFilterChainDecorator.java:137)
	at org.springframework.security.web.session.DisableEncodeUrlFilter.doFilterInternal(DisableEncodeUrlFilter.java:42)
	at org.springframework.web.filter.OncePerRequestFilter.doFilter(OncePerRequestFilter.java:116)
	at org.springframework.security.web.ObservationFilterChainDecorator$ObservationFilter.wrapFilter(ObservationFilterChainDecorator.java:240)
	at org.springframework.security.web.ObservationFilterChainDecorator$AroundFilterObservation$SimpleAroundFilterObservation.lambda$wrap$0(ObservationFilterChainDecorator.java:323)
	at org.springframework.security.web.ObservationFilterChainDecorator$ObservationFilter.doFilter(ObservationFilterChainDecorator.java:224)
	at org.springframework.security.web.ObservationFilterChainDecorator$VirtualFilterChain.doFilter(ObservationFilterChainDecorator.java:137)
	at org.springframework.security.web.FilterChainProxy.doFilterInternal(FilterChainProxy.java:233)
	at org.springframework.security.web.FilterChainProxy.doFilter(FilterChainProxy.java:191)
	at org.springframework.web.filter.CompositeFilter$VirtualFilterChain.doFilter(CompositeFilter.java:113)
	at org.springframework.web.servlet.handler.HandlerMappingIntrospector.lambda$createCacheFilter$3(HandlerMappingIntrospector.java:195)
	at org.springframework.web.filter.CompositeFilter$VirtualFilterChain.doFilter(CompositeFilter.java:113)
	at org.springframework.web.filter.CompositeFilter.doFilter(CompositeFilter.java:74)
	at org.springframework.security.config.annotation.web.configuration.WebMvcSecurityConfiguration$CompositeFilterChainProxy.doFilter(WebMvcSecurityConfiguration.java:230)
	at org.springframework.web.filter.DelegatingFilterProxy.invokeDelegate(DelegatingFilterProxy.java:352)
	at org.springframework.web.filter.DelegatingFilterProxy.doFilter(DelegatingFilterProxy.java:268)
	at org.apache.catalina.core.ApplicationFilterChain.internalDoFilter(ApplicationFilterChain.java:164)
	at org.apache.catalina.core.ApplicationFilterChain.doFilter(ApplicationFilterChain.java:140)
	at org.springframework.web.filter.RequestContextFilter.doFilterInternal(RequestContextFilter.java:100)
	at org.springframework.web.filter.OncePerRequestFilter.doFilter(OncePerRequestFilter.java:116)
	at org.apache.catalina.core.ApplicationFilterChain.internalDoFilter(ApplicationFilterChain.java:164)
	at org.apache.catalina.core.ApplicationFilterChain.doFilter(ApplicationFilterChain.java:140)
	at org.springframework.web.filter.FormContentFilter.doFilterInternal(FormContentFilter.java:93)
	at org.springframework.web.filter.OncePerRequestFilter.doFilter(OncePerRequestFilter.java:116)
	at org.apache.catalina.core.ApplicationFilterChain.internalDoFilter(ApplicationFilterChain.java:164)
	at org.apache.catalina.core.ApplicationFilterChain.doFilter(ApplicationFilterChain.java:140)
	at org.springframework.web.filter.ServerHttpObservationFilter.doFilterInternal(ServerHttpObservationFilter.java:113)
	at org.springframework.web.filter.OncePerRequestFilter.doFilter(OncePerRequestFilter.java:116)
	at org.apache.catalina.core.ApplicationFilterChain.internalDoFilter(ApplicationFilterChain.java:164)
	at org.apache.catalina.core.ApplicationFilterChain.doFilter(ApplicationFilterChain.java:140)
	at org.springframework.web.filter.CharacterEncodingFilter.doFilterInternal(CharacterEncodingFilter.java:201)
	at org.springframework.web.filter.OncePerRequestFilter.doFilter(OncePerRequestFilter.java:116)
	at org.apache.catalina.core.ApplicationFilterChain.internalDoFilter(ApplicationFilterChain.java:164)
	at org.apache.catalina.core.ApplicationFilterChain.doFilter(ApplicationFilterChain.java:140)
	at org.apache.catalina.core.StandardWrapperValve.invoke(StandardWrapperValve.java:167)
	at org.apache.catalina.core.StandardContextValve.invoke(StandardContextValve.java:90)
	at org.apache.catalina.authenticator.AuthenticatorBase.invoke(AuthenticatorBase.java:483)
	at org.apache.catalina.core.StandardHostValve.invoke(StandardHostValve.java:115)
	at org.apache.catalina.valves.ErrorReportValve.invoke(ErrorReportValve.java:93)
	at org.apache.catalina.core.StandardEngineValve.invoke(StandardEngineValve.java:74)
	at org.apache.catalina.connector.CoyoteAdapter.service(CoyoteAdapter.java:344)
	at org.apache.coyote.http11.Http11Processor.service(Http11Processor.java:384)
	at org.apache.coyote.AbstractProcessorLight.process(AbstractProcessorLight.java:63)
	at org.apache.coyote.AbstractProtocol$ConnectionHandler.process(AbstractProtocol.java:904)
	at org.apache.tomcat.util.net.NioEndpoint$SocketProcessor.doRun(NioEndpoint.java:1741)
	at org.apache.tomcat.util.net.SocketProcessorBase.run(SocketProcessorBase.java:52)
	at org.apache.tomcat.util.threads.ThreadPoolExecutor.runWorker(ThreadPoolExecutor.java:1190)
	at org.apache.tomcat.util.threads.ThreadPoolExecutor$Worker.run(ThreadPoolExecutor.java:659)
	at org.apache.tomcat.util.threads.TaskThread$WrappingRunnable.run(TaskThread.java:63)
	at java.base/java.lang.Thread.run(Thread.java:1575)
Caused by: org.springframework.web.client.HttpClientErrorException$Unauthorized: 401 Unauthorized: "{"status":{"message":"Unknown apikey","status_code":401}}"
	at org.springframework.web.client.HttpClientErrorException.create(HttpClientErrorException.java:106)
	at org.springframework.web.client.DefaultResponseErrorHandler.handleError(DefaultResponseErrorHandler.java:183)
	at org.springframework.web.client.DefaultResponseErrorHandler.handleError(DefaultResponseErrorHandler.java:137)
	at org.springframework.web.client.ResponseErrorHandler.handleError(ResponseErrorHandler.java:63)
	at org.springframework.web.client.RestTemplate.handleResponse(RestTemplate.java:942)
	at org.springframework.web.client.RestTemplate.doExecute(RestTemplate.java:891)
	at org.springframework.web.client.RestTemplate.execute(RestTemplate.java:790)
	at org.springframework.web.client.RestTemplate.exchange(RestTemplate.java:672)
	at org.main.client.RiotApiHttpClient.exchange(RiotApiHttpClient.java:149)
	... 149 common frames omitted
2026-07-13 21:07:12.747 [http-nio-8080-exec-2] WARN  o.s.w.s.m.m.a.ExceptionHandlerExceptionResolver [requestId=c5b84cac-1a29-42b4-9f18-61df0550f8ca] [path=/api/crawl/euw/latest-player] - Resolved [org.main.exception.ExternalServiceException: Riot API returned HTTP error: 401 UNAUTHORIZED]
2026-07-13 21:07:34.381 [http-nio-8080-exec-5] INFO  o.main.controller.CrawlerController [requestId=37bbf57c-70ea-421d-9ee6-14b1293d8245] [path=/api/crawl/euw/latest-player] - Received crawlLatestPlayer request: limit=1
2026-07-13 21:07:34.424 [http-nio-8080-exec-5] INFO  org.main.service.CrawlerServiceImpl [requestId=37bbf57c-70ea-421d-9ee6-14b1293d8245] [path=/api/crawl/euw/latest-player] - Starting crawlLatestPlayerEUW: puuid='D2Qk3WOFCa7dYoY3uB0dpCGiMVQ3COwIH1d5VygT8gumdsK5gxVrGZujCDl5db4gaUh7W47PJw31Cw', gameName='Geddoblaster', tagLine='EUW', requestedLimit=1, effectiveLimit=1
2026-07-13 21:07:34.424 [http-nio-8080-exec-5] INFO  org.main.service.CrawlerServiceImpl [requestId=37bbf57c-70ea-421d-9ee6-14b1293d8245] [path=/api/crawl/euw/latest-player] - Starting crawlPuuidEUW: puuid='D2Qk3WOFCa7dYoY3uB0dpCGiMVQ3COwIH1d5VygT8gumdsK5gxVrGZujCDl5db4gaUh7W47PJw31Cw', requestedLimit=1, effectiveLimit=1
2026-07-13 21:07:34.424 [http-nio-8080-exec-5] DEBUG org.main.service.CrawlerServiceImpl [requestId=37bbf57c-70ea-421d-9ee6-14b1293d8245] [path=/api/crawl/euw/latest-player] - Requesting match id page: puuid='D2Qk3WOFCa7dYoY3uB0dpCGiMVQ3COwIH1d5VygT8gumdsK5gxVrGZujCDl5db4gaUh7W47PJw31Cw', start=0, count=1
2026-07-13 21:07:34.424 [http-nio-8080-exec-5] DEBUG org.main.client.RiotApiHttpClient [requestId=37bbf57c-70ea-421d-9ee6-14b1293d8245] [path=/api/crawl/euw/latest-player] - Calling Riot match ids endpoint: puuid='D2Qk3WOFCa7dYoY3uB0dpCGiMVQ3COwIH1d5VygT8gumdsK5gxVrGZujCDl5db4gaUh7W47PJw31Cw', start=0, count=1
2026-07-13 21:07:34.529 [http-nio-8080-exec-5] ERROR org.main.client.RiotApiHttpClient [requestId=37bbf57c-70ea-421d-9ee6-14b1293d8245] [path=/api/crawl/euw/latest-player] - External HTTP call failed: url='https://europe.api.riotgames.com/lol/match/v5/matches/by-puuid/D2Qk3WOFCa7dYoY3uB0dpCGiMVQ3COwIH1d5VygT8gumdsK5gxVrGZujCDl5db4gaUh7W47PJw31Cw/ids?start=0&count=1', status=401 UNAUTHORIZED, responseBody='{"status":{"message":"Unknown apikey","status_code":401}}'
org.springframework.web.client.HttpClientErrorException$Unauthorized: 401 Unauthorized: "{"status":{"message":"Unknown apikey","status_code":401}}"
	at org.springframework.web.client.HttpClientErrorException.create(HttpClientErrorException.java:106)
	at org.springframework.web.client.DefaultResponseErrorHandler.handleError(DefaultResponseErrorHandler.java:183)
	at org.springframework.web.client.DefaultResponseErrorHandler.handleError(DefaultResponseErrorHandler.java:137)
	at org.springframework.web.client.ResponseErrorHandler.handleError(ResponseErrorHandler.java:63)
	at org.springframework.web.client.RestTemplate.handleResponse(RestTemplate.java:942)
	at org.springframework.web.client.RestTemplate.doExecute(RestTemplate.java:891)
	at org.springframework.web.client.RestTemplate.execute(RestTemplate.java:790)
	at org.springframework.web.client.RestTemplate.exchange(RestTemplate.java:672)
	at org.main.client.RiotApiHttpClient.exchange(RiotApiHttpClient.java:149)
	at org.main.client.RiotApiHttpClient.getMatchIdsByPuuidEurope(RiotApiHttpClient.java:83)
	at org.main.service.CrawlerServiceImpl.fetchMatchIds(CrawlerServiceImpl.java:191)
	at org.main.service.CrawlerServiceImpl.crawlPuuidEUW(CrawlerServiceImpl.java:73)
	at org.main.service.CrawlerServiceImpl.crawlLatestPlayerEUW(CrawlerServiceImpl.java:281)
	at org.main.controller.CrawlerController.crawlLatestPlayer(CrawlerController.java:81)
	at java.base/jdk.internal.reflect.DirectMethodHandleAccessor.invoke(DirectMethodHandleAccessor.java:103)
	at java.base/java.lang.reflect.Method.invoke(Method.java:580)
	at org.springframework.web.method.support.InvocableHandlerMethod.doInvoke(InvocableHandlerMethod.java:255)
	at org.springframework.web.method.support.InvocableHandlerMethod.invokeForRequest(InvocableHandlerMethod.java:188)
	at org.springframework.web.servlet.mvc.method.annotation.ServletInvocableHandlerMethod.invokeAndHandle(ServletInvocableHandlerMethod.java:118)
	at org.springframework.web.servlet.mvc.method.annotation.RequestMappingHandlerAdapter.invokeHandlerMethod(RequestMappingHandlerAdapter.java:926)
	at org.springframework.web.servlet.mvc.method.annotation.RequestMappingHandlerAdapter.handleInternal(RequestMappingHandlerAdapter.java:831)
	at org.springframework.web.servlet.mvc.method.AbstractHandlerMethodAdapter.handle(AbstractHandlerMethodAdapter.java:87)
	at org.springframework.web.servlet.DispatcherServlet.doDispatch(DispatcherServlet.java:1089)
	at org.springframework.web.servlet.DispatcherServlet.doService(DispatcherServlet.java:979)
	at org.springframework.web.servlet.FrameworkServlet.processRequest(FrameworkServlet.java:1014)
	at org.springframework.web.servlet.FrameworkServlet.doPost(FrameworkServlet.java:914)
	at jakarta.servlet.http.HttpServlet.service(HttpServlet.java:590)
	at org.springframework.web.servlet.FrameworkServlet.service(FrameworkServlet.java:885)
	at jakarta.servlet.http.HttpServlet.service(HttpServlet.java:658)
	at org.apache.catalina.core.ApplicationFilterChain.internalDoFilter(ApplicationFilterChain.java:195)
	at org.apache.catalina.core.ApplicationFilterChain.doFilter(ApplicationFilterChain.java:140)
	at org.apache.tomcat.websocket.server.WsFilter.doFilter(WsFilter.java:51)
	at org.apache.catalina.core.ApplicationFilterChain.internalDoFilter(ApplicationFilterChain.java:164)
	at org.apache.catalina.core.ApplicationFilterChain.doFilter(ApplicationFilterChain.java:140)
	at org.main.config.RequestLoggingFilter.doFilterInternal(RequestLoggingFilter.java:32)
	at org.springframework.web.filter.OncePerRequestFilter.doFilter(OncePerRequestFilter.java:116)
	at org.apache.catalina.core.ApplicationFilterChain.internalDoFilter(ApplicationFilterChain.java:164)
	at org.apache.catalina.core.ApplicationFilterChain.doFilter(ApplicationFilterChain.java:140)
	at org.springframework.web.filter.OncePerRequestFilter.doFilter(OncePerRequestFilter.java:110)
	at org.apache.catalina.core.ApplicationFilterChain.internalDoFilter(ApplicationFilterChain.java:164)
	at org.apache.catalina.core.ApplicationFilterChain.doFilter(ApplicationFilterChain.java:140)
	at org.springframework.web.filter.CompositeFilter$VirtualFilterChain.doFilter(CompositeFilter.java:108)
	at org.springframework.security.web.FilterChainProxy.lambda$doFilterInternal$3(FilterChainProxy.java:231)
	at org.springframework.security.web.ObservationFilterChainDecorator$FilterObservation$SimpleFilterObservation.lambda$wrap$1(ObservationFilterChainDecorator.java:479)
	at org.springframework.security.web.ObservationFilterChainDecorator$AroundFilterObservation$SimpleAroundFilterObservation.lambda$wrap$1(ObservationFilterChainDecorator.java:340)
	at org.springframework.security.web.ObservationFilterChainDecorator.lambda$wrapSecured$0(ObservationFilterChainDecorator.java:82)
	at org.springframework.security.web.ObservationFilterChainDecorator$VirtualFilterChain.doFilter(ObservationFilterChainDecorator.java:128)
	at org.springframework.security.web.access.intercept.AuthorizationFilter.doFilter(AuthorizationFilter.java:100)
	at org.springframework.security.web.ObservationFilterChainDecorator$ObservationFilter.wrapFilter(ObservationFilterChainDecorator.java:240)
	at org.springframework.security.web.ObservationFilterChainDecorator$ObservationFilter.doFilter(ObservationFilterChainDecorator.java:227)
	at org.springframework.security.web.ObservationFilterChainDecorator$VirtualFilterChain.doFilter(ObservationFilterChainDecorator.java:137)
	at org.springframework.security.web.access.ExceptionTranslationFilter.doFilter(ExceptionTranslationFilter.java:126)
	at org.springframework.security.web.access.ExceptionTranslationFilter.doFilter(ExceptionTranslationFilter.java:120)
	at org.springframework.security.web.ObservationFilterChainDecorator$ObservationFilter.wrapFilter(ObservationFilterChainDecorator.java:240)
	at org.springframework.security.web.ObservationFilterChainDecorator$ObservationFilter.doFilter(ObservationFilterChainDecorator.java:227)
	at org.springframework.security.web.ObservationFilterChainDecorator$VirtualFilterChain.doFilter(ObservationFilterChainDecorator.java:137)
	at org.springframework.security.web.authentication.AnonymousAuthenticationFilter.doFilter(AnonymousAuthenticationFilter.java:100)
	at org.springframework.security.web.ObservationFilterChainDecorator$ObservationFilter.wrapFilter(ObservationFilterChainDecorator.java:240)
	at org.springframework.security.web.ObservationFilterChainDecorator$ObservationFilter.doFilter(ObservationFilterChainDecorator.java:227)
	at org.springframework.security.web.ObservationFilterChainDecorator$VirtualFilterChain.doFilter(ObservationFilterChainDecorator.java:137)
	at org.main.account.security.AppSessionAuthenticationFilter.doFilterInternal(AppSessionAuthenticationFilter.java:52)
	at org.springframework.web.filter.OncePerRequestFilter.doFilter(OncePerRequestFilter.java:116)
	at org.springframework.security.web.ObservationFilterChainDecorator$ObservationFilter.wrapFilter(ObservationFilterChainDecorator.java:240)
	at org.springframework.security.web.ObservationFilterChainDecorator$ObservationFilter.doFilter(ObservationFilterChainDecorator.java:227)
	at org.springframework.security.web.ObservationFilterChainDecorator$VirtualFilterChain.doFilter(ObservationFilterChainDecorator.java:137)
	at org.springframework.security.web.servletapi.SecurityContextHolderAwareRequestFilter.doFilter(SecurityContextHolderAwareRequestFilter.java:179)
	at org.springframework.security.web.ObservationFilterChainDecorator$ObservationFilter.wrapFilter(ObservationFilterChainDecorator.java:240)
	at org.springframework.security.web.ObservationFilterChainDecorator$ObservationFilter.doFilter(ObservationFilterChainDecorator.java:227)
	at org.springframework.security.web.ObservationFilterChainDecorator$VirtualFilterChain.doFilter(ObservationFilterChainDecorator.java:137)
	at org.springframework.security.web.savedrequest.RequestCacheAwareFilter.doFilter(RequestCacheAwareFilter.java:63)
	at org.springframework.security.web.ObservationFilterChainDecorator$ObservationFilter.wrapFilter(ObservationFilterChainDecorator.java:240)
	at org.springframework.security.web.ObservationFilterChainDecorator$ObservationFilter.doFilter(ObservationFilterChainDecorator.java:227)
	at org.springframework.security.web.ObservationFilterChainDecorator$VirtualFilterChain.doFilter(ObservationFilterChainDecorator.java:137)
	at org.springframework.security.web.authentication.AbstractAuthenticationProcessingFilter.doFilter(AbstractAuthenticationProcessingFilter.java:227)
	at org.springframework.security.web.authentication.AbstractAuthenticationProcessingFilter.doFilter(AbstractAuthenticationProcessingFilter.java:221)
	at org.springframework.security.web.ObservationFilterChainDecorator$ObservationFilter.wrapFilter(ObservationFilterChainDecorator.java:240)
	at org.springframework.security.web.ObservationFilterChainDecorator$ObservationFilter.doFilter(ObservationFilterChainDecorator.java:227)
	at org.springframework.security.web.ObservationFilterChainDecorator$VirtualFilterChain.doFilter(ObservationFilterChainDecorator.java:137)
	at org.springframework.security.oauth2.client.web.OAuth2AuthorizationRequestRedirectFilter.doFilterInternal(OAuth2AuthorizationRequestRedirectFilter.java:198)
	at org.springframework.web.filter.OncePerRequestFilter.doFilter(OncePerRequestFilter.java:116)
	at org.springframework.security.web.ObservationFilterChainDecorator$ObservationFilter.wrapFilter(ObservationFilterChainDecorator.java:240)
	at org.springframework.security.web.ObservationFilterChainDecorator$ObservationFilter.doFilter(ObservationFilterChainDecorator.java:227)
	at org.springframework.security.web.ObservationFilterChainDecorator$VirtualFilterChain.doFilter(ObservationFilterChainDecorator.java:137)
	at org.springframework.security.web.authentication.logout.LogoutFilter.doFilter(LogoutFilter.java:107)
	at org.springframework.security.web.authentication.logout.LogoutFilter.doFilter(LogoutFilter.java:93)
	at org.springframework.security.web.ObservationFilterChainDecorator$ObservationFilter.wrapFilter(ObservationFilterChainDecorator.java:240)
	at org.springframework.security.web.ObservationFilterChainDecorator$ObservationFilter.doFilter(ObservationFilterChainDecorator.java:227)
	at org.springframework.security.web.ObservationFilterChainDecorator$VirtualFilterChain.doFilter(ObservationFilterChainDecorator.java:137)
	at org.springframework.security.web.csrf.CsrfFilter.doFilterInternal(CsrfFilter.java:131)
	at org.springframework.web.filter.OncePerRequestFilter.doFilter(OncePerRequestFilter.java:116)
	at org.springframework.security.web.ObservationFilterChainDecorator$ObservationFilter.wrapFilter(ObservationFilterChainDecorator.java:240)
	at org.springframework.security.web.ObservationFilterChainDecorator$ObservationFilter.doFilter(ObservationFilterChainDecorator.java:227)
	at org.springframework.security.web.ObservationFilterChainDecorator$VirtualFilterChain.doFilter(ObservationFilterChainDecorator.java:137)
	at org.springframework.security.web.header.HeaderWriterFilter.doHeadersAfter(HeaderWriterFilter.java:90)
	at org.springframework.security.web.header.HeaderWriterFilter.doFilterInternal(HeaderWriterFilter.java:75)
	at org.springframework.web.filter.OncePerRequestFilter.doFilter(OncePerRequestFilter.java:116)
	at org.springframework.security.web.ObservationFilterChainDecorator$ObservationFilter.wrapFilter(ObservationFilterChainDecorator.java:240)
	at org.springframework.security.web.ObservationFilterChainDecorator$ObservationFilter.doFilter(ObservationFilterChainDecorator.java:227)
	at org.springframework.security.web.ObservationFilterChainDecorator$VirtualFilterChain.doFilter(ObservationFilterChainDecorator.java:137)
	at org.springframework.security.web.context.SecurityContextHolderFilter.doFilter(SecurityContextHolderFilter.java:82)
	at org.springframework.security.web.context.SecurityContextHolderFilter.doFilter(SecurityContextHolderFilter.java:69)
	at org.springframework.security.web.ObservationFilterChainDecorator$ObservationFilter.wrapFilter(ObservationFilterChainDecorator.java:240)
	at org.springframework.security.web.ObservationFilterChainDecorator$ObservationFilter.doFilter(ObservationFilterChainDecorator.java:227)
	at org.springframework.security.web.ObservationFilterChainDecorator$VirtualFilterChain.doFilter(ObservationFilterChainDecorator.java:137)
	at org.springframework.security.web.context.request.async.WebAsyncManagerIntegrationFilter.doFilterInternal(WebAsyncManagerIntegrationFilter.java:62)
	at org.springframework.web.filter.OncePerRequestFilter.doFilter(OncePerRequestFilter.java:116)
	at org.springframework.security.web.ObservationFilterChainDecorator$ObservationFilter.wrapFilter(ObservationFilterChainDecorator.java:240)
	at org.springframework.security.web.ObservationFilterChainDecorator$ObservationFilter.doFilter(ObservationFilterChainDecorator.java:227)
	at org.springframework.security.web.ObservationFilterChainDecorator$VirtualFilterChain.doFilter(ObservationFilterChainDecorator.java:137)
	at org.springframework.security.web.session.DisableEncodeUrlFilter.doFilterInternal(DisableEncodeUrlFilter.java:42)
	at org.springframework.web.filter.OncePerRequestFilter.doFilter(OncePerRequestFilter.java:116)
	at org.springframework.security.web.ObservationFilterChainDecorator$ObservationFilter.wrapFilter(ObservationFilterChainDecorator.java:240)
	at org.springframework.security.web.ObservationFilterChainDecorator$AroundFilterObservation$SimpleAroundFilterObservation.lambda$wrap$0(ObservationFilterChainDecorator.java:323)
	at org.springframework.security.web.ObservationFilterChainDecorator$ObservationFilter.doFilter(ObservationFilterChainDecorator.java:224)
	at org.springframework.security.web.ObservationFilterChainDecorator$VirtualFilterChain.doFilter(ObservationFilterChainDecorator.java:137)
	at org.springframework.security.web.FilterChainProxy.doFilterInternal(FilterChainProxy.java:233)
	at org.springframework.security.web.FilterChainProxy.doFilter(FilterChainProxy.java:191)
	at org.springframework.web.filter.CompositeFilter$VirtualFilterChain.doFilter(CompositeFilter.java:113)
	at org.springframework.web.servlet.handler.HandlerMappingIntrospector.lambda$createCacheFilter$3(HandlerMappingIntrospector.java:195)
	at org.springframework.web.filter.CompositeFilter$VirtualFilterChain.doFilter(CompositeFilter.java:113)
	at org.springframework.web.filter.CompositeFilter.doFilter(CompositeFilter.java:74)
	at org.springframework.security.config.annotation.web.configuration.WebMvcSecurityConfiguration$CompositeFilterChainProxy.doFilter(WebMvcSecurityConfiguration.java:230)
	at org.springframework.web.filter.DelegatingFilterProxy.invokeDelegate(DelegatingFilterProxy.java:352)
	at org.springframework.web.filter.DelegatingFilterProxy.doFilter(DelegatingFilterProxy.java:268)
	at org.apache.catalina.core.ApplicationFilterChain.internalDoFilter(ApplicationFilterChain.java:164)
	at org.apache.catalina.core.ApplicationFilterChain.doFilter(ApplicationFilterChain.java:140)
	at org.springframework.web.filter.RequestContextFilter.doFilterInternal(RequestContextFilter.java:100)
	at org.springframework.web.filter.OncePerRequestFilter.doFilter(OncePerRequestFilter.java:116)
	at org.apache.catalina.core.ApplicationFilterChain.internalDoFilter(ApplicationFilterChain.java:164)
	at org.apache.catalina.core.ApplicationFilterChain.doFilter(ApplicationFilterChain.java:140)
	at org.springframework.web.filter.FormContentFilter.doFilterInternal(FormContentFilter.java:93)
	at org.springframework.web.filter.OncePerRequestFilter.doFilter(OncePerRequestFilter.java:116)
	at org.apache.catalina.core.ApplicationFilterChain.internalDoFilter(ApplicationFilterChain.java:164)
	at org.apache.catalina.core.ApplicationFilterChain.doFilter(ApplicationFilterChain.java:140)
	at org.springframework.web.filter.ServerHttpObservationFilter.doFilterInternal(ServerHttpObservationFilter.java:113)
	at org.springframework.web.filter.OncePerRequestFilter.doFilter(OncePerRequestFilter.java:116)
	at org.apache.catalina.core.ApplicationFilterChain.internalDoFilter(ApplicationFilterChain.java:164)
	at org.apache.catalina.core.ApplicationFilterChain.doFilter(ApplicationFilterChain.java:140)
	at org.springframework.web.filter.CharacterEncodingFilter.doFilterInternal(CharacterEncodingFilter.java:201)
	at org.springframework.web.filter.OncePerRequestFilter.doFilter(OncePerRequestFilter.java:116)
	at org.apache.catalina.core.ApplicationFilterChain.internalDoFilter(ApplicationFilterChain.java:164)
	at org.apache.catalina.core.ApplicationFilterChain.doFilter(ApplicationFilterChain.java:140)
	at org.apache.catalina.core.StandardWrapperValve.invoke(StandardWrapperValve.java:167)
	at org.apache.catalina.core.StandardContextValve.invoke(StandardContextValve.java:90)
	at org.apache.catalina.authenticator.AuthenticatorBase.invoke(AuthenticatorBase.java:483)
	at org.apache.catalina.core.StandardHostValve.invoke(StandardHostValve.java:115)
	at org.apache.catalina.valves.ErrorReportValve.invoke(ErrorReportValve.java:93)
	at org.apache.catalina.core.StandardEngineValve.invoke(StandardEngineValve.java:74)
	at org.apache.catalina.connector.CoyoteAdapter.service(CoyoteAdapter.java:344)
	at org.apache.coyote.http11.Http11Processor.service(Http11Processor.java:384)
	at org.apache.coyote.AbstractProcessorLight.process(AbstractProcessorLight.java:63)
	at org.apache.coyote.AbstractProtocol$ConnectionHandler.process(AbstractProtocol.java:904)
	at org.apache.tomcat.util.net.NioEndpoint$SocketProcessor.doRun(NioEndpoint.java:1741)
	at org.apache.tomcat.util.net.SocketProcessorBase.run(SocketProcessorBase.java:52)
	at org.apache.tomcat.util.threads.ThreadPoolExecutor.runWorker(ThreadPoolExecutor.java:1190)
	at org.apache.tomcat.util.threads.ThreadPoolExecutor$Worker.run(ThreadPoolExecutor.java:659)
	at org.apache.tomcat.util.threads.TaskThread$WrappingRunnable.run(TaskThread.java:63)
	at java.base/java.lang.Thread.run(Thread.java:1575)
2026-07-13 21:07:34.531 [http-nio-8080-exec-5] ERROR o.m.handler.GlobalExceptionHandler [requestId=37bbf57c-70ea-421d-9ee6-14b1293d8245] [path=/api/crawl/euw/latest-player] - Handled exception: errorId=f3cefc80-c0e4-4e56-8053-9d5f6d8ba7eb, code=EXTERNAL_SERVICE_ERROR, path=/api/crawl/euw/latest-player, context={requestId=37bbf57c-70ea-421d-9ee6-14b1293d8245, method=POST, query=limit=1}
org.main.exception.ExternalServiceException: Riot API returned HTTP error: 401 UNAUTHORIZED
	at org.main.client.RiotApiHttpClient.exchange(RiotApiHttpClient.java:174)
	at org.main.client.RiotApiHttpClient.getMatchIdsByPuuidEurope(RiotApiHttpClient.java:83)
	at org.main.service.CrawlerServiceImpl.fetchMatchIds(CrawlerServiceImpl.java:191)
	at org.main.service.CrawlerServiceImpl.crawlPuuidEUW(CrawlerServiceImpl.java:73)
	at org.main.service.CrawlerServiceImpl.crawlLatestPlayerEUW(CrawlerServiceImpl.java:281)
	at org.main.controller.CrawlerController.crawlLatestPlayer(CrawlerController.java:81)
	at java.base/jdk.internal.reflect.DirectMethodHandleAccessor.invoke(DirectMethodHandleAccessor.java:103)
	at java.base/java.lang.reflect.Method.invoke(Method.java:580)
	at org.springframework.web.method.support.InvocableHandlerMethod.doInvoke(InvocableHandlerMethod.java:255)
	at org.springframework.web.method.support.InvocableHandlerMethod.invokeForRequest(InvocableHandlerMethod.java:188)
	at org.springframework.web.servlet.mvc.method.annotation.ServletInvocableHandlerMethod.invokeAndHandle(ServletInvocableHandlerMethod.java:118)
	at org.springframework.web.servlet.mvc.method.annotation.RequestMappingHandlerAdapter.invokeHandlerMethod(RequestMappingHandlerAdapter.java:926)
	at org.springframework.web.servlet.mvc.method.annotation.RequestMappingHandlerAdapter.handleInternal(RequestMappingHandlerAdapter.java:831)
	at org.springframework.web.servlet.mvc.method.AbstractHandlerMethodAdapter.handle(AbstractHandlerMethodAdapter.java:87)
	at org.springframework.web.servlet.DispatcherServlet.doDispatch(DispatcherServlet.java:1089)
	at org.springframework.web.servlet.DispatcherServlet.doService(DispatcherServlet.java:979)
	at org.springframework.web.servlet.FrameworkServlet.processRequest(FrameworkServlet.java:1014)
	at org.springframework.web.servlet.FrameworkServlet.doPost(FrameworkServlet.java:914)
	at jakarta.servlet.http.HttpServlet.service(HttpServlet.java:590)
	at org.springframework.web.servlet.FrameworkServlet.service(FrameworkServlet.java:885)
	at jakarta.servlet.http.HttpServlet.service(HttpServlet.java:658)
	at org.apache.catalina.core.ApplicationFilterChain.internalDoFilter(ApplicationFilterChain.java:195)
	at org.apache.catalina.core.ApplicationFilterChain.doFilter(ApplicationFilterChain.java:140)
	at org.apache.tomcat.websocket.server.WsFilter.doFilter(WsFilter.java:51)
	at org.apache.catalina.core.ApplicationFilterChain.internalDoFilter(ApplicationFilterChain.java:164)
	at org.apache.catalina.core.ApplicationFilterChain.doFilter(ApplicationFilterChain.java:140)
	at org.main.config.RequestLoggingFilter.doFilterInternal(RequestLoggingFilter.java:32)
	at org.springframework.web.filter.OncePerRequestFilter.doFilter(OncePerRequestFilter.java:116)
	at org.apache.catalina.core.ApplicationFilterChain.internalDoFilter(ApplicationFilterChain.java:164)
	at org.apache.catalina.core.ApplicationFilterChain.doFilter(ApplicationFilterChain.java:140)
	at org.springframework.web.filter.OncePerRequestFilter.doFilter(OncePerRequestFilter.java:110)
	at org.apache.catalina.core.ApplicationFilterChain.internalDoFilter(ApplicationFilterChain.java:164)
	at org.apache.catalina.core.ApplicationFilterChain.doFilter(ApplicationFilterChain.java:140)
	at org.springframework.web.filter.CompositeFilter$VirtualFilterChain.doFilter(CompositeFilter.java:108)
	at org.springframework.security.web.FilterChainProxy.lambda$doFilterInternal$3(FilterChainProxy.java:231)
	at org.springframework.security.web.ObservationFilterChainDecorator$FilterObservation$SimpleFilterObservation.lambda$wrap$1(ObservationFilterChainDecorator.java:479)
	at org.springframework.security.web.ObservationFilterChainDecorator$AroundFilterObservation$SimpleAroundFilterObservation.lambda$wrap$1(ObservationFilterChainDecorator.java:340)
	at org.springframework.security.web.ObservationFilterChainDecorator.lambda$wrapSecured$0(ObservationFilterChainDecorator.java:82)
	at org.springframework.security.web.ObservationFilterChainDecorator$VirtualFilterChain.doFilter(ObservationFilterChainDecorator.java:128)
	at org.springframework.security.web.access.intercept.AuthorizationFilter.doFilter(AuthorizationFilter.java:100)
	at org.springframework.security.web.ObservationFilterChainDecorator$ObservationFilter.wrapFilter(ObservationFilterChainDecorator.java:240)
	at org.springframework.security.web.ObservationFilterChainDecorator$ObservationFilter.doFilter(ObservationFilterChainDecorator.java:227)
	at org.springframework.security.web.ObservationFilterChainDecorator$VirtualFilterChain.doFilter(ObservationFilterChainDecorator.java:137)
	at org.springframework.security.web.access.ExceptionTranslationFilter.doFilter(ExceptionTranslationFilter.java:126)
	at org.springframework.security.web.access.ExceptionTranslationFilter.doFilter(ExceptionTranslationFilter.java:120)
	at org.springframework.security.web.ObservationFilterChainDecorator$ObservationFilter.wrapFilter(ObservationFilterChainDecorator.java:240)
	at org.springframework.security.web.ObservationFilterChainDecorator$ObservationFilter.doFilter(ObservationFilterChainDecorator.java:227)
	at org.springframework.security.web.ObservationFilterChainDecorator$VirtualFilterChain.doFilter(ObservationFilterChainDecorator.java:137)
	at org.springframework.security.web.authentication.AnonymousAuthenticationFilter.doFilter(AnonymousAuthenticationFilter.java:100)
	at org.springframework.security.web.ObservationFilterChainDecorator$ObservationFilter.wrapFilter(ObservationFilterChainDecorator.java:240)
	at org.springframework.security.web.ObservationFilterChainDecorator$ObservationFilter.doFilter(ObservationFilterChainDecorator.java:227)
	at org.springframework.security.web.ObservationFilterChainDecorator$VirtualFilterChain.doFilter(ObservationFilterChainDecorator.java:137)
	at org.main.account.security.AppSessionAuthenticationFilter.doFilterInternal(AppSessionAuthenticationFilter.java:52)
	at org.springframework.web.filter.OncePerRequestFilter.doFilter(OncePerRequestFilter.java:116)
	at org.springframework.security.web.ObservationFilterChainDecorator$ObservationFilter.wrapFilter(ObservationFilterChainDecorator.java:240)
	at org.springframework.security.web.ObservationFilterChainDecorator$ObservationFilter.doFilter(ObservationFilterChainDecorator.java:227)
	at org.springframework.security.web.ObservationFilterChainDecorator$VirtualFilterChain.doFilter(ObservationFilterChainDecorator.java:137)
	at org.springframework.security.web.servletapi.SecurityContextHolderAwareRequestFilter.doFilter(SecurityContextHolderAwareRequestFilter.java:179)
	at org.springframework.security.web.ObservationFilterChainDecorator$ObservationFilter.wrapFilter(ObservationFilterChainDecorator.java:240)
	at org.springframework.security.web.ObservationFilterChainDecorator$ObservationFilter.doFilter(ObservationFilterChainDecorator.java:227)
	at org.springframework.security.web.ObservationFilterChainDecorator$VirtualFilterChain.doFilter(ObservationFilterChainDecorator.java:137)
	at org.springframework.security.web.savedrequest.RequestCacheAwareFilter.doFilter(RequestCacheAwareFilter.java:63)
	at org.springframework.security.web.ObservationFilterChainDecorator$ObservationFilter.wrapFilter(ObservationFilterChainDecorator.java:240)
	at org.springframework.security.web.ObservationFilterChainDecorator$ObservationFilter.doFilter(ObservationFilterChainDecorator.java:227)
	at org.springframework.security.web.ObservationFilterChainDecorator$VirtualFilterChain.doFilter(ObservationFilterChainDecorator.java:137)
	at org.springframework.security.web.authentication.AbstractAuthenticationProcessingFilter.doFilter(AbstractAuthenticationProcessingFilter.java:227)
	at org.springframework.security.web.authentication.AbstractAuthenticationProcessingFilter.doFilter(AbstractAuthenticationProcessingFilter.java:221)
	at org.springframework.security.web.ObservationFilterChainDecorator$ObservationFilter.wrapFilter(ObservationFilterChainDecorator.java:240)
	at org.springframework.security.web.ObservationFilterChainDecorator$ObservationFilter.doFilter(ObservationFilterChainDecorator.java:227)
	at org.springframework.security.web.ObservationFilterChainDecorator$VirtualFilterChain.doFilter(ObservationFilterChainDecorator.java:137)
	at org.springframework.security.oauth2.client.web.OAuth2AuthorizationRequestRedirectFilter.doFilterInternal(OAuth2AuthorizationRequestRedirectFilter.java:198)
	at org.springframework.web.filter.OncePerRequestFilter.doFilter(OncePerRequestFilter.java:116)
	at org.springframework.security.web.ObservationFilterChainDecorator$ObservationFilter.wrapFilter(ObservationFilterChainDecorator.java:240)
	at org.springframework.security.web.ObservationFilterChainDecorator$ObservationFilter.doFilter(ObservationFilterChainDecorator.java:227)
	at org.springframework.security.web.ObservationFilterChainDecorator$VirtualFilterChain.doFilter(ObservationFilterChainDecorator.java:137)
	at org.springframework.security.web.authentication.logout.LogoutFilter.doFilter(LogoutFilter.java:107)
	at org.springframework.security.web.authentication.logout.LogoutFilter.doFilter(LogoutFilter.java:93)
	at org.springframework.security.web.ObservationFilterChainDecorator$ObservationFilter.wrapFilter(ObservationFilterChainDecorator.java:240)
	at org.springframework.security.web.ObservationFilterChainDecorator$ObservationFilter.doFilter(ObservationFilterChainDecorator.java:227)
	at org.springframework.security.web.ObservationFilterChainDecorator$VirtualFilterChain.doFilter(ObservationFilterChainDecorator.java:137)
	at org.springframework.security.web.csrf.CsrfFilter.doFilterInternal(CsrfFilter.java:131)
	at org.springframework.web.filter.OncePerRequestFilter.doFilter(OncePerRequestFilter.java:116)
	at org.springframework.security.web.ObservationFilterChainDecorator$ObservationFilter.wrapFilter(ObservationFilterChainDecorator.java:240)
	at org.springframework.security.web.ObservationFilterChainDecorator$ObservationFilter.doFilter(ObservationFilterChainDecorator.java:227)
	at org.springframework.security.web.ObservationFilterChainDecorator$VirtualFilterChain.doFilter(ObservationFilterChainDecorator.java:137)
	at org.springframework.security.web.header.HeaderWriterFilter.doHeadersAfter(HeaderWriterFilter.java:90)
	at org.springframework.security.web.header.HeaderWriterFilter.doFilterInternal(HeaderWriterFilter.java:75)
	at org.springframework.web.filter.OncePerRequestFilter.doFilter(OncePerRequestFilter.java:116)
	at org.springframework.security.web.ObservationFilterChainDecorator$ObservationFilter.wrapFilter(ObservationFilterChainDecorator.java:240)
	at org.springframework.security.web.ObservationFilterChainDecorator$ObservationFilter.doFilter(ObservationFilterChainDecorator.java:227)
	at org.springframework.security.web.ObservationFilterChainDecorator$VirtualFilterChain.doFilter(ObservationFilterChainDecorator.java:137)
	at org.springframework.security.web.context.SecurityContextHolderFilter.doFilter(SecurityContextHolderFilter.java:82)
	at org.springframework.security.web.context.SecurityContextHolderFilter.doFilter(SecurityContextHolderFilter.java:69)
	at org.springframework.security.web.ObservationFilterChainDecorator$ObservationFilter.wrapFilter(ObservationFilterChainDecorator.java:240)
	at org.springframework.security.web.ObservationFilterChainDecorator$ObservationFilter.doFilter(ObservationFilterChainDecorator.java:227)
	at org.springframework.security.web.ObservationFilterChainDecorator$VirtualFilterChain.doFilter(ObservationFilterChainDecorator.java:137)
	at org.springframework.security.web.context.request.async.WebAsyncManagerIntegrationFilter.doFilterInternal(WebAsyncManagerIntegrationFilter.java:62)
	at org.springframework.web.filter.OncePerRequestFilter.doFilter(OncePerRequestFilter.java:116)
	at org.springframework.security.web.ObservationFilterChainDecorator$ObservationFilter.wrapFilter(ObservationFilterChainDecorator.java:240)
	at org.springframework.security.web.ObservationFilterChainDecorator$ObservationFilter.doFilter(ObservationFilterChainDecorator.java:227)
	at org.springframework.security.web.ObservationFilterChainDecorator$VirtualFilterChain.doFilter(ObservationFilterChainDecorator.java:137)
	at org.springframework.security.web.session.DisableEncodeUrlFilter.doFilterInternal(DisableEncodeUrlFilter.java:42)
	at org.springframework.web.filter.OncePerRequestFilter.doFilter(OncePerRequestFilter.java:116)
	at org.springframework.security.web.ObservationFilterChainDecorator$ObservationFilter.wrapFilter(ObservationFilterChainDecorator.java:240)
	at org.springframework.security.web.ObservationFilterChainDecorator$AroundFilterObservation$SimpleAroundFilterObservation.lambda$wrap$0(ObservationFilterChainDecorator.java:323)
	at org.springframework.security.web.ObservationFilterChainDecorator$ObservationFilter.doFilter(ObservationFilterChainDecorator.java:224)
	at org.springframework.security.web.ObservationFilterChainDecorator$VirtualFilterChain.doFilter(ObservationFilterChainDecorator.java:137)
	at org.springframework.security.web.FilterChainProxy.doFilterInternal(FilterChainProxy.java:233)
	at org.springframework.security.web.FilterChainProxy.doFilter(FilterChainProxy.java:191)
	at org.springframework.web.filter.CompositeFilter$VirtualFilterChain.doFilter(CompositeFilter.java:113)
	at org.springframework.web.servlet.handler.HandlerMappingIntrospector.lambda$createCacheFilter$3(HandlerMappingIntrospector.java:195)
	at org.springframework.web.filter.CompositeFilter$VirtualFilterChain.doFilter(CompositeFilter.java:113)
	at org.springframework.web.filter.CompositeFilter.doFilter(CompositeFilter.java:74)
	at org.springframework.security.config.annotation.web.configuration.WebMvcSecurityConfiguration$CompositeFilterChainProxy.doFilter(WebMvcSecurityConfiguration.java:230)
	at org.springframework.web.filter.DelegatingFilterProxy.invokeDelegate(DelegatingFilterProxy.java:352)
	at org.springframework.web.filter.DelegatingFilterProxy.doFilter(DelegatingFilterProxy.java:268)
	at org.apache.catalina.core.ApplicationFilterChain.internalDoFilter(ApplicationFilterChain.java:164)
	at org.apache.catalina.core.ApplicationFilterChain.doFilter(ApplicationFilterChain.java:140)
	at org.springframework.web.filter.RequestContextFilter.doFilterInternal(RequestContextFilter.java:100)
	at org.springframework.web.filter.OncePerRequestFilter.doFilter(OncePerRequestFilter.java:116)
	at org.apache.catalina.core.ApplicationFilterChain.internalDoFilter(ApplicationFilterChain.java:164)
	at org.apache.catalina.core.ApplicationFilterChain.doFilter(ApplicationFilterChain.java:140)
	at org.springframework.web.filter.FormContentFilter.doFilterInternal(FormContentFilter.java:93)
	at org.springframework.web.filter.OncePerRequestFilter.doFilter(OncePerRequestFilter.java:116)
	at org.apache.catalina.core.ApplicationFilterChain.internalDoFilter(ApplicationFilterChain.java:164)
	at org.apache.catalina.core.ApplicationFilterChain.doFilter(ApplicationFilterChain.java:140)
	at org.springframework.web.filter.ServerHttpObservationFilter.doFilterInternal(ServerHttpObservationFilter.java:113)
	at org.springframework.web.filter.OncePerRequestFilter.doFilter(OncePerRequestFilter.java:116)
	at org.apache.catalina.core.ApplicationFilterChain.internalDoFilter(ApplicationFilterChain.java:164)
	at org.apache.catalina.core.ApplicationFilterChain.doFilter(ApplicationFilterChain.java:140)
	at org.springframework.web.filter.CharacterEncodingFilter.doFilterInternal(CharacterEncodingFilter.java:201)
	at org.springframework.web.filter.OncePerRequestFilter.doFilter(OncePerRequestFilter.java:116)
	at org.apache.catalina.core.ApplicationFilterChain.internalDoFilter(ApplicationFilterChain.java:164)
	at org.apache.catalina.core.ApplicationFilterChain.doFilter(ApplicationFilterChain.java:140)
	at org.apache.catalina.core.StandardWrapperValve.invoke(StandardWrapperValve.java:167)
	at org.apache.catalina.core.StandardContextValve.invoke(StandardContextValve.java:90)
	at org.apache.catalina.authenticator.AuthenticatorBase.invoke(AuthenticatorBase.java:483)
	at org.apache.catalina.core.StandardHostValve.invoke(StandardHostValve.java:115)
	at org.apache.catalina.valves.ErrorReportValve.invoke(ErrorReportValve.java:93)
	at org.apache.catalina.core.StandardEngineValve.invoke(StandardEngineValve.java:74)
	at org.apache.catalina.connector.CoyoteAdapter.service(CoyoteAdapter.java:344)
	at org.apache.coyote.http11.Http11Processor.service(Http11Processor.java:384)
	at org.apache.coyote.AbstractProcessorLight.process(AbstractProcessorLight.java:63)
	at org.apache.coyote.AbstractProtocol$ConnectionHandler.process(AbstractProtocol.java:904)
	at org.apache.tomcat.util.net.NioEndpoint$SocketProcessor.doRun(NioEndpoint.java:1741)
	at org.apache.tomcat.util.net.SocketProcessorBase.run(SocketProcessorBase.java:52)
	at org.apache.tomcat.util.threads.ThreadPoolExecutor.runWorker(ThreadPoolExecutor.java:1190)
	at org.apache.tomcat.util.threads.ThreadPoolExecutor$Worker.run(ThreadPoolExecutor.java:659)
	at org.apache.tomcat.util.threads.TaskThread$WrappingRunnable.run(TaskThread.java:63)
	at java.base/java.lang.Thread.run(Thread.java:1575)
Caused by: org.springframework.web.client.HttpClientErrorException$Unauthorized: 401 Unauthorized: "{"status":{"message":"Unknown apikey","status_code":401}}"
	at org.springframework.web.client.HttpClientErrorException.create(HttpClientErrorException.java:106)
	at org.springframework.web.client.DefaultResponseErrorHandler.handleError(DefaultResponseErrorHandler.java:183)
	at org.springframework.web.client.DefaultResponseErrorHandler.handleError(DefaultResponseErrorHandler.java:137)
	at org.springframework.web.client.ResponseErrorHandler.handleError(ResponseErrorHandler.java:63)
	at org.springframework.web.client.RestTemplate.handleResponse(RestTemplate.java:942)
	at org.springframework.web.client.RestTemplate.doExecute(RestTemplate.java:891)
	at org.springframework.web.client.RestTemplate.execute(RestTemplate.java:790)
	at org.springframework.web.client.RestTemplate.exchange(RestTemplate.java:672)
	at org.main.client.RiotApiHttpClient.exchange(RiotApiHttpClient.java:149)
	... 149 common frames omitted
2026-07-13 21:07:34.534 [http-nio-8080-exec-5] WARN  o.s.w.s.m.m.a.ExceptionHandlerExceptionResolver [requestId=37bbf57c-70ea-421d-9ee6-14b1293d8245] [path=/api/crawl/euw/latest-player] - Resolved [org.main.exception.ExternalServiceException: Riot API returned HTTP error: 401 UNAUTHORIZED]
2026-07-13 22:10:15.466 [background-preinit] INFO  o.h.validator.internal.util.Version [requestId=] [path=] - HV000001: Hibernate Validator 8.0.1.Final
2026-07-13 22:10:15.554 [restartedMain] INFO  org.main.RiotPractice [requestId=] [path=] - Starting RiotPractice using Java 23.0.2 with PID 23012 (D:\Games\RiotApiPractice\target\classes started by egors in D:\Games\RiotApiPractice)
2026-07-13 22:10:15.554 [restartedMain] DEBUG org.main.RiotPractice [requestId=] [path=] - Running with Spring Boot v3.3.3, Spring v6.1.12
2026-07-13 22:10:15.556 [restartedMain] INFO  org.main.RiotPractice [requestId=] [path=] - No active profile set, falling back to 1 default profile: "default"
2026-07-13 22:10:15.674 [restartedMain] INFO  o.s.b.d.e.DevToolsPropertyDefaultsPostProcessor [requestId=] [path=] - Devtools property defaults active! Set 'spring.devtools.add-properties' to 'false' to disable
2026-07-13 22:10:15.674 [restartedMain] INFO  o.s.b.d.e.DevToolsPropertyDefaultsPostProcessor [requestId=] [path=] - For additional web related logging consider setting the 'logging.level.web' property to 'DEBUG'
2026-07-13 22:10:18.894 [restartedMain] INFO  o.s.d.r.c.RepositoryConfigurationDelegate [requestId=] [path=] - Bootstrapping Spring Data JPA repositories in DEFAULT mode.
2026-07-13 22:10:19.114 [restartedMain] INFO  o.s.d.r.c.RepositoryConfigurationDelegate [requestId=] [path=] - Finished Spring Data repository scanning in 203 ms. Found 15 JPA repository interfaces.
2026-07-13 22:10:20.939 [restartedMain] INFO  o.s.b.w.e.tomcat.TomcatWebServer [requestId=] [path=] - Tomcat initialized with port 8080 (http)
2026-07-13 22:10:20.965 [restartedMain] INFO  o.a.coyote.http11.Http11NioProtocol [requestId=] [path=] - Initializing ProtocolHandler ["http-nio-8080"]
2026-07-13 22:10:20.973 [restartedMain] INFO  o.a.catalina.core.StandardService [requestId=] [path=] - Starting service [Tomcat]
2026-07-13 22:10:20.973 [restartedMain] INFO  o.a.catalina.core.StandardEngine [requestId=] [path=] - Starting Servlet engine: [Apache Tomcat/10.1.28]
2026-07-13 22:10:21.057 [restartedMain] INFO  o.a.c.c.C.[Tomcat].[localhost].[/] [requestId=] [path=] - Initializing Spring embedded WebApplicationContext
2026-07-13 22:10:21.057 [restartedMain] INFO  o.s.b.w.s.c.ServletWebServerApplicationContext [requestId=] [path=] - Root WebApplicationContext: initialization completed in 5381 ms
2026-07-13 22:10:21.893 [http-nio-8080-exec-1] INFO  o.main.controller.CrawlerController [requestId=0d3088b1-2bf2-42f5-836a-a2b211f11ab3] [path=/api/crawl/euw/latest-player] - Received crawlLatestPlayer request: limit=20
2026-07-13 22:10:21.976 [restartedMain] INFO  com.zaxxer.hikari.HikariDataSource [requestId=] [path=] - HikariPool-1 - Starting...
2026-07-13 22:10:22.072 [http-nio-8080-exec-1] INFO  org.main.service.CrawlerServiceImpl [requestId=0d3088b1-2bf2-42f5-836a-a2b211f11ab3] [path=/api/crawl/euw/latest-player] - Starting crawlLatestPlayerEUW: puuid='D2Qk3WOFCa7dYoY3uB0dpCGiMVQ3COwIH1d5VygT8gumdsK5gxVrGZujCDl5db4gaUh7W47PJw31Cw', gameName='Geddoblaster', tagLine='EUW', requestedLimit=20, effectiveLimit=20
2026-07-13 22:10:22.073 [http-nio-8080-exec-1] INFO  org.main.service.CrawlerServiceImpl [requestId=0d3088b1-2bf2-42f5-836a-a2b211f11ab3] [path=/api/crawl/euw/latest-player] - Starting crawlPuuidEUW: puuid='D2Qk3WOFCa7dYoY3uB0dpCGiMVQ3COwIH1d5VygT8gumdsK5gxVrGZujCDl5db4gaUh7W47PJw31Cw', requestedLimit=20, effectiveLimit=20
2026-07-13 22:10:22.074 [http-nio-8080-exec-1] DEBUG org.main.service.CrawlerServiceImpl [requestId=0d3088b1-2bf2-42f5-836a-a2b211f11ab3] [path=/api/crawl/euw/latest-player] - Requesting match id page: puuid='D2Qk3WOFCa7dYoY3uB0dpCGiMVQ3COwIH1d5VygT8gumdsK5gxVrGZujCDl5db4gaUh7W47PJw31Cw', start=0, count=20
2026-07-13 22:10:22.075 [http-nio-8080-exec-1] DEBUG org.main.client.RiotApiHttpClient [requestId=0d3088b1-2bf2-42f5-836a-a2b211f11ab3] [path=/api/crawl/euw/latest-player] - Calling Riot match ids endpoint: puuid='D2Qk3WOFCa7dYoY3uB0dpCGiMVQ3COwIH1d5VygT8gumdsK5gxVrGZujCDl5db4gaUh7W47PJw31Cw', start=0, count=20
2026-07-13 22:10:22.302 [http-nio-8080-exec-1] ERROR org.main.client.RiotApiHttpClient [requestId=0d3088b1-2bf2-42f5-836a-a2b211f11ab3] [path=/api/crawl/euw/latest-player] - External HTTP call failed: url='https://europe.api.riotgames.com/lol/match/v5/matches/by-puuid/D2Qk3WOFCa7dYoY3uB0dpCGiMVQ3COwIH1d5VygT8gumdsK5gxVrGZujCDl5db4gaUh7W47PJw31Cw/ids?start=0&count=20', status=401 UNAUTHORIZED, responseBody='{"status":{"message":"Unknown apikey","status_code":401}}'
org.springframework.web.client.HttpClientErrorException$Unauthorized: 401 Unauthorized: "{"status":{"message":"Unknown apikey","status_code":401}}"
	at org.springframework.web.client.HttpClientErrorException.create(HttpClientErrorException.java:106)
	at org.springframework.web.client.DefaultResponseErrorHandler.handleError(DefaultResponseErrorHandler.java:183)
	at org.springframework.web.client.DefaultResponseErrorHandler.handleError(DefaultResponseErrorHandler.java:137)
	at org.springframework.web.client.ResponseErrorHandler.handleError(ResponseErrorHandler.java:63)
	at org.springframework.web.client.RestTemplate.handleResponse(RestTemplate.java:942)
	at org.springframework.web.client.RestTemplate.doExecute(RestTemplate.java:891)
	at org.springframework.web.client.RestTemplate.execute(RestTemplate.java:790)
	at org.springframework.web.client.RestTemplate.exchange(RestTemplate.java:672)
	at org.main.client.RiotApiHttpClient.exchange(RiotApiHttpClient.java:149)
	at org.main.client.RiotApiHttpClient.getMatchIdsByPuuidEurope(RiotApiHttpClient.java:83)
	at org.main.service.CrawlerServiceImpl.fetchMatchIds(CrawlerServiceImpl.java:191)
	at org.main.service.CrawlerServiceImpl.crawlPuuidEUW(CrawlerServiceImpl.java:73)
	at org.main.service.CrawlerServiceImpl.crawlLatestPlayerEUW(CrawlerServiceImpl.java:281)
	at org.main.controller.CrawlerController.crawlLatestPlayer(CrawlerController.java:81)
	at java.base/jdk.internal.reflect.DirectMethodHandleAccessor.invoke(DirectMethodHandleAccessor.java:103)
	at java.base/java.lang.reflect.Method.invoke(Method.java:580)
	at org.springframework.web.method.support.InvocableHandlerMethod.doInvoke(InvocableHandlerMethod.java:255)
	at org.springframework.web.method.support.InvocableHandlerMethod.invokeForRequest(InvocableHandlerMethod.java:188)
	at org.springframework.web.servlet.mvc.method.annotation.ServletInvocableHandlerMethod.invokeAndHandle(ServletInvocableHandlerMethod.java:118)
	at org.springframework.web.servlet.mvc.method.annotation.RequestMappingHandlerAdapter.invokeHandlerMethod(RequestMappingHandlerAdapter.java:926)
	at org.springframework.web.servlet.mvc.method.annotation.RequestMappingHandlerAdapter.handleInternal(RequestMappingHandlerAdapter.java:831)
	at org.springframework.web.servlet.mvc.method.AbstractHandlerMethodAdapter.handle(AbstractHandlerMethodAdapter.java:87)
	at org.springframework.web.servlet.DispatcherServlet.doDispatch(DispatcherServlet.java:1089)
	at org.springframework.web.servlet.DispatcherServlet.doService(DispatcherServlet.java:979)
	at org.springframework.web.servlet.FrameworkServlet.processRequest(FrameworkServlet.java:1014)
	at org.springframework.web.servlet.FrameworkServlet.doPost(FrameworkServlet.java:914)
	at jakarta.servlet.http.HttpServlet.service(HttpServlet.java:590)
	at org.springframework.web.servlet.FrameworkServlet.service(FrameworkServlet.java:885)
	at jakarta.servlet.http.HttpServlet.service(HttpServlet.java:658)
	at org.apache.catalina.core.ApplicationFilterChain.internalDoFilter(ApplicationFilterChain.java:195)
	at org.apache.catalina.core.ApplicationFilterChain.doFilter(ApplicationFilterChain.java:140)
	at org.apache.tomcat.websocket.server.WsFilter.doFilter(WsFilter.java:51)
	at org.apache.catalina.core.ApplicationFilterChain.internalDoFilter(ApplicationFilterChain.java:164)
	at org.apache.catalina.core.ApplicationFilterChain.doFilter(ApplicationFilterChain.java:140)
	at org.main.config.RequestLoggingFilter.doFilterInternal(RequestLoggingFilter.java:32)
	at org.springframework.web.filter.OncePerRequestFilter.doFilter(OncePerRequestFilter.java:116)
	at org.apache.catalina.core.ApplicationFilterChain.internalDoFilter(ApplicationFilterChain.java:164)
	at org.apache.catalina.core.ApplicationFilterChain.doFilter(ApplicationFilterChain.java:140)
	at org.springframework.web.filter.OncePerRequestFilter.doFilter(OncePerRequestFilter.java:110)
	at org.apache.catalina.core.ApplicationFilterChain.internalDoFilter(ApplicationFilterChain.java:164)
	at org.apache.catalina.core.ApplicationFilterChain.doFilter(ApplicationFilterChain.java:140)
	at org.springframework.web.filter.CompositeFilter$VirtualFilterChain.doFilter(CompositeFilter.java:108)
	at org.springframework.security.web.FilterChainProxy.lambda$doFilterInternal$3(FilterChainProxy.java:231)
	at org.springframework.security.web.ObservationFilterChainDecorator$FilterObservation$SimpleFilterObservation.lambda$wrap$1(ObservationFilterChainDecorator.java:479)
	at org.springframework.security.web.ObservationFilterChainDecorator$AroundFilterObservation$SimpleAroundFilterObservation.lambda$wrap$1(ObservationFilterChainDecorator.java:340)
	at org.springframework.security.web.ObservationFilterChainDecorator.lambda$wrapSecured$0(ObservationFilterChainDecorator.java:82)
	at org.springframework.security.web.ObservationFilterChainDecorator$VirtualFilterChain.doFilter(ObservationFilterChainDecorator.java:128)
	at org.springframework.security.web.access.intercept.AuthorizationFilter.doFilter(AuthorizationFilter.java:100)
	at org.springframework.security.web.ObservationFilterChainDecorator$ObservationFilter.wrapFilter(ObservationFilterChainDecorator.java:240)
	at org.springframework.security.web.ObservationFilterChainDecorator$ObservationFilter.doFilter(ObservationFilterChainDecorator.java:227)
	at org.springframework.security.web.ObservationFilterChainDecorator$VirtualFilterChain.doFilter(ObservationFilterChainDecorator.java:137)
	at org.springframework.security.web.access.ExceptionTranslationFilter.doFilter(ExceptionTranslationFilter.java:126)
	at org.springframework.security.web.access.ExceptionTranslationFilter.doFilter(ExceptionTranslationFilter.java:120)
	at org.springframework.security.web.ObservationFilterChainDecorator$ObservationFilter.wrapFilter(ObservationFilterChainDecorator.java:240)
	at org.springframework.security.web.ObservationFilterChainDecorator$ObservationFilter.doFilter(ObservationFilterChainDecorator.java:227)
	at org.springframework.security.web.ObservationFilterChainDecorator$VirtualFilterChain.doFilter(ObservationFilterChainDecorator.java:137)
	at org.springframework.security.web.authentication.AnonymousAuthenticationFilter.doFilter(AnonymousAuthenticationFilter.java:100)
	at org.springframework.security.web.ObservationFilterChainDecorator$ObservationFilter.wrapFilter(ObservationFilterChainDecorator.java:240)
	at org.springframework.security.web.ObservationFilterChainDecorator$ObservationFilter.doFilter(ObservationFilterChainDecorator.java:227)
	at org.springframework.security.web.ObservationFilterChainDecorator$VirtualFilterChain.doFilter(ObservationFilterChainDecorator.java:137)
	at org.main.account.security.AppSessionAuthenticationFilter.doFilterInternal(AppSessionAuthenticationFilter.java:52)
	at org.springframework.web.filter.OncePerRequestFilter.doFilter(OncePerRequestFilter.java:116)
	at org.springframework.security.web.ObservationFilterChainDecorator$ObservationFilter.wrapFilter(ObservationFilterChainDecorator.java:240)
	at org.springframework.security.web.ObservationFilterChainDecorator$ObservationFilter.doFilter(ObservationFilterChainDecorator.java:227)
	at org.springframework.security.web.ObservationFilterChainDecorator$VirtualFilterChain.doFilter(ObservationFilterChainDecorator.java:137)
	at org.springframework.security.web.servletapi.SecurityContextHolderAwareRequestFilter.doFilter(SecurityContextHolderAwareRequestFilter.java:179)
	at org.springframework.security.web.ObservationFilterChainDecorator$ObservationFilter.wrapFilter(ObservationFilterChainDecorator.java:240)
	at org.springframework.security.web.ObservationFilterChainDecorator$ObservationFilter.doFilter(ObservationFilterChainDecorator.java:227)
	at org.springframework.security.web.ObservationFilterChainDecorator$VirtualFilterChain.doFilter(ObservationFilterChainDecorator.java:137)
	at org.springframework.security.web.savedrequest.RequestCacheAwareFilter.doFilter(RequestCacheAwareFilter.java:63)
	at org.springframework.security.web.ObservationFilterChainDecorator$ObservationFilter.wrapFilter(ObservationFilterChainDecorator.java:240)
	at org.springframework.security.web.ObservationFilterChainDecorator$ObservationFilter.doFilter(ObservationFilterChainDecorator.java:227)
	at org.springframework.security.web.ObservationFilterChainDecorator$VirtualFilterChain.doFilter(ObservationFilterChainDecorator.java:137)
	at org.springframework.security.web.authentication.AbstractAuthenticationProcessingFilter.doFilter(AbstractAuthenticationProcessingFilter.java:227)
	at org.springframework.security.web.authentication.AbstractAuthenticationProcessingFilter.doFilter(AbstractAuthenticationProcessingFilter.java:221)
	at org.springframework.security.web.ObservationFilterChainDecorator$ObservationFilter.wrapFilter(ObservationFilterChainDecorator.java:240)
	at org.springframework.security.web.ObservationFilterChainDecorator$ObservationFilter.doFilter(ObservationFilterChainDecorator.java:227)
	at org.springframework.security.web.ObservationFilterChainDecorator$VirtualFilterChain.doFilter(ObservationFilterChainDecorator.java:137)
	at org.springframework.security.oauth2.client.web.OAuth2AuthorizationRequestRedirectFilter.doFilterInternal(OAuth2AuthorizationRequestRedirectFilter.java:198)
	at org.springframework.web.filter.OncePerRequestFilter.doFilter(OncePerRequestFilter.java:116)
	at org.springframework.security.web.ObservationFilterChainDecorator$ObservationFilter.wrapFilter(ObservationFilterChainDecorator.java:240)
	at org.springframework.security.web.ObservationFilterChainDecorator$ObservationFilter.doFilter(ObservationFilterChainDecorator.java:227)
	at org.springframework.security.web.ObservationFilterChainDecorator$VirtualFilterChain.doFilter(ObservationFilterChainDecorator.java:137)
	at org.springframework.security.web.authentication.logout.LogoutFilter.doFilter(LogoutFilter.java:107)
	at org.springframework.security.web.authentication.logout.LogoutFilter.doFilter(LogoutFilter.java:93)
	at org.springframework.security.web.ObservationFilterChainDecorator$ObservationFilter.wrapFilter(ObservationFilterChainDecorator.java:240)
	at org.springframework.security.web.ObservationFilterChainDecorator$ObservationFilter.doFilter(ObservationFilterChainDecorator.java:227)
	at org.springframework.security.web.ObservationFilterChainDecorator$VirtualFilterChain.doFilter(ObservationFilterChainDecorator.java:137)
	at org.springframework.security.web.csrf.CsrfFilter.doFilterInternal(CsrfFilter.java:131)
	at org.springframework.web.filter.OncePerRequestFilter.doFilter(OncePerRequestFilter.java:116)
	at org.springframework.security.web.ObservationFilterChainDecorator$ObservationFilter.wrapFilter(ObservationFilterChainDecorator.java:240)
	at org.springframework.security.web.ObservationFilterChainDecorator$ObservationFilter.doFilter(ObservationFilterChainDecorator.java:227)
	at org.springframework.security.web.ObservationFilterChainDecorator$VirtualFilterChain.doFilter(ObservationFilterChainDecorator.java:137)
	at org.springframework.security.web.header.HeaderWriterFilter.doHeadersAfter(HeaderWriterFilter.java:90)
	at org.springframework.security.web.header.HeaderWriterFilter.doFilterInternal(HeaderWriterFilter.java:75)
	at org.springframework.web.filter.OncePerRequestFilter.doFilter(OncePerRequestFilter.java:116)
	at org.springframework.security.web.ObservationFilterChainDecorator$ObservationFilter.wrapFilter(ObservationFilterChainDecorator.java:240)
	at org.springframework.security.web.ObservationFilterChainDecorator$ObservationFilter.doFilter(ObservationFilterChainDecorator.java:227)
	at org.springframework.security.web.ObservationFilterChainDecorator$VirtualFilterChain.doFilter(ObservationFilterChainDecorator.java:137)
	at org.springframework.security.web.context.SecurityContextHolderFilter.doFilter(SecurityContextHolderFilter.java:82)
	at org.springframework.security.web.context.SecurityContextHolderFilter.doFilter(SecurityContextHolderFilter.java:69)
	at org.springframework.security.web.ObservationFilterChainDecorator$ObservationFilter.wrapFilter(ObservationFilterChainDecorator.java:240)
	at org.springframework.security.web.ObservationFilterChainDecorator$ObservationFilter.doFilter(ObservationFilterChainDecorator.java:227)
	at org.springframework.security.web.ObservationFilterChainDecorator$VirtualFilterChain.doFilter(ObservationFilterChainDecorator.java:137)
	at org.springframework.security.web.context.request.async.WebAsyncManagerIntegrationFilter.doFilterInternal(WebAsyncManagerIntegrationFilter.java:62)
	at org.springframework.web.filter.OncePerRequestFilter.doFilter(OncePerRequestFilter.java:116)
	at org.springframework.security.web.ObservationFilterChainDecorator$ObservationFilter.wrapFilter(ObservationFilterChainDecorator.java:240)
	at org.springframework.security.web.ObservationFilterChainDecorator$ObservationFilter.doFilter(ObservationFilterChainDecorator.java:227)
	at org.springframework.security.web.ObservationFilterChainDecorator$VirtualFilterChain.doFilter(ObservationFilterChainDecorator.java:137)
	at org.springframework.security.web.session.DisableEncodeUrlFilter.doFilterInternal(DisableEncodeUrlFilter.java:42)
	at org.springframework.web.filter.OncePerRequestFilter.doFilter(OncePerRequestFilter.java:116)
	at org.springframework.security.web.ObservationFilterChainDecorator$ObservationFilter.wrapFilter(ObservationFilterChainDecorator.java:240)
	at org.springframework.security.web.ObservationFilterChainDecorator$AroundFilterObservation$SimpleAroundFilterObservation.lambda$wrap$0(ObservationFilterChainDecorator.java:323)
	at org.springframework.security.web.ObservationFilterChainDecorator$ObservationFilter.doFilter(ObservationFilterChainDecorator.java:224)
	at org.springframework.security.web.ObservationFilterChainDecorator$VirtualFilterChain.doFilter(ObservationFilterChainDecorator.java:137)
	at org.springframework.security.web.FilterChainProxy.doFilterInternal(FilterChainProxy.java:233)
	at org.springframework.security.web.FilterChainProxy.doFilter(FilterChainProxy.java:191)
	at org.springframework.web.filter.CompositeFilter$VirtualFilterChain.doFilter(CompositeFilter.java:113)
	at org.springframework.web.servlet.handler.HandlerMappingIntrospector.lambda$createCacheFilter$3(HandlerMappingIntrospector.java:195)
	at org.springframework.web.filter.CompositeFilter$VirtualFilterChain.doFilter(CompositeFilter.java:113)
	at org.springframework.web.filter.CompositeFilter.doFilter(CompositeFilter.java:74)
	at org.springframework.security.config.annotation.web.configuration.WebMvcSecurityConfiguration$CompositeFilterChainProxy.doFilter(WebMvcSecurityConfiguration.java:230)
	at org.springframework.web.filter.DelegatingFilterProxy.invokeDelegate(DelegatingFilterProxy.java:352)
	at org.springframework.web.filter.DelegatingFilterProxy.doFilter(DelegatingFilterProxy.java:268)
	at org.apache.catalina.core.ApplicationFilterChain.internalDoFilter(ApplicationFilterChain.java:164)
	at org.apache.catalina.core.ApplicationFilterChain.doFilter(ApplicationFilterChain.java:140)
	at org.springframework.web.filter.RequestContextFilter.doFilterInternal(RequestContextFilter.java:100)
	at org.springframework.web.filter.OncePerRequestFilter.doFilter(OncePerRequestFilter.java:116)
	at org.apache.catalina.core.ApplicationFilterChain.internalDoFilter(ApplicationFilterChain.java:164)
	at org.apache.catalina.core.ApplicationFilterChain.doFilter(ApplicationFilterChain.java:140)
	at org.springframework.web.filter.FormContentFilter.doFilterInternal(FormContentFilter.java:93)
	at org.springframework.web.filter.OncePerRequestFilter.doFilter(OncePerRequestFilter.java:116)
	at org.apache.catalina.core.ApplicationFilterChain.internalDoFilter(ApplicationFilterChain.java:164)
	at org.apache.catalina.core.ApplicationFilterChain.doFilter(ApplicationFilterChain.java:140)
	at org.springframework.web.filter.ServerHttpObservationFilter.doFilterInternal(ServerHttpObservationFilter.java:113)
	at org.springframework.web.filter.OncePerRequestFilter.doFilter(OncePerRequestFilter.java:116)
	at org.apache.catalina.core.ApplicationFilterChain.internalDoFilter(ApplicationFilterChain.java:164)
	at org.apache.catalina.core.ApplicationFilterChain.doFilter(ApplicationFilterChain.java:140)
	at org.springframework.web.filter.CharacterEncodingFilter.doFilterInternal(CharacterEncodingFilter.java:201)
	at org.springframework.web.filter.OncePerRequestFilter.doFilter(OncePerRequestFilter.java:116)
	at org.apache.catalina.core.ApplicationFilterChain.internalDoFilter(ApplicationFilterChain.java:164)
	at org.apache.catalina.core.ApplicationFilterChain.doFilter(ApplicationFilterChain.java:140)
	at org.apache.catalina.core.StandardWrapperValve.invoke(StandardWrapperValve.java:167)
	at org.apache.catalina.core.StandardContextValve.invoke(StandardContextValve.java:90)
	at org.apache.catalina.authenticator.AuthenticatorBase.invoke(AuthenticatorBase.java:483)
	at org.apache.catalina.core.StandardHostValve.invoke(StandardHostValve.java:115)
	at org.apache.catalina.valves.ErrorReportValve.invoke(ErrorReportValve.java:93)
	at org.apache.catalina.core.StandardEngineValve.invoke(StandardEngineValve.java:74)
	at org.apache.catalina.connector.CoyoteAdapter.service(CoyoteAdapter.java:344)
	at org.apache.coyote.http11.Http11Processor.service(Http11Processor.java:384)
	at org.apache.coyote.AbstractProcessorLight.process(AbstractProcessorLight.java:63)
	at org.apache.coyote.AbstractProtocol$ConnectionHandler.process(AbstractProtocol.java:904)
	at org.apache.tomcat.util.net.NioEndpoint$SocketProcessor.doRun(NioEndpoint.java:1741)
	at org.apache.tomcat.util.net.SocketProcessorBase.run(SocketProcessorBase.java:52)
	at org.apache.tomcat.util.threads.ThreadPoolExecutor.runWorker(ThreadPoolExecutor.java:1190)
	at org.apache.tomcat.util.threads.ThreadPoolExecutor$Worker.run(ThreadPoolExecutor.java:659)
	at org.apache.tomcat.util.threads.TaskThread$WrappingRunnable.run(TaskThread.java:63)
	at java.base/java.lang.Thread.run(Thread.java:1575)
2026-07-13 22:10:22.304 [http-nio-8080-exec-1] ERROR o.m.handler.GlobalExceptionHandler [requestId=0d3088b1-2bf2-42f5-836a-a2b211f11ab3] [path=/api/crawl/euw/latest-player] - Handled exception: errorId=689927e3-a62d-4a88-897c-9ba4000be7dd, code=EXTERNAL_SERVICE_ERROR, path=/api/crawl/euw/latest-player, context={requestId=0d3088b1-2bf2-42f5-836a-a2b211f11ab3, method=POST, query=limit=20}
org.main.exception.ExternalServiceException: Riot API returned HTTP error: 401 UNAUTHORIZED
	at org.main.client.RiotApiHttpClient.exchange(RiotApiHttpClient.java:174)
	at org.main.client.RiotApiHttpClient.getMatchIdsByPuuidEurope(RiotApiHttpClient.java:83)
	at org.main.service.CrawlerServiceImpl.fetchMatchIds(CrawlerServiceImpl.java:191)
	at org.main.service.CrawlerServiceImpl.crawlPuuidEUW(CrawlerServiceImpl.java:73)
	at org.main.service.CrawlerServiceImpl.crawlLatestPlayerEUW(CrawlerServiceImpl.java:281)
	at org.main.controller.CrawlerController.crawlLatestPlayer(CrawlerController.java:81)
	at java.base/jdk.internal.reflect.DirectMethodHandleAccessor.invoke(DirectMethodHandleAccessor.java:103)
	at java.base/java.lang.reflect.Method.invoke(Method.java:580)
	at org.springframework.web.method.support.InvocableHandlerMethod.doInvoke(InvocableHandlerMethod.java:255)
	at org.springframework.web.method.support.InvocableHandlerMethod.invokeForRequest(InvocableHandlerMethod.java:188)
	at org.springframework.web.servlet.mvc.method.annotation.ServletInvocableHandlerMethod.invokeAndHandle(ServletInvocableHandlerMethod.java:118)
	at org.springframework.web.servlet.mvc.method.annotation.RequestMappingHandlerAdapter.invokeHandlerMethod(RequestMappingHandlerAdapter.java:926)
	at org.springframework.web.servlet.mvc.method.annotation.RequestMappingHandlerAdapter.handleInternal(RequestMappingHandlerAdapter.java:831)
	at org.springframework.web.servlet.mvc.method.AbstractHandlerMethodAdapter.handle(AbstractHandlerMethodAdapter.java:87)
	at org.springframework.web.servlet.DispatcherServlet.doDispatch(DispatcherServlet.java:1089)
	at org.springframework.web.servlet.DispatcherServlet.doService(DispatcherServlet.java:979)
	at org.springframework.web.servlet.FrameworkServlet.processRequest(FrameworkServlet.java:1014)
	at org.springframework.web.servlet.FrameworkServlet.doPost(FrameworkServlet.java:914)
	at jakarta.servlet.http.HttpServlet.service(HttpServlet.java:590)
	at org.springframework.web.servlet.FrameworkServlet.service(FrameworkServlet.java:885)
	at jakarta.servlet.http.HttpServlet.service(HttpServlet.java:658)
	at org.apache.catalina.core.ApplicationFilterChain.internalDoFilter(ApplicationFilterChain.java:195)
	at org.apache.catalina.core.ApplicationFilterChain.doFilter(ApplicationFilterChain.java:140)
	at org.apache.tomcat.websocket.server.WsFilter.doFilter(WsFilter.java:51)
	at org.apache.catalina.core.ApplicationFilterChain.internalDoFilter(ApplicationFilterChain.java:164)
	at org.apache.catalina.core.ApplicationFilterChain.doFilter(ApplicationFilterChain.java:140)
	at org.main.config.RequestLoggingFilter.doFilterInternal(RequestLoggingFilter.java:32)
	at org.springframework.web.filter.OncePerRequestFilter.doFilter(OncePerRequestFilter.java:116)
	at org.apache.catalina.core.ApplicationFilterChain.internalDoFilter(ApplicationFilterChain.java:164)
	at org.apache.catalina.core.ApplicationFilterChain.doFilter(ApplicationFilterChain.java:140)
	at org.springframework.web.filter.OncePerRequestFilter.doFilter(OncePerRequestFilter.java:110)
	at org.apache.catalina.core.ApplicationFilterChain.internalDoFilter(ApplicationFilterChain.java:164)
	at org.apache.catalina.core.ApplicationFilterChain.doFilter(ApplicationFilterChain.java:140)
	at org.springframework.web.filter.CompositeFilter$VirtualFilterChain.doFilter(CompositeFilter.java:108)
	at org.springframework.security.web.FilterChainProxy.lambda$doFilterInternal$3(FilterChainProxy.java:231)
	at org.springframework.security.web.ObservationFilterChainDecorator$FilterObservation$SimpleFilterObservation.lambda$wrap$1(ObservationFilterChainDecorator.java:479)
	at org.springframework.security.web.ObservationFilterChainDecorator$AroundFilterObservation$SimpleAroundFilterObservation.lambda$wrap$1(ObservationFilterChainDecorator.java:340)
	at org.springframework.security.web.ObservationFilterChainDecorator.lambda$wrapSecured$0(ObservationFilterChainDecorator.java:82)
	at org.springframework.security.web.ObservationFilterChainDecorator$VirtualFilterChain.doFilter(ObservationFilterChainDecorator.java:128)
	at org.springframework.security.web.access.intercept.AuthorizationFilter.doFilter(AuthorizationFilter.java:100)
	at org.springframework.security.web.ObservationFilterChainDecorator$ObservationFilter.wrapFilter(ObservationFilterChainDecorator.java:240)
	at org.springframework.security.web.ObservationFilterChainDecorator$ObservationFilter.doFilter(ObservationFilterChainDecorator.java:227)
	at org.springframework.security.web.ObservationFilterChainDecorator$VirtualFilterChain.doFilter(ObservationFilterChainDecorator.java:137)
	at org.springframework.security.web.access.ExceptionTranslationFilter.doFilter(ExceptionTranslationFilter.java:126)
	at org.springframework.security.web.access.ExceptionTranslationFilter.doFilter(ExceptionTranslationFilter.java:120)
	at org.springframework.security.web.ObservationFilterChainDecorator$ObservationFilter.wrapFilter(ObservationFilterChainDecorator.java:240)
	at org.springframework.security.web.ObservationFilterChainDecorator$ObservationFilter.doFilter(ObservationFilterChainDecorator.java:227)
	at org.springframework.security.web.ObservationFilterChainDecorator$VirtualFilterChain.doFilter(ObservationFilterChainDecorator.java:137)
	at org.springframework.security.web.authentication.AnonymousAuthenticationFilter.doFilter(AnonymousAuthenticationFilter.java:100)
	at org.springframework.security.web.ObservationFilterChainDecorator$ObservationFilter.wrapFilter(ObservationFilterChainDecorator.java:240)
	at org.springframework.security.web.ObservationFilterChainDecorator$ObservationFilter.doFilter(ObservationFilterChainDecorator.java:227)
	at org.springframework.security.web.ObservationFilterChainDecorator$VirtualFilterChain.doFilter(ObservationFilterChainDecorator.java:137)
	at org.main.account.security.AppSessionAuthenticationFilter.doFilterInternal(AppSessionAuthenticationFilter.java:52)
	at org.springframework.web.filter.OncePerRequestFilter.doFilter(OncePerRequestFilter.java:116)
	at org.springframework.security.web.ObservationFilterChainDecorator$ObservationFilter.wrapFilter(ObservationFilterChainDecorator.java:240)
	at org.springframework.security.web.ObservationFilterChainDecorator$ObservationFilter.doFilter(ObservationFilterChainDecorator.java:227)
	at org.springframework.security.web.ObservationFilterChainDecorator$VirtualFilterChain.doFilter(ObservationFilterChainDecorator.java:137)
	at org.springframework.security.web.servletapi.SecurityContextHolderAwareRequestFilter.doFilter(SecurityContextHolderAwareRequestFilter.java:179)
	at org.springframework.security.web.ObservationFilterChainDecorator$ObservationFilter.wrapFilter(ObservationFilterChainDecorator.java:240)
	at org.springframework.security.web.ObservationFilterChainDecorator$ObservationFilter.doFilter(ObservationFilterChainDecorator.java:227)
	at org.springframework.security.web.ObservationFilterChainDecorator$VirtualFilterChain.doFilter(ObservationFilterChainDecorator.java:137)
	at org.springframework.security.web.savedrequest.RequestCacheAwareFilter.doFilter(RequestCacheAwareFilter.java:63)
	at org.springframework.security.web.ObservationFilterChainDecorator$ObservationFilter.wrapFilter(ObservationFilterChainDecorator.java:240)
	at org.springframework.security.web.ObservationFilterChainDecorator$ObservationFilter.doFilter(ObservationFilterChainDecorator.java:227)
	at org.springframework.security.web.ObservationFilterChainDecorator$VirtualFilterChain.doFilter(ObservationFilterChainDecorator.java:137)
	at org.springframework.security.web.authentication.AbstractAuthenticationProcessingFilter.doFilter(AbstractAuthenticationProcessingFilter.java:227)
	at org.springframework.security.web.authentication.AbstractAuthenticationProcessingFilter.doFilter(AbstractAuthenticationProcessingFilter.java:221)
	at org.springframework.security.web.ObservationFilterChainDecorator$ObservationFilter.wrapFilter(ObservationFilterChainDecorator.java:240)
	at org.springframework.security.web.ObservationFilterChainDecorator$ObservationFilter.doFilter(ObservationFilterChainDecorator.java:227)
	at org.springframework.security.web.ObservationFilterChainDecorator$VirtualFilterChain.doFilter(ObservationFilterChainDecorator.java:137)
	at org.springframework.security.oauth2.client.web.OAuth2AuthorizationRequestRedirectFilter.doFilterInternal(OAuth2AuthorizationRequestRedirectFilter.java:198)
	at org.springframework.web.filter.OncePerRequestFilter.doFilter(OncePerRequestFilter.java:116)
	at org.springframework.security.web.ObservationFilterChainDecorator$ObservationFilter.wrapFilter(ObservationFilterChainDecorator.java:240)
	at org.springframework.security.web.ObservationFilterChainDecorator$ObservationFilter.doFilter(ObservationFilterChainDecorator.java:227)
	at org.springframework.security.web.ObservationFilterChainDecorator$VirtualFilterChain.doFilter(ObservationFilterChainDecorator.java:137)
	at org.springframework.security.web.authentication.logout.LogoutFilter.doFilter(LogoutFilter.java:107)
	at org.springframework.security.web.authentication.logout.LogoutFilter.doFilter(LogoutFilter.java:93)
	at org.springframework.security.web.ObservationFilterChainDecorator$ObservationFilter.wrapFilter(ObservationFilterChainDecorator.java:240)
	at org.springframework.security.web.ObservationFilterChainDecorator$ObservationFilter.doFilter(ObservationFilterChainDecorator.java:227)
	at org.springframework.security.web.ObservationFilterChainDecorator$VirtualFilterChain.doFilter(ObservationFilterChainDecorator.java:137)
	at org.springframework.security.web.csrf.CsrfFilter.doFilterInternal(CsrfFilter.java:131)
	at org.springframework.web.filter.OncePerRequestFilter.doFilter(OncePerRequestFilter.java:116)
	at org.springframework.security.web.ObservationFilterChainDecorator$ObservationFilter.wrapFilter(ObservationFilterChainDecorator.java:240)
	at org.springframework.security.web.ObservationFilterChainDecorator$ObservationFilter.doFilter(ObservationFilterChainDecorator.java:227)
	at org.springframework.security.web.ObservationFilterChainDecorator$VirtualFilterChain.doFilter(ObservationFilterChainDecorator.java:137)
	at org.springframework.security.web.header.HeaderWriterFilter.doHeadersAfter(HeaderWriterFilter.java:90)
	at org.springframework.security.web.header.HeaderWriterFilter.doFilterInternal(HeaderWriterFilter.java:75)
	at org.springframework.web.filter.OncePerRequestFilter.doFilter(OncePerRequestFilter.java:116)
	at org.springframework.security.web.ObservationFilterChainDecorator$ObservationFilter.wrapFilter(ObservationFilterChainDecorator.java:240)
	at org.springframework.security.web.ObservationFilterChainDecorator$ObservationFilter.doFilter(ObservationFilterChainDecorator.java:227)
	at org.springframework.security.web.ObservationFilterChainDecorator$VirtualFilterChain.doFilter(ObservationFilterChainDecorator.java:137)
	at org.springframework.security.web.context.SecurityContextHolderFilter.doFilter(SecurityContextHolderFilter.java:82)
	at org.springframework.security.web.context.SecurityContextHolderFilter.doFilter(SecurityContextHolderFilter.java:69)
	at org.springframework.security.web.ObservationFilterChainDecorator$ObservationFilter.wrapFilter(ObservationFilterChainDecorator.java:240)
	at org.springframework.security.web.ObservationFilterChainDecorator$ObservationFilter.doFilter(ObservationFilterChainDecorator.java:227)
	at org.springframework.security.web.ObservationFilterChainDecorator$VirtualFilterChain.doFilter(ObservationFilterChainDecorator.java:137)
	at org.springframework.security.web.context.request.async.WebAsyncManagerIntegrationFilter.doFilterInternal(WebAsyncManagerIntegrationFilter.java:62)
	at org.springframework.web.filter.OncePerRequestFilter.doFilter(OncePerRequestFilter.java:116)
	at org.springframework.security.web.ObservationFilterChainDecorator$ObservationFilter.wrapFilter(ObservationFilterChainDecorator.java:240)
	at org.springframework.security.web.ObservationFilterChainDecorator$ObservationFilter.doFilter(ObservationFilterChainDecorator.java:227)
	at org.springframework.security.web.ObservationFilterChainDecorator$VirtualFilterChain.doFilter(ObservationFilterChainDecorator.java:137)
	at org.springframework.security.web.session.DisableEncodeUrlFilter.doFilterInternal(DisableEncodeUrlFilter.java:42)
	at org.springframework.web.filter.OncePerRequestFilter.doFilter(OncePerRequestFilter.java:116)
	at org.springframework.security.web.ObservationFilterChainDecorator$ObservationFilter.wrapFilter(ObservationFilterChainDecorator.java:240)
	at org.springframework.security.web.ObservationFilterChainDecorator$AroundFilterObservation$SimpleAroundFilterObservation.lambda$wrap$0(ObservationFilterChainDecorator.java:323)
	at org.springframework.security.web.ObservationFilterChainDecorator$ObservationFilter.doFilter(ObservationFilterChainDecorator.java:224)
	at org.springframework.security.web.ObservationFilterChainDecorator$VirtualFilterChain.doFilter(ObservationFilterChainDecorator.java:137)
	at org.springframework.security.web.FilterChainProxy.doFilterInternal(FilterChainProxy.java:233)
	at org.springframework.security.web.FilterChainProxy.doFilter(FilterChainProxy.java:191)
	at org.springframework.web.filter.CompositeFilter$VirtualFilterChain.doFilter(CompositeFilter.java:113)
	at org.springframework.web.servlet.handler.HandlerMappingIntrospector.lambda$createCacheFilter$3(HandlerMappingIntrospector.java:195)
	at org.springframework.web.filter.CompositeFilter$VirtualFilterChain.doFilter(CompositeFilter.java:113)
	at org.springframework.web.filter.CompositeFilter.doFilter(CompositeFilter.java:74)
	at org.springframework.security.config.annotation.web.configuration.WebMvcSecurityConfiguration$CompositeFilterChainProxy.doFilter(WebMvcSecurityConfiguration.java:230)
	at org.springframework.web.filter.DelegatingFilterProxy.invokeDelegate(DelegatingFilterProxy.java:352)
	at org.springframework.web.filter.DelegatingFilterProxy.doFilter(DelegatingFilterProxy.java:268)
	at org.apache.catalina.core.ApplicationFilterChain.internalDoFilter(ApplicationFilterChain.java:164)
	at org.apache.catalina.core.ApplicationFilterChain.doFilter(ApplicationFilterChain.java:140)
	at org.springframework.web.filter.RequestContextFilter.doFilterInternal(RequestContextFilter.java:100)
	at org.springframework.web.filter.OncePerRequestFilter.doFilter(OncePerRequestFilter.java:116)
	at org.apache.catalina.core.ApplicationFilterChain.internalDoFilter(ApplicationFilterChain.java:164)
	at org.apache.catalina.core.ApplicationFilterChain.doFilter(ApplicationFilterChain.java:140)
	at org.springframework.web.filter.FormContentFilter.doFilterInternal(FormContentFilter.java:93)
	at org.springframework.web.filter.OncePerRequestFilter.doFilter(OncePerRequestFilter.java:116)
	at org.apache.catalina.core.ApplicationFilterChain.internalDoFilter(ApplicationFilterChain.java:164)
	at org.apache.catalina.core.ApplicationFilterChain.doFilter(ApplicationFilterChain.java:140)
	at org.springframework.web.filter.ServerHttpObservationFilter.doFilterInternal(ServerHttpObservationFilter.java:113)
	at org.springframework.web.filter.OncePerRequestFilter.doFilter(OncePerRequestFilter.java:116)
	at org.apache.catalina.core.ApplicationFilterChain.internalDoFilter(ApplicationFilterChain.java:164)
	at org.apache.catalina.core.ApplicationFilterChain.doFilter(ApplicationFilterChain.java:140)
	at org.springframework.web.filter.CharacterEncodingFilter.doFilterInternal(CharacterEncodingFilter.java:201)
	at org.springframework.web.filter.OncePerRequestFilter.doFilter(OncePerRequestFilter.java:116)
	at org.apache.catalina.core.ApplicationFilterChain.internalDoFilter(ApplicationFilterChain.java:164)
	at org.apache.catalina.core.ApplicationFilterChain.doFilter(ApplicationFilterChain.java:140)
	at org.apache.catalina.core.StandardWrapperValve.invoke(StandardWrapperValve.java:167)
	at org.apache.catalina.core.StandardContextValve.invoke(StandardContextValve.java:90)
	at org.apache.catalina.authenticator.AuthenticatorBase.invoke(AuthenticatorBase.java:483)
	at org.apache.catalina.core.StandardHostValve.invoke(StandardHostValve.java:115)
	at org.apache.catalina.valves.ErrorReportValve.invoke(ErrorReportValve.java:93)
	at org.apache.catalina.core.StandardEngineValve.invoke(StandardEngineValve.java:74)
	at org.apache.catalina.connector.CoyoteAdapter.service(CoyoteAdapter.java:344)
	at org.apache.coyote.http11.Http11Processor.service(Http11Processor.java:384)
	at org.apache.coyote.AbstractProcessorLight.process(AbstractProcessorLight.java:63)
	at org.apache.coyote.AbstractProtocol$ConnectionHandler.process(AbstractProtocol.java:904)
	at org.apache.tomcat.util.net.NioEndpoint$SocketProcessor.doRun(NioEndpoint.java:1741)
	at org.apache.tomcat.util.net.SocketProcessorBase.run(SocketProcessorBase.java:52)
	at org.apache.tomcat.util.threads.ThreadPoolExecutor.runWorker(ThreadPoolExecutor.java:1190)
	at org.apache.tomcat.util.threads.ThreadPoolExecutor$Worker.run(ThreadPoolExecutor.java:659)
	at org.apache.tomcat.util.threads.TaskThread$WrappingRunnable.run(TaskThread.java:63)
	at java.base/java.lang.Thread.run(Thread.java:1575)
Caused by: org.springframework.web.client.HttpClientErrorException$Unauthorized: 401 Unauthorized: "{"status":{"message":"Unknown apikey","status_code":401}}"
	at org.springframework.web.client.HttpClientErrorException.create(HttpClientErrorException.java:106)
	at org.springframework.web.client.DefaultResponseErrorHandler.handleError(DefaultResponseErrorHandler.java:183)
	at org.springframework.web.client.DefaultResponseErrorHandler.handleError(DefaultResponseErrorHandler.java:137)
	at org.springframework.web.client.ResponseErrorHandler.handleError(ResponseErrorHandler.java:63)
	at org.springframework.web.client.RestTemplate.handleResponse(RestTemplate.java:942)
	at org.springframework.web.client.RestTemplate.doExecute(RestTemplate.java:891)
	at org.springframework.web.client.RestTemplate.execute(RestTemplate.java:790)
	at org.springframework.web.client.RestTemplate.exchange(RestTemplate.java:672)
	at org.main.client.RiotApiHttpClient.exchange(RiotApiHttpClient.java:149)
	... 149 common frames omitted
2026-07-13 22:10:22.308 [http-nio-8080-exec-1] WARN  o.s.w.s.m.m.a.ExceptionHandlerExceptionResolver [requestId=0d3088b1-2bf2-42f5-836a-a2b211f11ab3] [path=/api/crawl/euw/latest-player] - Resolved [org.main.exception.ExternalServiceException: Riot API returned HTTP error: 401 UNAUTHORIZED]
2026-07-13 22:10:22.422 [restartedMain] INFO  com.zaxxer.hikari.pool.HikariPool [requestId=] [path=] - HikariPool-1 - Added connection org.postgresql.jdbc.PgConnection@6ac1af42
2026-07-13 22:10:22.425 [restartedMain] INFO  com.zaxxer.hikari.HikariDataSource [requestId=] [path=] - HikariPool-1 - Start completed.
2026-07-13 22:10:22.482 [restartedMain] INFO  org.flywaydb.core.FlywayExecutor [requestId=] [path=] - Database: jdbc:postgresql://localhost:5432/postgres (PostgreSQL 18.0)
2026-07-13 22:10:22.493 [restartedMain] WARN  o.f.c.i.database.base.Database [requestId=] [path=] - Flyway upgrade recommended: PostgreSQL 18.0 is newer than this version of Flyway and support has not been tested. The latest supported version of PostgreSQL is 16.
2026-07-13 22:10:22.570 [restartedMain] INFO  o.f.core.internal.command.DbValidate [requestId=] [path=] - Successfully validated 3 migrations (execution time 00:00.059s)
2026-07-13 22:10:22.632 [restartedMain] INFO  o.f.core.internal.command.DbMigrate [requestId=] [path=] - Current version of schema "app": 2
2026-07-13 22:10:22.639 [restartedMain] INFO  o.f.core.internal.command.DbMigrate [requestId=] [path=] - Schema "app" is up to date. No migration necessary.
2026-07-13 22:10:22.830 [restartedMain] INFO  o.h.jpa.internal.util.LogHelper [requestId=] [path=] - HHH000204: Processing PersistenceUnitInfo [name: default]
2026-07-13 22:10:22.962 [restartedMain] INFO  org.hibernate.Version [requestId=] [path=] - HHH000412: Hibernate ORM core version 6.5.2.Final
2026-07-13 22:10:23.023 [restartedMain] INFO  o.h.c.i.RegionFactoryInitiator [requestId=] [path=] - HHH000026: Second-level cache disabled
2026-07-13 22:10:23.644 [restartedMain] INFO  o.s.o.j.p.SpringPersistenceUnitInfo [requestId=] [path=] - No LoadTimeWeaver setup: ignoring JPA class transformer
2026-07-13 22:10:26.025 [restartedMain] INFO  o.h.e.t.j.p.i.JtaPlatformInitiator [requestId=] [path=] - HHH000489: No JTA platform available (set 'hibernate.transaction.jta.platform' to enable JTA platform integration)
2026-07-13 22:10:26.158 [restartedMain] INFO  o.s.o.j.LocalContainerEntityManagerFactoryBean [requestId=] [path=] - Initialized JPA EntityManagerFactory for persistence unit 'default'
2026-07-13 22:10:26.606 [restartedMain] INFO  o.s.d.j.r.query.QueryEnhancerFactory [requestId=] [path=] - Hibernate is in classpath; If applicable, HQL parser will be used.
2026-07-13 22:10:27.642 [restartedMain] DEBUG o.main.config.RequestLoggingFilter [requestId=] [path=] - Filter 'requestLoggingFilter' configured for use
2026-07-13 22:10:27.643 [restartedMain] DEBUG o.m.a.s.AppSessionAuthenticationFilter [requestId=] [path=] - Filter 'appSessionAuthenticationFilter' configured for use
2026-07-13 22:10:28.372 [restartedMain] INFO  org.main.client.RiotApiHttpClient [requestId=] [path=] - Riot API client initialized. Key prefix='RGAPI-cb***', startsWithRGAPI=true
2026-07-13 22:10:29.495 [restartedMain] INFO  o.s.b.a.w.s.WelcomePageHandlerMapping [requestId=] [path=] - Adding welcome page: class path resource [static/index.html]
2026-07-13 22:10:29.985 [restartedMain] INFO  o.s.b.a.e.web.EndpointLinksResolver [requestId=] [path=] - Exposing 1 endpoint beneath base path '/actuator'
2026-07-13 22:10:31.283 [restartedMain] WARN  o.s.b.d.a.OptionalLiveReloadServer [requestId=] [path=] - Unable to start LiveReload server
2026-07-13 22:10:31.412 [restartedMain] INFO  o.a.coyote.http11.Http11NioProtocol [requestId=] [path=] - Starting ProtocolHandler ["http-nio-8080"]
2026-07-13 22:10:31.430 [restartedMain] WARN  o.s.b.w.s.c.AnnotationConfigServletWebServerApplicationContext [requestId=] [path=] - Exception encountered during context initialization - cancelling refresh attempt: org.springframework.context.ApplicationContextException: Failed to start bean 'webServerStartStop'
2026-07-13 22:10:31.441 [restartedMain] INFO  o.s.o.j.LocalContainerEntityManagerFactoryBean [requestId=] [path=] - Closing JPA EntityManagerFactory for persistence unit 'default'
2026-07-13 22:10:31.453 [restartedMain] INFO  com.zaxxer.hikari.HikariDataSource [requestId=] [path=] - HikariPool-1 - Shutdown initiated...
2026-07-13 22:10:31.471 [restartedMain] INFO  com.zaxxer.hikari.HikariDataSource [requestId=] [path=] - HikariPool-1 - Shutdown completed.
2026-07-13 22:10:31.506 [restartedMain] INFO  o.s.b.a.l.ConditionEvaluationReportLogger [requestId=] [path=] - 

Error starting ApplicationContext. To display the condition evaluation report re-run your application with 'debug' enabled.
2026-07-13 22:10:31.555 [restartedMain] ERROR o.s.b.d.LoggingFailureAnalysisReporter [requestId=] [path=] - 

***************************
APPLICATION FAILED TO START
***************************

Description:

Web server failed to start. Port 8080 was already in use.

Action:

Identify and stop the process that's listening on port 8080 or configure this application to listen on another port.

2026-07-13 22:11:35.013 [background-preinit] INFO  o.h.validator.internal.util.Version [requestId=] [path=] - HV000001: Hibernate Validator 8.0.1.Final
2026-07-13 22:11:35.085 [restartedMain] INFO  org.main.RiotPractice [requestId=] [path=] - Starting RiotPractice using Java 23.0.2 with PID 4208 (D:\Games\RiotApiPractice\target\classes started by egors in D:\Games\RiotApiPractice)
2026-07-13 22:11:35.085 [restartedMain] DEBUG org.main.RiotPractice [requestId=] [path=] - Running with Spring Boot v3.3.3, Spring v6.1.12
2026-07-13 22:11:35.086 [restartedMain] INFO  org.main.RiotPractice [requestId=] [path=] - No active profile set, falling back to 1 default profile: "default"
2026-07-13 22:11:35.168 [restartedMain] INFO  o.s.b.d.e.DevToolsPropertyDefaultsPostProcessor [requestId=] [path=] - Devtools property defaults active! Set 'spring.devtools.add-properties' to 'false' to disable
2026-07-13 22:11:35.170 [restartedMain] INFO  o.s.b.d.e.DevToolsPropertyDefaultsPostProcessor [requestId=] [path=] - For additional web related logging consider setting the 'logging.level.web' property to 'DEBUG'
2026-07-13 22:11:37.949 [restartedMain] INFO  o.s.d.r.c.RepositoryConfigurationDelegate [requestId=] [path=] - Bootstrapping Spring Data JPA repositories in DEFAULT mode.
2026-07-13 22:11:38.175 [restartedMain] INFO  o.s.d.r.c.RepositoryConfigurationDelegate [requestId=] [path=] - Finished Spring Data repository scanning in 211 ms. Found 15 JPA repository interfaces.
2026-07-13 22:11:40.138 [restartedMain] INFO  o.s.b.w.e.tomcat.TomcatWebServer [requestId=] [path=] - Tomcat initialized with port 8080 (http)
2026-07-13 22:11:40.164 [restartedMain] INFO  o.a.coyote.http11.Http11NioProtocol [requestId=] [path=] - Initializing ProtocolHandler ["http-nio-8080"]
2026-07-13 22:11:40.172 [restartedMain] INFO  o.a.catalina.core.StandardService [requestId=] [path=] - Starting service [Tomcat]
2026-07-13 22:11:40.173 [restartedMain] INFO  o.a.catalina.core.StandardEngine [requestId=] [path=] - Starting Servlet engine: [Apache Tomcat/10.1.28]
2026-07-13 22:11:40.271 [restartedMain] INFO  o.a.c.c.C.[Tomcat].[localhost].[/] [requestId=] [path=] - Initializing Spring embedded WebApplicationContext
2026-07-13 22:11:40.273 [restartedMain] INFO  o.s.b.w.s.c.ServletWebServerApplicationContext [requestId=] [path=] - Root WebApplicationContext: initialization completed in 5100 ms
2026-07-13 22:11:41.261 [restartedMain] INFO  com.zaxxer.hikari.HikariDataSource [requestId=] [path=] - HikariPool-1 - Starting...
2026-07-13 22:11:41.626 [restartedMain] INFO  com.zaxxer.hikari.pool.HikariPool [requestId=] [path=] - HikariPool-1 - Added connection org.postgresql.jdbc.PgConnection@3c4acca9
2026-07-13 22:11:41.631 [restartedMain] INFO  com.zaxxer.hikari.HikariDataSource [requestId=] [path=] - HikariPool-1 - Start completed.
2026-07-13 22:11:41.687 [restartedMain] INFO  org.flywaydb.core.FlywayExecutor [requestId=] [path=] - Database: jdbc:postgresql://localhost:5432/postgres (PostgreSQL 18.0)
2026-07-13 22:11:41.712 [restartedMain] WARN  o.f.c.i.database.base.Database [requestId=] [path=] - Flyway upgrade recommended: PostgreSQL 18.0 is newer than this version of Flyway and support has not been tested. The latest supported version of PostgreSQL is 16.
2026-07-13 22:11:41.816 [restartedMain] INFO  o.f.core.internal.command.DbValidate [requestId=] [path=] - Successfully validated 3 migrations (execution time 00:00.080s)
2026-07-13 22:11:41.865 [restartedMain] INFO  o.f.core.internal.command.DbMigrate [requestId=] [path=] - Current version of schema "app": 2
2026-07-13 22:11:41.873 [restartedMain] INFO  o.f.core.internal.command.DbMigrate [requestId=] [path=] - Schema "app" is up to date. No migration necessary.
2026-07-13 22:11:42.128 [restartedMain] INFO  o.h.jpa.internal.util.LogHelper [requestId=] [path=] - HHH000204: Processing PersistenceUnitInfo [name: default]
2026-07-13 22:11:42.329 [restartedMain] INFO  org.hibernate.Version [requestId=] [path=] - HHH000412: Hibernate ORM core version 6.5.2.Final
2026-07-13 22:11:42.417 [restartedMain] INFO  o.h.c.i.RegionFactoryInitiator [requestId=] [path=] - HHH000026: Second-level cache disabled
2026-07-13 22:11:43.205 [restartedMain] INFO  o.s.o.j.p.SpringPersistenceUnitInfo [requestId=] [path=] - No LoadTimeWeaver setup: ignoring JPA class transformer
2026-07-13 22:11:46.222 [restartedMain] INFO  o.h.e.t.j.p.i.JtaPlatformInitiator [requestId=] [path=] - HHH000489: No JTA platform available (set 'hibernate.transaction.jta.platform' to enable JTA platform integration)
2026-07-13 22:11:46.362 [restartedMain] INFO  o.s.o.j.LocalContainerEntityManagerFactoryBean [requestId=] [path=] - Initialized JPA EntityManagerFactory for persistence unit 'default'
2026-07-13 22:11:46.898 [restartedMain] INFO  o.s.d.j.r.query.QueryEnhancerFactory [requestId=] [path=] - Hibernate is in classpath; If applicable, HQL parser will be used.
2026-07-13 22:11:48.075 [restartedMain] DEBUG o.main.config.RequestLoggingFilter [requestId=] [path=] - Filter 'requestLoggingFilter' configured for use
2026-07-13 22:11:48.076 [restartedMain] DEBUG o.m.a.s.AppSessionAuthenticationFilter [requestId=] [path=] - Filter 'appSessionAuthenticationFilter' configured for use
2026-07-13 22:11:49.216 [restartedMain] INFO  org.main.client.RiotApiHttpClient [requestId=] [path=] - Riot API client initialized. Key prefix='RGAPI-cb***', startsWithRGAPI=true
2026-07-13 22:11:50.882 [restartedMain] INFO  o.s.b.a.w.s.WelcomePageHandlerMapping [requestId=] [path=] - Adding welcome page: class path resource [static/index.html]
2026-07-13 22:11:51.474 [restartedMain] INFO  o.s.b.a.e.web.EndpointLinksResolver [requestId=] [path=] - Exposing 1 endpoint beneath base path '/actuator'
2026-07-13 22:11:53.042 [restartedMain] INFO  o.s.b.d.a.OptionalLiveReloadServer [requestId=] [path=] - LiveReload server is running on port 35729
2026-07-13 22:11:53.177 [restartedMain] INFO  o.a.coyote.http11.Http11NioProtocol [requestId=] [path=] - Starting ProtocolHandler ["http-nio-8080"]
2026-07-13 22:11:53.224 [restartedMain] INFO  o.s.b.w.e.tomcat.TomcatWebServer [requestId=] [path=] - Tomcat started on port 8080 (http) with context path '/'
2026-07-13 22:11:53.251 [restartedMain] INFO  org.main.RiotPractice [requestId=] [path=] - Started RiotPractice in 19.01 seconds (process running for 19.966)
2026-07-13 22:11:53.422 [restartedMain] INFO  org.main.RiotPractice [requestId=] [path=] - RiotApiPractice application started successfully
2026-07-13 22:12:04.549 [http-nio-8080-exec-1] INFO  o.a.c.c.C.[Tomcat].[localhost].[/] [requestId=] [path=] - Initializing Spring DispatcherServlet 'dispatcherServlet'
2026-07-13 22:12:04.550 [http-nio-8080-exec-1] INFO  o.s.web.servlet.DispatcherServlet [requestId=] [path=] - Initializing Servlet 'dispatcherServlet'
2026-07-13 22:12:04.553 [http-nio-8080-exec-1] INFO  o.s.web.servlet.DispatcherServlet [requestId=] [path=] - Completed initialization in 3 ms
2026-07-13 22:12:23.231 [http-nio-8080-exec-4] INFO  o.main.controller.CrawlerController [requestId=d3f0e29e-b7d1-44f4-9cf9-a7bd31c30f9c] [path=/api/crawl/euw/latest-player] - Received crawlLatestPlayer request: limit=20
2026-07-13 22:12:23.450 [http-nio-8080-exec-4] INFO  org.main.service.CrawlerServiceImpl [requestId=d3f0e29e-b7d1-44f4-9cf9-a7bd31c30f9c] [path=/api/crawl/euw/latest-player] - Starting crawlLatestPlayerEUW: puuid='D2Qk3WOFCa7dYoY3uB0dpCGiMVQ3COwIH1d5VygT8gumdsK5gxVrGZujCDl5db4gaUh7W47PJw31Cw', gameName='Geddoblaster', tagLine='EUW', requestedLimit=20, effectiveLimit=20
2026-07-13 22:12:23.450 [http-nio-8080-exec-4] INFO  org.main.service.CrawlerServiceImpl [requestId=d3f0e29e-b7d1-44f4-9cf9-a7bd31c30f9c] [path=/api/crawl/euw/latest-player] - Starting crawlPuuidEUW: puuid='D2Qk3WOFCa7dYoY3uB0dpCGiMVQ3COwIH1d5VygT8gumdsK5gxVrGZujCDl5db4gaUh7W47PJw31Cw', requestedLimit=20, effectiveLimit=20
2026-07-13 22:12:23.451 [http-nio-8080-exec-4] DEBUG org.main.service.CrawlerServiceImpl [requestId=d3f0e29e-b7d1-44f4-9cf9-a7bd31c30f9c] [path=/api/crawl/euw/latest-player] - Requesting match id page: puuid='D2Qk3WOFCa7dYoY3uB0dpCGiMVQ3COwIH1d5VygT8gumdsK5gxVrGZujCDl5db4gaUh7W47PJw31Cw', start=0, count=20
2026-07-13 22:12:23.454 [http-nio-8080-exec-4] DEBUG org.main.client.RiotApiHttpClient [requestId=d3f0e29e-b7d1-44f4-9cf9-a7bd31c30f9c] [path=/api/crawl/euw/latest-player] - Calling Riot match ids endpoint: puuid='D2Qk3WOFCa7dYoY3uB0dpCGiMVQ3COwIH1d5VygT8gumdsK5gxVrGZujCDl5db4gaUh7W47PJw31Cw', start=0, count=20
2026-07-13 22:12:24.405 [http-nio-8080-exec-4] ERROR org.main.client.RiotApiHttpClient [requestId=d3f0e29e-b7d1-44f4-9cf9-a7bd31c30f9c] [path=/api/crawl/euw/latest-player] - External HTTP call failed: url='https://europe.api.riotgames.com/lol/match/v5/matches/by-puuid/D2Qk3WOFCa7dYoY3uB0dpCGiMVQ3COwIH1d5VygT8gumdsK5gxVrGZujCDl5db4gaUh7W47PJw31Cw/ids?start=0&count=20', status=401 UNAUTHORIZED, responseBody='{"status":{"message":"Unknown apikey","status_code":401}}'
org.springframework.web.client.HttpClientErrorException$Unauthorized: 401 Unauthorized: "{"status":{"message":"Unknown apikey","status_code":401}}"
	at org.springframework.web.client.HttpClientErrorException.create(HttpClientErrorException.java:106)
	at org.springframework.web.client.DefaultResponseErrorHandler.handleError(DefaultResponseErrorHandler.java:183)
	at org.springframework.web.client.DefaultResponseErrorHandler.handleError(DefaultResponseErrorHandler.java:137)
	at org.springframework.web.client.ResponseErrorHandler.handleError(ResponseErrorHandler.java:63)
	at org.springframework.web.client.RestTemplate.handleResponse(RestTemplate.java:942)
	at org.springframework.web.client.RestTemplate.doExecute(RestTemplate.java:891)
	at org.springframework.web.client.RestTemplate.execute(RestTemplate.java:790)
	at org.springframework.web.client.RestTemplate.exchange(RestTemplate.java:672)
	at org.main.client.RiotApiHttpClient.exchange(RiotApiHttpClient.java:149)
	at org.main.client.RiotApiHttpClient.getMatchIdsByPuuidEurope(RiotApiHttpClient.java:83)
	at org.main.service.CrawlerServiceImpl.fetchMatchIds(CrawlerServiceImpl.java:191)
	at org.main.service.CrawlerServiceImpl.crawlPuuidEUW(CrawlerServiceImpl.java:73)
	at org.main.service.CrawlerServiceImpl.crawlLatestPlayerEUW(CrawlerServiceImpl.java:281)
	at org.main.controller.CrawlerController.crawlLatestPlayer(CrawlerController.java:81)
	at java.base/jdk.internal.reflect.DirectMethodHandleAccessor.invoke(DirectMethodHandleAccessor.java:103)
	at java.base/java.lang.reflect.Method.invoke(Method.java:580)
	at org.springframework.web.method.support.InvocableHandlerMethod.doInvoke(InvocableHandlerMethod.java:255)
	at org.springframework.web.method.support.InvocableHandlerMethod.invokeForRequest(InvocableHandlerMethod.java:188)
	at org.springframework.web.servlet.mvc.method.annotation.ServletInvocableHandlerMethod.invokeAndHandle(ServletInvocableHandlerMethod.java:118)
	at org.springframework.web.servlet.mvc.method.annotation.RequestMappingHandlerAdapter.invokeHandlerMethod(RequestMappingHandlerAdapter.java:926)
	at org.springframework.web.servlet.mvc.method.annotation.RequestMappingHandlerAdapter.handleInternal(RequestMappingHandlerAdapter.java:831)
	at org.springframework.web.servlet.mvc.method.AbstractHandlerMethodAdapter.handle(AbstractHandlerMethodAdapter.java:87)
	at org.springframework.web.servlet.DispatcherServlet.doDispatch(DispatcherServlet.java:1089)
	at org.springframework.web.servlet.DispatcherServlet.doService(DispatcherServlet.java:979)
	at org.springframework.web.servlet.FrameworkServlet.processRequest(FrameworkServlet.java:1014)
	at org.springframework.web.servlet.FrameworkServlet.doPost(FrameworkServlet.java:914)
	at jakarta.servlet.http.HttpServlet.service(HttpServlet.java:590)
	at org.springframework.web.servlet.FrameworkServlet.service(FrameworkServlet.java:885)
	at jakarta.servlet.http.HttpServlet.service(HttpServlet.java:658)
	at org.apache.catalina.core.ApplicationFilterChain.internalDoFilter(ApplicationFilterChain.java:195)
	at org.apache.catalina.core.ApplicationFilterChain.doFilter(ApplicationFilterChain.java:140)
	at org.apache.tomcat.websocket.server.WsFilter.doFilter(WsFilter.java:51)
	at org.apache.catalina.core.ApplicationFilterChain.internalDoFilter(ApplicationFilterChain.java:164)
	at org.apache.catalina.core.ApplicationFilterChain.doFilter(ApplicationFilterChain.java:140)
	at org.main.config.RequestLoggingFilter.doFilterInternal(RequestLoggingFilter.java:32)
	at org.springframework.web.filter.OncePerRequestFilter.doFilter(OncePerRequestFilter.java:116)
	at org.apache.catalina.core.ApplicationFilterChain.internalDoFilter(ApplicationFilterChain.java:164)
	at org.apache.catalina.core.ApplicationFilterChain.doFilter(ApplicationFilterChain.java:140)
	at org.springframework.web.filter.OncePerRequestFilter.doFilter(OncePerRequestFilter.java:110)
	at org.apache.catalina.core.ApplicationFilterChain.internalDoFilter(ApplicationFilterChain.java:164)
	at org.apache.catalina.core.ApplicationFilterChain.doFilter(ApplicationFilterChain.java:140)
	at org.springframework.web.filter.CompositeFilter$VirtualFilterChain.doFilter(CompositeFilter.java:108)
	at org.springframework.security.web.FilterChainProxy.lambda$doFilterInternal$3(FilterChainProxy.java:231)
	at org.springframework.security.web.ObservationFilterChainDecorator$FilterObservation$SimpleFilterObservation.lambda$wrap$1(ObservationFilterChainDecorator.java:479)
	at org.springframework.security.web.ObservationFilterChainDecorator$AroundFilterObservation$SimpleAroundFilterObservation.lambda$wrap$1(ObservationFilterChainDecorator.java:340)
	at org.springframework.security.web.ObservationFilterChainDecorator.lambda$wrapSecured$0(ObservationFilterChainDecorator.java:82)
	at org.springframework.security.web.ObservationFilterChainDecorator$VirtualFilterChain.doFilter(ObservationFilterChainDecorator.java:128)
	at org.springframework.security.web.access.intercept.AuthorizationFilter.doFilter(AuthorizationFilter.java:100)
	at org.springframework.security.web.ObservationFilterChainDecorator$ObservationFilter.wrapFilter(ObservationFilterChainDecorator.java:240)
	at org.springframework.security.web.ObservationFilterChainDecorator$ObservationFilter.doFilter(ObservationFilterChainDecorator.java:227)
	at org.springframework.security.web.ObservationFilterChainDecorator$VirtualFilterChain.doFilter(ObservationFilterChainDecorator.java:137)
	at org.springframework.security.web.access.ExceptionTranslationFilter.doFilter(ExceptionTranslationFilter.java:126)
	at org.springframework.security.web.access.ExceptionTranslationFilter.doFilter(ExceptionTranslationFilter.java:120)
	at org.springframework.security.web.ObservationFilterChainDecorator$ObservationFilter.wrapFilter(ObservationFilterChainDecorator.java:240)
	at org.springframework.security.web.ObservationFilterChainDecorator$ObservationFilter.doFilter(ObservationFilterChainDecorator.java:227)
	at org.springframework.security.web.ObservationFilterChainDecorator$VirtualFilterChain.doFilter(ObservationFilterChainDecorator.java:137)
	at org.springframework.security.web.authentication.AnonymousAuthenticationFilter.doFilter(AnonymousAuthenticationFilter.java:100)
	at org.springframework.security.web.ObservationFilterChainDecorator$ObservationFilter.wrapFilter(ObservationFilterChainDecorator.java:240)
	at org.springframework.security.web.ObservationFilterChainDecorator$ObservationFilter.doFilter(ObservationFilterChainDecorator.java:227)
	at org.springframework.security.web.ObservationFilterChainDecorator$VirtualFilterChain.doFilter(ObservationFilterChainDecorator.java:137)
	at org.main.account.security.AppSessionAuthenticationFilter.doFilterInternal(AppSessionAuthenticationFilter.java:52)
	at org.springframework.web.filter.OncePerRequestFilter.doFilter(OncePerRequestFilter.java:116)
	at org.springframework.security.web.ObservationFilterChainDecorator$ObservationFilter.wrapFilter(ObservationFilterChainDecorator.java:240)
	at org.springframework.security.web.ObservationFilterChainDecorator$ObservationFilter.doFilter(ObservationFilterChainDecorator.java:227)
	at org.springframework.security.web.ObservationFilterChainDecorator$VirtualFilterChain.doFilter(ObservationFilterChainDecorator.java:137)
	at org.springframework.security.web.servletapi.SecurityContextHolderAwareRequestFilter.doFilter(SecurityContextHolderAwareRequestFilter.java:179)
	at org.springframework.security.web.ObservationFilterChainDecorator$ObservationFilter.wrapFilter(ObservationFilterChainDecorator.java:240)
	at org.springframework.security.web.ObservationFilterChainDecorator$ObservationFilter.doFilter(ObservationFilterChainDecorator.java:227)
	at org.springframework.security.web.ObservationFilterChainDecorator$VirtualFilterChain.doFilter(ObservationFilterChainDecorator.java:137)
	at org.springframework.security.web.savedrequest.RequestCacheAwareFilter.doFilter(RequestCacheAwareFilter.java:63)
	at org.springframework.security.web.ObservationFilterChainDecorator$ObservationFilter.wrapFilter(ObservationFilterChainDecorator.java:240)
	at org.springframework.security.web.ObservationFilterChainDecorator$ObservationFilter.doFilter(ObservationFilterChainDecorator.java:227)
	at org.springframework.security.web.ObservationFilterChainDecorator$VirtualFilterChain.doFilter(ObservationFilterChainDecorator.java:137)
	at org.springframework.security.web.authentication.AbstractAuthenticationProcessingFilter.doFilter(AbstractAuthenticationProcessingFilter.java:227)
	at org.springframework.security.web.authentication.AbstractAuthenticationProcessingFilter.doFilter(AbstractAuthenticationProcessingFilter.java:221)
	at org.springframework.security.web.ObservationFilterChainDecorator$ObservationFilter.wrapFilter(ObservationFilterChainDecorator.java:240)
	at org.springframework.security.web.ObservationFilterChainDecorator$ObservationFilter.doFilter(ObservationFilterChainDecorator.java:227)
	at org.springframework.security.web.ObservationFilterChainDecorator$VirtualFilterChain.doFilter(ObservationFilterChainDecorator.java:137)
	at org.springframework.security.oauth2.client.web.OAuth2AuthorizationRequestRedirectFilter.doFilterInternal(OAuth2AuthorizationRequestRedirectFilter.java:198)
	at org.springframework.web.filter.OncePerRequestFilter.doFilter(OncePerRequestFilter.java:116)
	at org.springframework.security.web.ObservationFilterChainDecorator$ObservationFilter.wrapFilter(ObservationFilterChainDecorator.java:240)
	at org.springframework.security.web.ObservationFilterChainDecorator$ObservationFilter.doFilter(ObservationFilterChainDecorator.java:227)
	at org.springframework.security.web.ObservationFilterChainDecorator$VirtualFilterChain.doFilter(ObservationFilterChainDecorator.java:137)
	at org.springframework.security.web.authentication.logout.LogoutFilter.doFilter(LogoutFilter.java:107)
	at org.springframework.security.web.authentication.logout.LogoutFilter.doFilter(LogoutFilter.java:93)
	at org.springframework.security.web.ObservationFilterChainDecorator$ObservationFilter.wrapFilter(ObservationFilterChainDecorator.java:240)
	at org.springframework.security.web.ObservationFilterChainDecorator$ObservationFilter.doFilter(ObservationFilterChainDecorator.java:227)
	at org.springframework.security.web.ObservationFilterChainDecorator$VirtualFilterChain.doFilter(ObservationFilterChainDecorator.java:137)
	at org.springframework.security.web.csrf.CsrfFilter.doFilterInternal(CsrfFilter.java:131)
	at org.springframework.web.filter.OncePerRequestFilter.doFilter(OncePerRequestFilter.java:116)
	at org.springframework.security.web.ObservationFilterChainDecorator$ObservationFilter.wrapFilter(ObservationFilterChainDecorator.java:240)
	at org.springframework.security.web.ObservationFilterChainDecorator$ObservationFilter.doFilter(ObservationFilterChainDecorator.java:227)
	at org.springframework.security.web.ObservationFilterChainDecorator$VirtualFilterChain.doFilter(ObservationFilterChainDecorator.java:137)
	at org.springframework.security.web.header.HeaderWriterFilter.doHeadersAfter(HeaderWriterFilter.java:90)
	at org.springframework.security.web.header.HeaderWriterFilter.doFilterInternal(HeaderWriterFilter.java:75)
	at org.springframework.web.filter.OncePerRequestFilter.doFilter(OncePerRequestFilter.java:116)
	at org.springframework.security.web.ObservationFilterChainDecorator$ObservationFilter.wrapFilter(ObservationFilterChainDecorator.java:240)
	at org.springframework.security.web.ObservationFilterChainDecorator$ObservationFilter.doFilter(ObservationFilterChainDecorator.java:227)
	at org.springframework.security.web.ObservationFilterChainDecorator$VirtualFilterChain.doFilter(ObservationFilterChainDecorator.java:137)
	at org.springframework.security.web.context.SecurityContextHolderFilter.doFilter(SecurityContextHolderFilter.java:82)
	at org.springframework.security.web.context.SecurityContextHolderFilter.doFilter(SecurityContextHolderFilter.java:69)
	at org.springframework.security.web.ObservationFilterChainDecorator$ObservationFilter.wrapFilter(ObservationFilterChainDecorator.java:240)
	at org.springframework.security.web.ObservationFilterChainDecorator$ObservationFilter.doFilter(ObservationFilterChainDecorator.java:227)
	at org.springframework.security.web.ObservationFilterChainDecorator$VirtualFilterChain.doFilter(ObservationFilterChainDecorator.java:137)
	at org.springframework.security.web.context.request.async.WebAsyncManagerIntegrationFilter.doFilterInternal(WebAsyncManagerIntegrationFilter.java:62)
	at org.springframework.web.filter.OncePerRequestFilter.doFilter(OncePerRequestFilter.java:116)
	at org.springframework.security.web.ObservationFilterChainDecorator$ObservationFilter.wrapFilter(ObservationFilterChainDecorator.java:240)
	at org.springframework.security.web.ObservationFilterChainDecorator$ObservationFilter.doFilter(ObservationFilterChainDecorator.java:227)
	at org.springframework.security.web.ObservationFilterChainDecorator$VirtualFilterChain.doFilter(ObservationFilterChainDecorator.java:137)
	at org.springframework.security.web.session.DisableEncodeUrlFilter.doFilterInternal(DisableEncodeUrlFilter.java:42)
	at org.springframework.web.filter.OncePerRequestFilter.doFilter(OncePerRequestFilter.java:116)
	at org.springframework.security.web.ObservationFilterChainDecorator$ObservationFilter.wrapFilter(ObservationFilterChainDecorator.java:240)
	at org.springframework.security.web.ObservationFilterChainDecorator$AroundFilterObservation$SimpleAroundFilterObservation.lambda$wrap$0(ObservationFilterChainDecorator.java:323)
	at org.springframework.security.web.ObservationFilterChainDecorator$ObservationFilter.doFilter(ObservationFilterChainDecorator.java:224)
	at org.springframework.security.web.ObservationFilterChainDecorator$VirtualFilterChain.doFilter(ObservationFilterChainDecorator.java:137)
	at org.springframework.security.web.FilterChainProxy.doFilterInternal(FilterChainProxy.java:233)
	at org.springframework.security.web.FilterChainProxy.doFilter(FilterChainProxy.java:191)
	at org.springframework.web.filter.CompositeFilter$VirtualFilterChain.doFilter(CompositeFilter.java:113)
	at org.springframework.web.servlet.handler.HandlerMappingIntrospector.lambda$createCacheFilter$3(HandlerMappingIntrospector.java:195)
	at org.springframework.web.filter.CompositeFilter$VirtualFilterChain.doFilter(CompositeFilter.java:113)
	at org.springframework.web.filter.CompositeFilter.doFilter(CompositeFilter.java:74)
	at org.springframework.security.config.annotation.web.configuration.WebMvcSecurityConfiguration$CompositeFilterChainProxy.doFilter(WebMvcSecurityConfiguration.java:230)
	at org.springframework.web.filter.DelegatingFilterProxy.invokeDelegate(DelegatingFilterProxy.java:352)
	at org.springframework.web.filter.DelegatingFilterProxy.doFilter(DelegatingFilterProxy.java:268)
	at org.apache.catalina.core.ApplicationFilterChain.internalDoFilter(ApplicationFilterChain.java:164)
	at org.apache.catalina.core.ApplicationFilterChain.doFilter(ApplicationFilterChain.java:140)
	at org.springframework.web.filter.RequestContextFilter.doFilterInternal(RequestContextFilter.java:100)
	at org.springframework.web.filter.OncePerRequestFilter.doFilter(OncePerRequestFilter.java:116)
	at org.apache.catalina.core.ApplicationFilterChain.internalDoFilter(ApplicationFilterChain.java:164)
	at org.apache.catalina.core.ApplicationFilterChain.doFilter(ApplicationFilterChain.java:140)
	at org.springframework.web.filter.FormContentFilter.doFilterInternal(FormContentFilter.java:93)
	at org.springframework.web.filter.OncePerRequestFilter.doFilter(OncePerRequestFilter.java:116)
	at org.apache.catalina.core.ApplicationFilterChain.internalDoFilter(ApplicationFilterChain.java:164)
	at org.apache.catalina.core.ApplicationFilterChain.doFilter(ApplicationFilterChain.java:140)
	at org.springframework.web.filter.ServerHttpObservationFilter.doFilterInternal(ServerHttpObservationFilter.java:113)
	at org.springframework.web.filter.OncePerRequestFilter.doFilter(OncePerRequestFilter.java:116)
	at org.apache.catalina.core.ApplicationFilterChain.internalDoFilter(ApplicationFilterChain.java:164)
	at org.apache.catalina.core.ApplicationFilterChain.doFilter(ApplicationFilterChain.java:140)
	at org.springframework.web.filter.CharacterEncodingFilter.doFilterInternal(CharacterEncodingFilter.java:201)
	at org.springframework.web.filter.OncePerRequestFilter.doFilter(OncePerRequestFilter.java:116)
	at org.apache.catalina.core.ApplicationFilterChain.internalDoFilter(ApplicationFilterChain.java:164)
	at org.apache.catalina.core.ApplicationFilterChain.doFilter(ApplicationFilterChain.java:140)
	at org.apache.catalina.core.StandardWrapperValve.invoke(StandardWrapperValve.java:167)
	at org.apache.catalina.core.StandardContextValve.invoke(StandardContextValve.java:90)
	at org.apache.catalina.authenticator.AuthenticatorBase.invoke(AuthenticatorBase.java:483)
	at org.apache.catalina.core.StandardHostValve.invoke(StandardHostValve.java:115)
	at org.apache.catalina.valves.ErrorReportValve.invoke(ErrorReportValve.java:93)
	at org.apache.catalina.core.StandardEngineValve.invoke(StandardEngineValve.java:74)
	at org.apache.catalina.connector.CoyoteAdapter.service(CoyoteAdapter.java:344)
	at org.apache.coyote.http11.Http11Processor.service(Http11Processor.java:384)
	at org.apache.coyote.AbstractProcessorLight.process(AbstractProcessorLight.java:63)
	at org.apache.coyote.AbstractProtocol$ConnectionHandler.process(AbstractProtocol.java:904)
	at org.apache.tomcat.util.net.NioEndpoint$SocketProcessor.doRun(NioEndpoint.java:1741)
	at org.apache.tomcat.util.net.SocketProcessorBase.run(SocketProcessorBase.java:52)
	at org.apache.tomcat.util.threads.ThreadPoolExecutor.runWorker(ThreadPoolExecutor.java:1190)
	at org.apache.tomcat.util.threads.ThreadPoolExecutor$Worker.run(ThreadPoolExecutor.java:659)
	at org.apache.tomcat.util.threads.TaskThread$WrappingRunnable.run(TaskThread.java:63)
	at java.base/java.lang.Thread.run(Thread.java:1575)
2026-07-13 22:12:24.423 [http-nio-8080-exec-4] ERROR o.m.handler.GlobalExceptionHandler [requestId=d3f0e29e-b7d1-44f4-9cf9-a7bd31c30f9c] [path=/api/crawl/euw/latest-player] - Handled exception: errorId=e3ece391-c03d-4090-8a83-f3c4639747aa, code=EXTERNAL_SERVICE_ERROR, path=/api/crawl/euw/latest-player, context={requestId=d3f0e29e-b7d1-44f4-9cf9-a7bd31c30f9c, method=POST, query=limit=20}
org.main.exception.ExternalServiceException: Riot API returned HTTP error: 401 UNAUTHORIZED
	at org.main.client.RiotApiHttpClient.exchange(RiotApiHttpClient.java:174)
	at org.main.client.RiotApiHttpClient.getMatchIdsByPuuidEurope(RiotApiHttpClient.java:83)
	at org.main.service.CrawlerServiceImpl.fetchMatchIds(CrawlerServiceImpl.java:191)
	at org.main.service.CrawlerServiceImpl.crawlPuuidEUW(CrawlerServiceImpl.java:73)
	at org.main.service.CrawlerServiceImpl.crawlLatestPlayerEUW(CrawlerServiceImpl.java:281)
	at org.main.controller.CrawlerController.crawlLatestPlayer(CrawlerController.java:81)
	at java.base/jdk.internal.reflect.DirectMethodHandleAccessor.invoke(DirectMethodHandleAccessor.java:103)
	at java.base/java.lang.reflect.Method.invoke(Method.java:580)
	at org.springframework.web.method.support.InvocableHandlerMethod.doInvoke(InvocableHandlerMethod.java:255)
	at org.springframework.web.method.support.InvocableHandlerMethod.invokeForRequest(InvocableHandlerMethod.java:188)
	at org.springframework.web.servlet.mvc.method.annotation.ServletInvocableHandlerMethod.invokeAndHandle(ServletInvocableHandlerMethod.java:118)
	at org.springframework.web.servlet.mvc.method.annotation.RequestMappingHandlerAdapter.invokeHandlerMethod(RequestMappingHandlerAdapter.java:926)
	at org.springframework.web.servlet.mvc.method.annotation.RequestMappingHandlerAdapter.handleInternal(RequestMappingHandlerAdapter.java:831)
	at org.springframework.web.servlet.mvc.method.AbstractHandlerMethodAdapter.handle(AbstractHandlerMethodAdapter.java:87)
	at org.springframework.web.servlet.DispatcherServlet.doDispatch(DispatcherServlet.java:1089)
	at org.springframework.web.servlet.DispatcherServlet.doService(DispatcherServlet.java:979)
	at org.springframework.web.servlet.FrameworkServlet.processRequest(FrameworkServlet.java:1014)
	at org.springframework.web.servlet.FrameworkServlet.doPost(FrameworkServlet.java:914)
	at jakarta.servlet.http.HttpServlet.service(HttpServlet.java:590)
	at org.springframework.web.servlet.FrameworkServlet.service(FrameworkServlet.java:885)
	at jakarta.servlet.http.HttpServlet.service(HttpServlet.java:658)
	at org.apache.catalina.core.ApplicationFilterChain.internalDoFilter(ApplicationFilterChain.java:195)
	at org.apache.catalina.core.ApplicationFilterChain.doFilter(ApplicationFilterChain.java:140)
	at org.apache.tomcat.websocket.server.WsFilter.doFilter(WsFilter.java:51)
	at org.apache.catalina.core.ApplicationFilterChain.internalDoFilter(ApplicationFilterChain.java:164)
	at org.apache.catalina.core.ApplicationFilterChain.doFilter(ApplicationFilterChain.java:140)
	at org.main.config.RequestLoggingFilter.doFilterInternal(RequestLoggingFilter.java:32)
	at org.springframework.web.filter.OncePerRequestFilter.doFilter(OncePerRequestFilter.java:116)
	at org.apache.catalina.core.ApplicationFilterChain.internalDoFilter(ApplicationFilterChain.java:164)
	at org.apache.catalina.core.ApplicationFilterChain.doFilter(ApplicationFilterChain.java:140)
	at org.springframework.web.filter.OncePerRequestFilter.doFilter(OncePerRequestFilter.java:110)
	at org.apache.catalina.core.ApplicationFilterChain.internalDoFilter(ApplicationFilterChain.java:164)
	at org.apache.catalina.core.ApplicationFilterChain.doFilter(ApplicationFilterChain.java:140)
	at org.springframework.web.filter.CompositeFilter$VirtualFilterChain.doFilter(CompositeFilter.java:108)
	at org.springframework.security.web.FilterChainProxy.lambda$doFilterInternal$3(FilterChainProxy.java:231)
	at org.springframework.security.web.ObservationFilterChainDecorator$FilterObservation$SimpleFilterObservation.lambda$wrap$1(ObservationFilterChainDecorator.java:479)
	at org.springframework.security.web.ObservationFilterChainDecorator$AroundFilterObservation$SimpleAroundFilterObservation.lambda$wrap$1(ObservationFilterChainDecorator.java:340)
	at org.springframework.security.web.ObservationFilterChainDecorator.lambda$wrapSecured$0(ObservationFilterChainDecorator.java:82)
	at org.springframework.security.web.ObservationFilterChainDecorator$VirtualFilterChain.doFilter(ObservationFilterChainDecorator.java:128)
	at org.springframework.security.web.access.intercept.AuthorizationFilter.doFilter(AuthorizationFilter.java:100)
	at org.springframework.security.web.ObservationFilterChainDecorator$ObservationFilter.wrapFilter(ObservationFilterChainDecorator.java:240)
	at org.springframework.security.web.ObservationFilterChainDecorator$ObservationFilter.doFilter(ObservationFilterChainDecorator.java:227)
	at org.springframework.security.web.ObservationFilterChainDecorator$VirtualFilterChain.doFilter(ObservationFilterChainDecorator.java:137)
	at org.springframework.security.web.access.ExceptionTranslationFilter.doFilter(ExceptionTranslationFilter.java:126)
	at org.springframework.security.web.access.ExceptionTranslationFilter.doFilter(ExceptionTranslationFilter.java:120)
	at org.springframework.security.web.ObservationFilterChainDecorator$ObservationFilter.wrapFilter(ObservationFilterChainDecorator.java:240)
	at org.springframework.security.web.ObservationFilterChainDecorator$ObservationFilter.doFilter(ObservationFilterChainDecorator.java:227)
	at org.springframework.security.web.ObservationFilterChainDecorator$VirtualFilterChain.doFilter(ObservationFilterChainDecorator.java:137)
	at org.springframework.security.web.authentication.AnonymousAuthenticationFilter.doFilter(AnonymousAuthenticationFilter.java:100)
	at org.springframework.security.web.ObservationFilterChainDecorator$ObservationFilter.wrapFilter(ObservationFilterChainDecorator.java:240)
	at org.springframework.security.web.ObservationFilterChainDecorator$ObservationFilter.doFilter(ObservationFilterChainDecorator.java:227)
	at org.springframework.security.web.ObservationFilterChainDecorator$VirtualFilterChain.doFilter(ObservationFilterChainDecorator.java:137)
	at org.main.account.security.AppSessionAuthenticationFilter.doFilterInternal(AppSessionAuthenticationFilter.java:52)
	at org.springframework.web.filter.OncePerRequestFilter.doFilter(OncePerRequestFilter.java:116)
	at org.springframework.security.web.ObservationFilterChainDecorator$ObservationFilter.wrapFilter(ObservationFilterChainDecorator.java:240)
	at org.springframework.security.web.ObservationFilterChainDecorator$ObservationFilter.doFilter(ObservationFilterChainDecorator.java:227)
	at org.springframework.security.web.ObservationFilterChainDecorator$VirtualFilterChain.doFilter(ObservationFilterChainDecorator.java:137)
	at org.springframework.security.web.servletapi.SecurityContextHolderAwareRequestFilter.doFilter(SecurityContextHolderAwareRequestFilter.java:179)
	at org.springframework.security.web.ObservationFilterChainDecorator$ObservationFilter.wrapFilter(ObservationFilterChainDecorator.java:240)
	at org.springframework.security.web.ObservationFilterChainDecorator$ObservationFilter.doFilter(ObservationFilterChainDecorator.java:227)
	at org.springframework.security.web.ObservationFilterChainDecorator$VirtualFilterChain.doFilter(ObservationFilterChainDecorator.java:137)
	at org.springframework.security.web.savedrequest.RequestCacheAwareFilter.doFilter(RequestCacheAwareFilter.java:63)
	at org.springframework.security.web.ObservationFilterChainDecorator$ObservationFilter.wrapFilter(ObservationFilterChainDecorator.java:240)
	at org.springframework.security.web.ObservationFilterChainDecorator$ObservationFilter.doFilter(ObservationFilterChainDecorator.java:227)
	at org.springframework.security.web.ObservationFilterChainDecorator$VirtualFilterChain.doFilter(ObservationFilterChainDecorator.java:137)
	at org.springframework.security.web.authentication.AbstractAuthenticationProcessingFilter.doFilter(AbstractAuthenticationProcessingFilter.java:227)
	at org.springframework.security.web.authentication.AbstractAuthenticationProcessingFilter.doFilter(AbstractAuthenticationProcessingFilter.java:221)
	at org.springframework.security.web.ObservationFilterChainDecorator$ObservationFilter.wrapFilter(ObservationFilterChainDecorator.java:240)
	at org.springframework.security.web.ObservationFilterChainDecorator$ObservationFilter.doFilter(ObservationFilterChainDecorator.java:227)
	at org.springframework.security.web.ObservationFilterChainDecorator$VirtualFilterChain.doFilter(ObservationFilterChainDecorator.java:137)
	at org.springframework.security.oauth2.client.web.OAuth2AuthorizationRequestRedirectFilter.doFilterInternal(OAuth2AuthorizationRequestRedirectFilter.java:198)
	at org.springframework.web.filter.OncePerRequestFilter.doFilter(OncePerRequestFilter.java:116)
	at org.springframework.security.web.ObservationFilterChainDecorator$ObservationFilter.wrapFilter(ObservationFilterChainDecorator.java:240)
	at org.springframework.security.web.ObservationFilterChainDecorator$ObservationFilter.doFilter(ObservationFilterChainDecorator.java:227)
	at org.springframework.security.web.ObservationFilterChainDecorator$VirtualFilterChain.doFilter(ObservationFilterChainDecorator.java:137)
	at org.springframework.security.web.authentication.logout.LogoutFilter.doFilter(LogoutFilter.java:107)
	at org.springframework.security.web.authentication.logout.LogoutFilter.doFilter(LogoutFilter.java:93)
	at org.springframework.security.web.ObservationFilterChainDecorator$ObservationFilter.wrapFilter(ObservationFilterChainDecorator.java:240)
	at org.springframework.security.web.ObservationFilterChainDecorator$ObservationFilter.doFilter(ObservationFilterChainDecorator.java:227)
	at org.springframework.security.web.ObservationFilterChainDecorator$VirtualFilterChain.doFilter(ObservationFilterChainDecorator.java:137)
	at org.springframework.security.web.csrf.CsrfFilter.doFilterInternal(CsrfFilter.java:131)
	at org.springframework.web.filter.OncePerRequestFilter.doFilter(OncePerRequestFilter.java:116)
	at org.springframework.security.web.ObservationFilterChainDecorator$ObservationFilter.wrapFilter(ObservationFilterChainDecorator.java:240)
	at org.springframework.security.web.ObservationFilterChainDecorator$ObservationFilter.doFilter(ObservationFilterChainDecorator.java:227)
	at org.springframework.security.web.ObservationFilterChainDecorator$VirtualFilterChain.doFilter(ObservationFilterChainDecorator.java:137)
	at org.springframework.security.web.header.HeaderWriterFilter.doHeadersAfter(HeaderWriterFilter.java:90)
	at org.springframework.security.web.header.HeaderWriterFilter.doFilterInternal(HeaderWriterFilter.java:75)
	at org.springframework.web.filter.OncePerRequestFilter.doFilter(OncePerRequestFilter.java:116)
	at org.springframework.security.web.ObservationFilterChainDecorator$ObservationFilter.wrapFilter(ObservationFilterChainDecorator.java:240)
	at org.springframework.security.web.ObservationFilterChainDecorator$ObservationFilter.doFilter(ObservationFilterChainDecorator.java:227)
	at org.springframework.security.web.ObservationFilterChainDecorator$VirtualFilterChain.doFilter(ObservationFilterChainDecorator.java:137)
	at org.springframework.security.web.context.SecurityContextHolderFilter.doFilter(SecurityContextHolderFilter.java:82)
	at org.springframework.security.web.context.SecurityContextHolderFilter.doFilter(SecurityContextHolderFilter.java:69)
	at org.springframework.security.web.ObservationFilterChainDecorator$ObservationFilter.wrapFilter(ObservationFilterChainDecorator.java:240)
	at org.springframework.security.web.ObservationFilterChainDecorator$ObservationFilter.doFilter(ObservationFilterChainDecorator.java:227)
	at org.springframework.security.web.ObservationFilterChainDecorator$VirtualFilterChain.doFilter(ObservationFilterChainDecorator.java:137)
	at org.springframework.security.web.context.request.async.WebAsyncManagerIntegrationFilter.doFilterInternal(WebAsyncManagerIntegrationFilter.java:62)
	at org.springframework.web.filter.OncePerRequestFilter.doFilter(OncePerRequestFilter.java:116)
	at org.springframework.security.web.ObservationFilterChainDecorator$ObservationFilter.wrapFilter(ObservationFilterChainDecorator.java:240)
	at org.springframework.security.web.ObservationFilterChainDecorator$ObservationFilter.doFilter(ObservationFilterChainDecorator.java:227)
	at org.springframework.security.web.ObservationFilterChainDecorator$VirtualFilterChain.doFilter(ObservationFilterChainDecorator.java:137)
	at org.springframework.security.web.session.DisableEncodeUrlFilter.doFilterInternal(DisableEncodeUrlFilter.java:42)
	at org.springframework.web.filter.OncePerRequestFilter.doFilter(OncePerRequestFilter.java:116)
	at org.springframework.security.web.ObservationFilterChainDecorator$ObservationFilter.wrapFilter(ObservationFilterChainDecorator.java:240)
	at org.springframework.security.web.ObservationFilterChainDecorator$AroundFilterObservation$SimpleAroundFilterObservation.lambda$wrap$0(ObservationFilterChainDecorator.java:323)
	at org.springframework.security.web.ObservationFilterChainDecorator$ObservationFilter.doFilter(ObservationFilterChainDecorator.java:224)
	at org.springframework.security.web.ObservationFilterChainDecorator$VirtualFilterChain.doFilter(ObservationFilterChainDecorator.java:137)
	at org.springframework.security.web.FilterChainProxy.doFilterInternal(FilterChainProxy.java:233)
	at org.springframework.security.web.FilterChainProxy.doFilter(FilterChainProxy.java:191)
	at org.springframework.web.filter.CompositeFilter$VirtualFilterChain.doFilter(CompositeFilter.java:113)
	at org.springframework.web.servlet.handler.HandlerMappingIntrospector.lambda$createCacheFilter$3(HandlerMappingIntrospector.java:195)
	at org.springframework.web.filter.CompositeFilter$VirtualFilterChain.doFilter(CompositeFilter.java:113)
	at org.springframework.web.filter.CompositeFilter.doFilter(CompositeFilter.java:74)
	at org.springframework.security.config.annotation.web.configuration.WebMvcSecurityConfiguration$CompositeFilterChainProxy.doFilter(WebMvcSecurityConfiguration.java:230)
	at org.springframework.web.filter.DelegatingFilterProxy.invokeDelegate(DelegatingFilterProxy.java:352)
	at org.springframework.web.filter.DelegatingFilterProxy.doFilter(DelegatingFilterProxy.java:268)
	at org.apache.catalina.core.ApplicationFilterChain.internalDoFilter(ApplicationFilterChain.java:164)
	at org.apache.catalina.core.ApplicationFilterChain.doFilter(ApplicationFilterChain.java:140)
	at org.springframework.web.filter.RequestContextFilter.doFilterInternal(RequestContextFilter.java:100)
	at org.springframework.web.filter.OncePerRequestFilter.doFilter(OncePerRequestFilter.java:116)
	at org.apache.catalina.core.ApplicationFilterChain.internalDoFilter(ApplicationFilterChain.java:164)
	at org.apache.catalina.core.ApplicationFilterChain.doFilter(ApplicationFilterChain.java:140)
	at org.springframework.web.filter.FormContentFilter.doFilterInternal(FormContentFilter.java:93)
	at org.springframework.web.filter.OncePerRequestFilter.doFilter(OncePerRequestFilter.java:116)
	at org.apache.catalina.core.ApplicationFilterChain.internalDoFilter(ApplicationFilterChain.java:164)
	at org.apache.catalina.core.ApplicationFilterChain.doFilter(ApplicationFilterChain.java:140)
	at org.springframework.web.filter.ServerHttpObservationFilter.doFilterInternal(ServerHttpObservationFilter.java:113)
	at org.springframework.web.filter.OncePerRequestFilter.doFilter(OncePerRequestFilter.java:116)
	at org.apache.catalina.core.ApplicationFilterChain.internalDoFilter(ApplicationFilterChain.java:164)
	at org.apache.catalina.core.ApplicationFilterChain.doFilter(ApplicationFilterChain.java:140)
	at org.springframework.web.filter.CharacterEncodingFilter.doFilterInternal(CharacterEncodingFilter.java:201)
	at org.springframework.web.filter.OncePerRequestFilter.doFilter(OncePerRequestFilter.java:116)
	at org.apache.catalina.core.ApplicationFilterChain.internalDoFilter(ApplicationFilterChain.java:164)
	at org.apache.catalina.core.ApplicationFilterChain.doFilter(ApplicationFilterChain.java:140)
	at org.apache.catalina.core.StandardWrapperValve.invoke(StandardWrapperValve.java:167)
	at org.apache.catalina.core.StandardContextValve.invoke(StandardContextValve.java:90)
	at org.apache.catalina.authenticator.AuthenticatorBase.invoke(AuthenticatorBase.java:483)
	at org.apache.catalina.core.StandardHostValve.invoke(StandardHostValve.java:115)
	at org.apache.catalina.valves.ErrorReportValve.invoke(ErrorReportValve.java:93)
	at org.apache.catalina.core.StandardEngineValve.invoke(StandardEngineValve.java:74)
	at org.apache.catalina.connector.CoyoteAdapter.service(CoyoteAdapter.java:344)
	at org.apache.coyote.http11.Http11Processor.service(Http11Processor.java:384)
	at org.apache.coyote.AbstractProcessorLight.process(AbstractProcessorLight.java:63)
	at org.apache.coyote.AbstractProtocol$ConnectionHandler.process(AbstractProtocol.java:904)
	at org.apache.tomcat.util.net.NioEndpoint$SocketProcessor.doRun(NioEndpoint.java:1741)
	at org.apache.tomcat.util.net.SocketProcessorBase.run(SocketProcessorBase.java:52)
	at org.apache.tomcat.util.threads.ThreadPoolExecutor.runWorker(ThreadPoolExecutor.java:1190)
	at org.apache.tomcat.util.threads.ThreadPoolExecutor$Worker.run(ThreadPoolExecutor.java:659)
	at org.apache.tomcat.util.threads.TaskThread$WrappingRunnable.run(TaskThread.java:63)
	at java.base/java.lang.Thread.run(Thread.java:1575)
Caused by: org.springframework.web.client.HttpClientErrorException$Unauthorized: 401 Unauthorized: "{"status":{"message":"Unknown apikey","status_code":401}}"
	at org.springframework.web.client.HttpClientErrorException.create(HttpClientErrorException.java:106)
	at org.springframework.web.client.DefaultResponseErrorHandler.handleError(DefaultResponseErrorHandler.java:183)
	at org.springframework.web.client.DefaultResponseErrorHandler.handleError(DefaultResponseErrorHandler.java:137)
	at org.springframework.web.client.ResponseErrorHandler.handleError(ResponseErrorHandler.java:63)
	at org.springframework.web.client.RestTemplate.handleResponse(RestTemplate.java:942)
	at org.springframework.web.client.RestTemplate.doExecute(RestTemplate.java:891)
	at org.springframework.web.client.RestTemplate.execute(RestTemplate.java:790)
	at org.springframework.web.client.RestTemplate.exchange(RestTemplate.java:672)
	at org.main.client.RiotApiHttpClient.exchange(RiotApiHttpClient.java:149)
	... 149 common frames omitted
2026-07-13 22:12:24.443 [http-nio-8080-exec-4] WARN  o.s.w.s.m.m.a.ExceptionHandlerExceptionResolver [requestId=d3f0e29e-b7d1-44f4-9cf9-a7bd31c30f9c] [path=/api/crawl/euw/latest-player] - Resolved [org.main.exception.ExternalServiceException: Riot API returned HTTP error: 401 UNAUTHORIZED]
2026-07-13 22:17:00.262 [background-preinit] INFO  o.h.validator.internal.util.Version [requestId=] [path=] - HV000001: Hibernate Validator 8.0.1.Final
2026-07-13 22:17:00.399 [restartedMain] INFO  org.main.RiotPractice [requestId=] [path=] - Starting RiotPractice using Java 23.0.2 with PID 13956 (D:\Games\RiotApiPractice\target\classes started by egors in D:\Games\RiotApiPractice)
2026-07-13 22:17:00.400 [restartedMain] DEBUG org.main.RiotPractice [requestId=] [path=] - Running with Spring Boot v3.3.3, Spring v6.1.12
2026-07-13 22:17:00.402 [restartedMain] INFO  org.main.RiotPractice [requestId=] [path=] - No active profile set, falling back to 1 default profile: "default"
2026-07-13 22:17:00.549 [restartedMain] INFO  o.s.b.d.e.DevToolsPropertyDefaultsPostProcessor [requestId=] [path=] - Devtools property defaults active! Set 'spring.devtools.add-properties' to 'false' to disable
2026-07-13 22:17:00.549 [restartedMain] INFO  o.s.b.d.e.DevToolsPropertyDefaultsPostProcessor [requestId=] [path=] - For additional web related logging consider setting the 'logging.level.web' property to 'DEBUG'
2026-07-13 22:17:04.097 [restartedMain] INFO  o.s.d.r.c.RepositoryConfigurationDelegate [requestId=] [path=] - Bootstrapping Spring Data JPA repositories in DEFAULT mode.
2026-07-13 22:17:04.356 [restartedMain] INFO  o.s.d.r.c.RepositoryConfigurationDelegate [requestId=] [path=] - Finished Spring Data repository scanning in 240 ms. Found 15 JPA repository interfaces.
2026-07-13 22:17:06.540 [restartedMain] INFO  o.s.b.w.e.tomcat.TomcatWebServer [requestId=] [path=] - Tomcat initialized with port 8080 (http)
2026-07-13 22:17:06.573 [restartedMain] INFO  o.a.coyote.http11.Http11NioProtocol [requestId=] [path=] - Initializing ProtocolHandler ["http-nio-8080"]
2026-07-13 22:17:06.584 [restartedMain] INFO  o.a.catalina.core.StandardService [requestId=] [path=] - Starting service [Tomcat]
2026-07-13 22:17:06.585 [restartedMain] INFO  o.a.catalina.core.StandardEngine [requestId=] [path=] - Starting Servlet engine: [Apache Tomcat/10.1.28]
2026-07-13 22:17:06.696 [restartedMain] INFO  o.a.c.c.C.[Tomcat].[localhost].[/] [requestId=] [path=] - Initializing Spring embedded WebApplicationContext
2026-07-13 22:17:06.696 [restartedMain] INFO  o.s.b.w.s.c.ServletWebServerApplicationContext [requestId=] [path=] - Root WebApplicationContext: initialization completed in 6145 ms
2026-07-13 22:17:07.752 [restartedMain] INFO  com.zaxxer.hikari.HikariDataSource [requestId=] [path=] - HikariPool-1 - Starting...
2026-07-13 22:17:08.226 [restartedMain] INFO  com.zaxxer.hikari.pool.HikariPool [requestId=] [path=] - HikariPool-1 - Added connection org.postgresql.jdbc.PgConnection@7e627c33
2026-07-13 22:17:08.229 [restartedMain] INFO  com.zaxxer.hikari.HikariDataSource [requestId=] [path=] - HikariPool-1 - Start completed.
2026-07-13 22:17:08.302 [restartedMain] INFO  org.flywaydb.core.FlywayExecutor [requestId=] [path=] - Database: jdbc:postgresql://localhost:5432/postgres (PostgreSQL 18.0)
2026-07-13 22:17:08.322 [restartedMain] WARN  o.f.c.i.database.base.Database [requestId=] [path=] - Flyway upgrade recommended: PostgreSQL 18.0 is newer than this version of Flyway and support has not been tested. The latest supported version of PostgreSQL is 16.
2026-07-13 22:17:08.482 [restartedMain] INFO  o.f.core.internal.command.DbValidate [requestId=] [path=] - Successfully validated 3 migrations (execution time 00:00.110s)
2026-07-13 22:17:08.516 [restartedMain] INFO  o.f.core.internal.command.DbMigrate [requestId=] [path=] - Current version of schema "app": 2
2026-07-13 22:17:08.526 [restartedMain] INFO  o.f.core.internal.command.DbMigrate [requestId=] [path=] - Schema "app" is up to date. No migration necessary.
2026-07-13 22:17:08.830 [restartedMain] INFO  o.h.jpa.internal.util.LogHelper [requestId=] [path=] - HHH000204: Processing PersistenceUnitInfo [name: default]
2026-07-13 22:17:09.061 [restartedMain] INFO  org.hibernate.Version [requestId=] [path=] - HHH000412: Hibernate ORM core version 6.5.2.Final
2026-07-13 22:17:09.159 [restartedMain] INFO  o.h.c.i.RegionFactoryInitiator [requestId=] [path=] - HHH000026: Second-level cache disabled
2026-07-13 22:17:10.029 [restartedMain] INFO  o.s.o.j.p.SpringPersistenceUnitInfo [requestId=] [path=] - No LoadTimeWeaver setup: ignoring JPA class transformer
2026-07-13 22:17:13.205 [restartedMain] INFO  o.h.e.t.j.p.i.JtaPlatformInitiator [requestId=] [path=] - HHH000489: No JTA platform available (set 'hibernate.transaction.jta.platform' to enable JTA platform integration)
2026-07-13 22:17:13.403 [restartedMain] INFO  o.s.o.j.LocalContainerEntityManagerFactoryBean [requestId=] [path=] - Initialized JPA EntityManagerFactory for persistence unit 'default'
2026-07-13 22:17:14.101 [restartedMain] INFO  o.s.d.j.r.query.QueryEnhancerFactory [requestId=] [path=] - Hibernate is in classpath; If applicable, HQL parser will be used.
2026-07-13 22:17:15.627 [restartedMain] DEBUG o.main.config.RequestLoggingFilter [requestId=] [path=] - Filter 'requestLoggingFilter' configured for use
2026-07-13 22:17:15.628 [restartedMain] DEBUG o.m.a.s.AppSessionAuthenticationFilter [requestId=] [path=] - Filter 'appSessionAuthenticationFilter' configured for use
2026-07-13 22:17:16.619 [restartedMain] INFO  org.main.client.RiotApiHttpClient [requestId=] [path=] - Riot API client initialized. Key prefix='RGAPI-56***', startsWithRGAPI=true
2026-07-13 22:17:18.396 [restartedMain] INFO  o.s.b.a.w.s.WelcomePageHandlerMapping [requestId=] [path=] - Adding welcome page: class path resource [static/index.html]
2026-07-13 22:17:19.180 [restartedMain] INFO  o.s.b.a.e.web.EndpointLinksResolver [requestId=] [path=] - Exposing 1 endpoint beneath base path '/actuator'
2026-07-13 22:17:21.086 [restartedMain] INFO  o.s.b.d.a.OptionalLiveReloadServer [requestId=] [path=] - LiveReload server is running on port 35729
2026-07-13 22:17:21.239 [restartedMain] INFO  o.a.coyote.http11.Http11NioProtocol [requestId=] [path=] - Starting ProtocolHandler ["http-nio-8080"]
2026-07-13 22:17:21.294 [restartedMain] INFO  o.s.b.w.e.tomcat.TomcatWebServer [requestId=] [path=] - Tomcat started on port 8080 (http) with context path '/'
2026-07-13 22:17:21.333 [restartedMain] INFO  org.main.RiotPractice [requestId=] [path=] - Started RiotPractice in 22.113 seconds (process running for 23.261)
2026-07-13 22:17:21.547 [restartedMain] INFO  org.main.RiotPractice [requestId=] [path=] - RiotApiPractice application started successfully
2026-07-13 22:17:31.459 [http-nio-8080-exec-1] INFO  o.a.c.c.C.[Tomcat].[localhost].[/] [requestId=] [path=] - Initializing Spring DispatcherServlet 'dispatcherServlet'
2026-07-13 22:17:31.459 [http-nio-8080-exec-1] INFO  o.s.web.servlet.DispatcherServlet [requestId=] [path=] - Initializing Servlet 'dispatcherServlet'
2026-07-13 22:17:31.464 [http-nio-8080-exec-1] INFO  o.s.web.servlet.DispatcherServlet [requestId=] [path=] - Completed initialization in 4 ms
2026-07-13 22:17:41.013 [http-nio-8080-exec-4] INFO  o.main.controller.CrawlerController [requestId=349b2510-104b-43c6-bbec-5c902fe9aa23] [path=/api/crawl/euw/latest-player] - Received crawlLatestPlayer request: limit=20
2026-07-13 22:17:41.351 [http-nio-8080-exec-4] INFO  org.main.service.CrawlerServiceImpl [requestId=349b2510-104b-43c6-bbec-5c902fe9aa23] [path=/api/crawl/euw/latest-player] - Starting crawlLatestPlayerEUW: puuid='D2Qk3WOFCa7dYoY3uB0dpCGiMVQ3COwIH1d5VygT8gumdsK5gxVrGZujCDl5db4gaUh7W47PJw31Cw', gameName='Geddoblaster', tagLine='EUW', requestedLimit=20, effectiveLimit=20
2026-07-13 22:17:41.352 [http-nio-8080-exec-4] INFO  org.main.service.CrawlerServiceImpl [requestId=349b2510-104b-43c6-bbec-5c902fe9aa23] [path=/api/crawl/euw/latest-player] - Starting crawlPuuidEUW: puuid='D2Qk3WOFCa7dYoY3uB0dpCGiMVQ3COwIH1d5VygT8gumdsK5gxVrGZujCDl5db4gaUh7W47PJw31Cw', requestedLimit=20, effectiveLimit=20
2026-07-13 22:17:41.352 [http-nio-8080-exec-4] DEBUG org.main.service.CrawlerServiceImpl [requestId=349b2510-104b-43c6-bbec-5c902fe9aa23] [path=/api/crawl/euw/latest-player] - Requesting match id page: puuid='D2Qk3WOFCa7dYoY3uB0dpCGiMVQ3COwIH1d5VygT8gumdsK5gxVrGZujCDl5db4gaUh7W47PJw31Cw', start=0, count=20
2026-07-13 22:17:41.356 [http-nio-8080-exec-4] DEBUG org.main.client.RiotApiHttpClient [requestId=349b2510-104b-43c6-bbec-5c902fe9aa23] [path=/api/crawl/euw/latest-player] - Calling Riot match ids endpoint: puuid='D2Qk3WOFCa7dYoY3uB0dpCGiMVQ3COwIH1d5VygT8gumdsK5gxVrGZujCDl5db4gaUh7W47PJw31Cw', start=0, count=20
2026-07-13 22:17:42.398 [http-nio-8080-exec-4] DEBUG org.main.client.RiotApiHttpClient [requestId=349b2510-104b-43c6-bbec-5c902fe9aa23] [path=/api/crawl/euw/latest-player] - External HTTP call succeeded: url='https://europe.api.riotgames.com/lol/match/v5/matches/by-puuid/D2Qk3WOFCa7dYoY3uB0dpCGiMVQ3COwIH1d5VygT8gumdsK5gxVrGZujCDl5db4gaUh7W47PJw31Cw/ids?start=0&count=20', status=200 OK
2026-07-13 22:17:42.461 [http-nio-8080-exec-4] DEBUG org.main.client.RiotApiHttpClient [requestId=349b2510-104b-43c6-bbec-5c902fe9aa23] [path=/api/crawl/euw/latest-player] - Calling Riot match details endpoint: matchId='EUW1_7916976004'
2026-07-13 22:17:42.631 [http-nio-8080-exec-4] DEBUG org.main.client.RiotApiHttpClient [requestId=349b2510-104b-43c6-bbec-5c902fe9aa23] [path=/api/crawl/euw/latest-player] - External HTTP call succeeded: url='https://europe.api.riotgames.com/lol/match/v5/matches/EUW1_7916976004', status=200 OK
2026-07-13 22:17:42.730 [http-nio-8080-exec-4] INFO  org.main.service.CrawlerServiceImpl [requestId=349b2510-104b-43c6-bbec-5c902fe9aa23] [path=/api/crawl/euw/latest-player] - Saved new match: matchId='EUW1_7916976004'
2026-07-13 22:17:42.870 [http-nio-8080-exec-4] DEBUG org.main.client.RiotApiHttpClient [requestId=349b2510-104b-43c6-bbec-5c902fe9aa23] [path=/api/crawl/euw/latest-player] - Calling Riot match timeline endpoint: matchId='EUW1_7916976004'
2026-07-13 22:17:43.147 [http-nio-8080-exec-4] DEBUG org.main.client.RiotApiHttpClient [requestId=349b2510-104b-43c6-bbec-5c902fe9aa23] [path=/api/crawl/euw/latest-player] - External HTTP call succeeded: url='https://europe.api.riotgames.com/lol/match/v5/matches/EUW1_7916976004/timeline', status=200 OK
2026-07-13 22:17:45.362 [http-nio-8080-exec-4] INFO  o.m.s.TimelineIngestServiceImpl [requestId=349b2510-104b-43c6-bbec-5c902fe9aa23] [path=/api/crawl/euw/latest-player] - Timeline ingested: matchId='EUW1_7916976004'
2026-07-13 22:17:45.387 [http-nio-8080-exec-4] DEBUG org.main.client.RiotApiHttpClient [requestId=349b2510-104b-43c6-bbec-5c902fe9aa23] [path=/api/crawl/euw/latest-player] - Calling Riot match details endpoint: matchId='EUW1_7916896951'
2026-07-13 22:17:45.520 [http-nio-8080-exec-4] DEBUG org.main.client.RiotApiHttpClient [requestId=349b2510-104b-43c6-bbec-5c902fe9aa23] [path=/api/crawl/euw/latest-player] - External HTTP call succeeded: url='https://europe.api.riotgames.com/lol/match/v5/matches/EUW1_7916896951', status=200 OK
2026-07-13 22:17:45.530 [http-nio-8080-exec-4] INFO  org.main.service.CrawlerServiceImpl [requestId=349b2510-104b-43c6-bbec-5c902fe9aa23] [path=/api/crawl/euw/latest-player] - Saved new match: matchId='EUW1_7916896951'
2026-07-13 22:17:45.546 [http-nio-8080-exec-4] DEBUG org.main.client.RiotApiHttpClient [requestId=349b2510-104b-43c6-bbec-5c902fe9aa23] [path=/api/crawl/euw/latest-player] - Calling Riot match timeline endpoint: matchId='EUW1_7916896951'
2026-07-13 22:17:45.825 [http-nio-8080-exec-4] DEBUG org.main.client.RiotApiHttpClient [requestId=349b2510-104b-43c6-bbec-5c902fe9aa23] [path=/api/crawl/euw/latest-player] - External HTTP call succeeded: url='https://europe.api.riotgames.com/lol/match/v5/matches/EUW1_7916896951/timeline', status=200 OK
2026-07-13 22:17:47.209 [http-nio-8080-exec-4] INFO  o.m.s.TimelineIngestServiceImpl [requestId=349b2510-104b-43c6-bbec-5c902fe9aa23] [path=/api/crawl/euw/latest-player] - Timeline ingested: matchId='EUW1_7916896951'
2026-07-13 22:17:47.222 [http-nio-8080-exec-4] DEBUG org.main.client.RiotApiHttpClient [requestId=349b2510-104b-43c6-bbec-5c902fe9aa23] [path=/api/crawl/euw/latest-player] - Calling Riot match details endpoint: matchId='EUW1_7916859064'
2026-07-13 22:17:47.360 [http-nio-8080-exec-4] DEBUG org.main.client.RiotApiHttpClient [requestId=349b2510-104b-43c6-bbec-5c902fe9aa23] [path=/api/crawl/euw/latest-player] - External HTTP call succeeded: url='https://europe.api.riotgames.com/lol/match/v5/matches/EUW1_7916859064', status=200 OK
2026-07-13 22:17:47.366 [http-nio-8080-exec-4] INFO  org.main.service.CrawlerServiceImpl [requestId=349b2510-104b-43c6-bbec-5c902fe9aa23] [path=/api/crawl/euw/latest-player] - Saved new match: matchId='EUW1_7916859064'
2026-07-13 22:17:47.381 [http-nio-8080-exec-4] DEBUG org.main.client.RiotApiHttpClient [requestId=349b2510-104b-43c6-bbec-5c902fe9aa23] [path=/api/crawl/euw/latest-player] - Calling Riot match timeline endpoint: matchId='EUW1_7916859064'
2026-07-13 22:17:47.709 [http-nio-8080-exec-4] DEBUG org.main.client.RiotApiHttpClient [requestId=349b2510-104b-43c6-bbec-5c902fe9aa23] [path=/api/crawl/euw/latest-player] - External HTTP call succeeded: url='https://europe.api.riotgames.com/lol/match/v5/matches/EUW1_7916859064/timeline', status=200 OK
2026-07-13 22:17:49.064 [http-nio-8080-exec-4] INFO  o.m.s.TimelineIngestServiceImpl [requestId=349b2510-104b-43c6-bbec-5c902fe9aa23] [path=/api/crawl/euw/latest-player] - Timeline ingested: matchId='EUW1_7916859064'
2026-07-13 22:17:49.075 [http-nio-8080-exec-4] DEBUG org.main.client.RiotApiHttpClient [requestId=349b2510-104b-43c6-bbec-5c902fe9aa23] [path=/api/crawl/euw/latest-player] - Calling Riot match details endpoint: matchId='EUW1_7915450993'
2026-07-13 22:17:49.216 [http-nio-8080-exec-4] DEBUG org.main.client.RiotApiHttpClient [requestId=349b2510-104b-43c6-bbec-5c902fe9aa23] [path=/api/crawl/euw/latest-player] - External HTTP call succeeded: url='https://europe.api.riotgames.com/lol/match/v5/matches/EUW1_7915450993', status=200 OK
2026-07-13 22:17:49.221 [http-nio-8080-exec-4] INFO  org.main.service.CrawlerServiceImpl [requestId=349b2510-104b-43c6-bbec-5c902fe9aa23] [path=/api/crawl/euw/latest-player] - Saved new match: matchId='EUW1_7915450993'
2026-07-13 22:17:49.233 [http-nio-8080-exec-4] DEBUG org.main.client.RiotApiHttpClient [requestId=349b2510-104b-43c6-bbec-5c902fe9aa23] [path=/api/crawl/euw/latest-player] - Calling Riot match timeline endpoint: matchId='EUW1_7915450993'
2026-07-13 22:17:49.511 [http-nio-8080-exec-4] DEBUG org.main.client.RiotApiHttpClient [requestId=349b2510-104b-43c6-bbec-5c902fe9aa23] [path=/api/crawl/euw/latest-player] - External HTTP call succeeded: url='https://europe.api.riotgames.com/lol/match/v5/matches/EUW1_7915450993/timeline', status=200 OK
2026-07-13 22:17:50.780 [http-nio-8080-exec-4] INFO  o.m.s.TimelineIngestServiceImpl [requestId=349b2510-104b-43c6-bbec-5c902fe9aa23] [path=/api/crawl/euw/latest-player] - Timeline ingested: matchId='EUW1_7915450993'
2026-07-13 22:17:50.789 [http-nio-8080-exec-4] DEBUG org.main.client.RiotApiHttpClient [requestId=349b2510-104b-43c6-bbec-5c902fe9aa23] [path=/api/crawl/euw/latest-player] - Calling Riot match details endpoint: matchId='EUW1_7915415964'
2026-07-13 22:17:50.897 [http-nio-8080-exec-4] DEBUG org.main.client.RiotApiHttpClient [requestId=349b2510-104b-43c6-bbec-5c902fe9aa23] [path=/api/crawl/euw/latest-player] - External HTTP call succeeded: url='https://europe.api.riotgames.com/lol/match/v5/matches/EUW1_7915415964', status=200 OK
2026-07-13 22:17:50.902 [http-nio-8080-exec-4] INFO  org.main.service.CrawlerServiceImpl [requestId=349b2510-104b-43c6-bbec-5c902fe9aa23] [path=/api/crawl/euw/latest-player] - Saved new match: matchId='EUW1_7915415964'
2026-07-13 22:17:50.929 [http-nio-8080-exec-4] DEBUG org.main.client.RiotApiHttpClient [requestId=349b2510-104b-43c6-bbec-5c902fe9aa23] [path=/api/crawl/euw/latest-player] - Calling Riot match timeline endpoint: matchId='EUW1_7915415964'
2026-07-13 22:17:51.283 [http-nio-8080-exec-4] DEBUG org.main.client.RiotApiHttpClient [requestId=349b2510-104b-43c6-bbec-5c902fe9aa23] [path=/api/crawl/euw/latest-player] - External HTTP call succeeded: url='https://europe.api.riotgames.com/lol/match/v5/matches/EUW1_7915415964/timeline', status=200 OK
2026-07-13 22:17:52.920 [scheduling-1] INFO  o.m.s.a.MatchAnalysisServiceImpl [requestId=] [path=] - Match analyzed successfully: matchId='EUW1_7916976004'
2026-07-13 22:17:53.223 [http-nio-8080-exec-4] INFO  o.m.s.TimelineIngestServiceImpl [requestId=349b2510-104b-43c6-bbec-5c902fe9aa23] [path=/api/crawl/euw/latest-player] - Timeline ingested: matchId='EUW1_7915415964'
2026-07-13 22:17:53.240 [http-nio-8080-exec-4] DEBUG org.main.client.RiotApiHttpClient [requestId=349b2510-104b-43c6-bbec-5c902fe9aa23] [path=/api/crawl/euw/latest-player] - Calling Riot match details endpoint: matchId='EUW1_7915369537'
2026-07-13 22:17:53.391 [http-nio-8080-exec-4] DEBUG org.main.client.RiotApiHttpClient [requestId=349b2510-104b-43c6-bbec-5c902fe9aa23] [path=/api/crawl/euw/latest-player] - External HTTP call succeeded: url='https://europe.api.riotgames.com/lol/match/v5/matches/EUW1_7915369537', status=200 OK
2026-07-13 22:17:53.395 [http-nio-8080-exec-4] INFO  org.main.service.CrawlerServiceImpl [requestId=349b2510-104b-43c6-bbec-5c902fe9aa23] [path=/api/crawl/euw/latest-player] - Saved new match: matchId='EUW1_7915369537'
2026-07-13 22:17:53.408 [http-nio-8080-exec-4] DEBUG org.main.client.RiotApiHttpClient [requestId=349b2510-104b-43c6-bbec-5c902fe9aa23] [path=/api/crawl/euw/latest-player] - Calling Riot match timeline endpoint: matchId='EUW1_7915369537'
2026-07-13 22:17:53.708 [scheduling-1] INFO  o.m.s.a.MatchAnalysisServiceImpl [requestId=] [path=] - Match analyzed successfully: matchId='EUW1_7916896951'
2026-07-13 22:17:53.798 [http-nio-8080-exec-4] DEBUG org.main.client.RiotApiHttpClient [requestId=349b2510-104b-43c6-bbec-5c902fe9aa23] [path=/api/crawl/euw/latest-player] - External HTTP call succeeded: url='https://europe.api.riotgames.com/lol/match/v5/matches/EUW1_7915369537/timeline', status=200 OK
2026-07-13 22:17:54.394 [scheduling-1] INFO  o.m.s.a.MatchAnalysisServiceImpl [requestId=] [path=] - Match analyzed successfully: matchId='EUW1_7916859064'
2026-07-13 22:17:55.028 [scheduling-1] INFO  o.m.s.a.MatchAnalysisServiceImpl [requestId=] [path=] - Match analyzed successfully: matchId='EUW1_7915450993'
2026-07-13 22:17:55.390 [http-nio-8080-exec-4] INFO  o.m.s.TimelineIngestServiceImpl [requestId=349b2510-104b-43c6-bbec-5c902fe9aa23] [path=/api/crawl/euw/latest-player] - Timeline ingested: matchId='EUW1_7915369537'
2026-07-13 22:17:55.405 [http-nio-8080-exec-4] DEBUG org.main.client.RiotApiHttpClient [requestId=349b2510-104b-43c6-bbec-5c902fe9aa23] [path=/api/crawl/euw/latest-player] - Calling Riot match details endpoint: matchId='EUW1_7915329251'
2026-07-13 22:17:55.537 [http-nio-8080-exec-4] DEBUG org.main.client.RiotApiHttpClient [requestId=349b2510-104b-43c6-bbec-5c902fe9aa23] [path=/api/crawl/euw/latest-player] - External HTTP call succeeded: url='https://europe.api.riotgames.com/lol/match/v5/matches/EUW1_7915329251', status=200 OK
2026-07-13 22:17:55.541 [http-nio-8080-exec-4] INFO  org.main.service.CrawlerServiceImpl [requestId=349b2510-104b-43c6-bbec-5c902fe9aa23] [path=/api/crawl/euw/latest-player] - Saved new match: matchId='EUW1_7915329251'
2026-07-13 22:17:55.553 [http-nio-8080-exec-4] DEBUG org.main.client.RiotApiHttpClient [requestId=349b2510-104b-43c6-bbec-5c902fe9aa23] [path=/api/crawl/euw/latest-player] - Calling Riot match timeline endpoint: matchId='EUW1_7915329251'
2026-07-13 22:17:55.906 [http-nio-8080-exec-4] DEBUG org.main.client.RiotApiHttpClient [requestId=349b2510-104b-43c6-bbec-5c902fe9aa23] [path=/api/crawl/euw/latest-player] - External HTTP call succeeded: url='https://europe.api.riotgames.com/lol/match/v5/matches/EUW1_7915329251/timeline', status=200 OK
2026-07-13 22:17:55.934 [scheduling-1] INFO  o.m.s.a.MatchAnalysisServiceImpl [requestId=] [path=] - Match analyzed successfully: matchId='EUW1_7915415964'
2026-07-13 22:17:55.936 [scheduling-1] INFO  o.m.s.a.MatchAnalysisScheduler [requestId=] [path=] - Analysis scheduler processed 5 matches
2026-07-13 22:17:57.837 [http-nio-8080-exec-4] INFO  o.m.s.TimelineIngestServiceImpl [requestId=349b2510-104b-43c6-bbec-5c902fe9aa23] [path=/api/crawl/euw/latest-player] - Timeline ingested: matchId='EUW1_7915329251'
2026-07-13 22:17:57.853 [http-nio-8080-exec-4] DEBUG org.main.client.RiotApiHttpClient [requestId=349b2510-104b-43c6-bbec-5c902fe9aa23] [path=/api/crawl/euw/latest-player] - Calling Riot match details endpoint: matchId='EUW1_7914946928'
2026-07-13 22:17:58.015 [http-nio-8080-exec-4] DEBUG org.main.client.RiotApiHttpClient [requestId=349b2510-104b-43c6-bbec-5c902fe9aa23] [path=/api/crawl/euw/latest-player] - External HTTP call succeeded: url='https://europe.api.riotgames.com/lol/match/v5/matches/EUW1_7914946928', status=200 OK
2026-07-13 22:17:58.018 [http-nio-8080-exec-4] INFO  org.main.service.CrawlerServiceImpl [requestId=349b2510-104b-43c6-bbec-5c902fe9aa23] [path=/api/crawl/euw/latest-player] - Saved new match: matchId='EUW1_7914946928'
2026-07-13 22:17:58.030 [http-nio-8080-exec-4] DEBUG org.main.client.RiotApiHttpClient [requestId=349b2510-104b-43c6-bbec-5c902fe9aa23] [path=/api/crawl/euw/latest-player] - Calling Riot match timeline endpoint: matchId='EUW1_7914946928'
2026-07-13 22:17:58.375 [http-nio-8080-exec-4] DEBUG org.main.client.RiotApiHttpClient [requestId=349b2510-104b-43c6-bbec-5c902fe9aa23] [path=/api/crawl/euw/latest-player] - External HTTP call succeeded: url='https://europe.api.riotgames.com/lol/match/v5/matches/EUW1_7914946928/timeline', status=200 OK
2026-07-13 22:18:00.211 [http-nio-8080-exec-4] INFO  o.m.s.TimelineIngestServiceImpl [requestId=349b2510-104b-43c6-bbec-5c902fe9aa23] [path=/api/crawl/euw/latest-player] - Timeline ingested: matchId='EUW1_7914946928'
2026-07-13 22:18:00.223 [http-nio-8080-exec-4] DEBUG org.main.client.RiotApiHttpClient [requestId=349b2510-104b-43c6-bbec-5c902fe9aa23] [path=/api/crawl/euw/latest-player] - Calling Riot match details endpoint: matchId='EUW1_7914925094'
2026-07-13 22:18:00.377 [http-nio-8080-exec-4] DEBUG org.main.client.RiotApiHttpClient [requestId=349b2510-104b-43c6-bbec-5c902fe9aa23] [path=/api/crawl/euw/latest-player] - External HTTP call succeeded: url='https://europe.api.riotgames.com/lol/match/v5/matches/EUW1_7914925094', status=200 OK
2026-07-13 22:18:00.381 [http-nio-8080-exec-4] INFO  org.main.service.CrawlerServiceImpl [requestId=349b2510-104b-43c6-bbec-5c902fe9aa23] [path=/api/crawl/euw/latest-player] - Saved new match: matchId='EUW1_7914925094'
2026-07-13 22:18:00.391 [http-nio-8080-exec-4] DEBUG org.main.client.RiotApiHttpClient [requestId=349b2510-104b-43c6-bbec-5c902fe9aa23] [path=/api/crawl/euw/latest-player] - Calling Riot match timeline endpoint: matchId='EUW1_7914925094'
2026-07-13 22:18:00.672 [http-nio-8080-exec-4] DEBUG org.main.client.RiotApiHttpClient [requestId=349b2510-104b-43c6-bbec-5c902fe9aa23] [path=/api/crawl/euw/latest-player] - External HTTP call succeeded: url='https://europe.api.riotgames.com/lol/match/v5/matches/EUW1_7914925094/timeline', status=200 OK
2026-07-13 22:18:01.947 [http-nio-8080-exec-4] INFO  o.m.s.TimelineIngestServiceImpl [requestId=349b2510-104b-43c6-bbec-5c902fe9aa23] [path=/api/crawl/euw/latest-player] - Timeline ingested: matchId='EUW1_7914925094'
2026-07-13 22:18:01.959 [http-nio-8080-exec-4] DEBUG org.main.client.RiotApiHttpClient [requestId=349b2510-104b-43c6-bbec-5c902fe9aa23] [path=/api/crawl/euw/latest-player] - Calling Riot match details endpoint: matchId='EUW1_7914920776'
2026-07-13 22:18:02.086 [http-nio-8080-exec-4] DEBUG org.main.client.RiotApiHttpClient [requestId=349b2510-104b-43c6-bbec-5c902fe9aa23] [path=/api/crawl/euw/latest-player] - External HTTP call succeeded: url='https://europe.api.riotgames.com/lol/match/v5/matches/EUW1_7914920776', status=200 OK
2026-07-13 22:18:02.089 [http-nio-8080-exec-4] INFO  org.main.service.CrawlerServiceImpl [requestId=349b2510-104b-43c6-bbec-5c902fe9aa23] [path=/api/crawl/euw/latest-player] - Saved new match: matchId='EUW1_7914920776'
2026-07-13 22:18:02.098 [http-nio-8080-exec-4] DEBUG org.main.client.RiotApiHttpClient [requestId=349b2510-104b-43c6-bbec-5c902fe9aa23] [path=/api/crawl/euw/latest-player] - Calling Riot match timeline endpoint: matchId='EUW1_7914920776'
2026-07-13 22:18:02.221 [http-nio-8080-exec-4] DEBUG org.main.client.RiotApiHttpClient [requestId=349b2510-104b-43c6-bbec-5c902fe9aa23] [path=/api/crawl/euw/latest-player] - External HTTP call succeeded: url='https://europe.api.riotgames.com/lol/match/v5/matches/EUW1_7914920776/timeline', status=200 OK
2026-07-13 22:18:02.289 [http-nio-8080-exec-4] INFO  o.m.s.TimelineIngestServiceImpl [requestId=349b2510-104b-43c6-bbec-5c902fe9aa23] [path=/api/crawl/euw/latest-player] - Timeline ingested: matchId='EUW1_7914920776'
2026-07-13 22:18:02.294 [http-nio-8080-exec-4] DEBUG org.main.client.RiotApiHttpClient [requestId=349b2510-104b-43c6-bbec-5c902fe9aa23] [path=/api/crawl/euw/latest-player] - Calling Riot match details endpoint: matchId='EUW1_7914882384'
2026-07-13 22:18:02.429 [http-nio-8080-exec-4] DEBUG org.main.client.RiotApiHttpClient [requestId=349b2510-104b-43c6-bbec-5c902fe9aa23] [path=/api/crawl/euw/latest-player] - External HTTP call succeeded: url='https://europe.api.riotgames.com/lol/match/v5/matches/EUW1_7914882384', status=200 OK
2026-07-13 22:18:02.432 [http-nio-8080-exec-4] INFO  org.main.service.CrawlerServiceImpl [requestId=349b2510-104b-43c6-bbec-5c902fe9aa23] [path=/api/crawl/euw/latest-player] - Saved new match: matchId='EUW1_7914882384'
2026-07-13 22:18:02.441 [http-nio-8080-exec-4] DEBUG org.main.client.RiotApiHttpClient [requestId=349b2510-104b-43c6-bbec-5c902fe9aa23] [path=/api/crawl/euw/latest-player] - Calling Riot match timeline endpoint: matchId='EUW1_7914882384'
2026-07-13 22:18:02.866 [http-nio-8080-exec-4] DEBUG org.main.client.RiotApiHttpClient [requestId=349b2510-104b-43c6-bbec-5c902fe9aa23] [path=/api/crawl/euw/latest-player] - External HTTP call succeeded: url='https://europe.api.riotgames.com/lol/match/v5/matches/EUW1_7914882384/timeline', status=200 OK
2026-07-13 22:18:04.845 [http-nio-8080-exec-4] INFO  o.m.s.TimelineIngestServiceImpl [requestId=349b2510-104b-43c6-bbec-5c902fe9aa23] [path=/api/crawl/euw/latest-player] - Timeline ingested: matchId='EUW1_7914882384'
2026-07-13 22:18:04.857 [http-nio-8080-exec-4] DEBUG org.main.client.RiotApiHttpClient [requestId=349b2510-104b-43c6-bbec-5c902fe9aa23] [path=/api/crawl/euw/latest-player] - Calling Riot match details endpoint: matchId='EUW1_7914854993'
2026-07-13 22:18:04.994 [http-nio-8080-exec-4] DEBUG org.main.client.RiotApiHttpClient [requestId=349b2510-104b-43c6-bbec-5c902fe9aa23] [path=/api/crawl/euw/latest-player] - External HTTP call succeeded: url='https://europe.api.riotgames.com/lol/match/v5/matches/EUW1_7914854993', status=200 OK
2026-07-13 22:18:04.997 [http-nio-8080-exec-4] INFO  org.main.service.CrawlerServiceImpl [requestId=349b2510-104b-43c6-bbec-5c902fe9aa23] [path=/api/crawl/euw/latest-player] - Saved new match: matchId='EUW1_7914854993'
2026-07-13 22:18:05.010 [http-nio-8080-exec-4] DEBUG org.main.client.RiotApiHttpClient [requestId=349b2510-104b-43c6-bbec-5c902fe9aa23] [path=/api/crawl/euw/latest-player] - Calling Riot match timeline endpoint: matchId='EUW1_7914854993'
2026-07-13 22:18:05.379 [http-nio-8080-exec-4] DEBUG org.main.client.RiotApiHttpClient [requestId=349b2510-104b-43c6-bbec-5c902fe9aa23] [path=/api/crawl/euw/latest-player] - External HTTP call succeeded: url='https://europe.api.riotgames.com/lol/match/v5/matches/EUW1_7914854993/timeline', status=200 OK
2026-07-13 22:18:06.651 [scheduling-1] INFO  o.m.s.a.MatchAnalysisServiceImpl [requestId=] [path=] - Match analyzed successfully: matchId='EUW1_7915369537'
2026-07-13 22:18:06.840 [http-nio-8080-exec-4] INFO  o.m.s.TimelineIngestServiceImpl [requestId=349b2510-104b-43c6-bbec-5c902fe9aa23] [path=/api/crawl/euw/latest-player] - Timeline ingested: matchId='EUW1_7914854993'
2026-07-13 22:18:06.852 [http-nio-8080-exec-4] DEBUG org.main.client.RiotApiHttpClient [requestId=349b2510-104b-43c6-bbec-5c902fe9aa23] [path=/api/crawl/euw/latest-player] - Calling Riot match details endpoint: matchId='EUW1_7914826574'
2026-07-13 22:18:07.010 [http-nio-8080-exec-4] DEBUG org.main.client.RiotApiHttpClient [requestId=349b2510-104b-43c6-bbec-5c902fe9aa23] [path=/api/crawl/euw/latest-player] - External HTTP call succeeded: url='https://europe.api.riotgames.com/lol/match/v5/matches/EUW1_7914826574', status=200 OK
2026-07-13 22:18:07.013 [http-nio-8080-exec-4] INFO  org.main.service.CrawlerServiceImpl [requestId=349b2510-104b-43c6-bbec-5c902fe9aa23] [path=/api/crawl/euw/latest-player] - Saved new match: matchId='EUW1_7914826574'
2026-07-13 22:18:07.026 [http-nio-8080-exec-4] DEBUG org.main.client.RiotApiHttpClient [requestId=349b2510-104b-43c6-bbec-5c902fe9aa23] [path=/api/crawl/euw/latest-player] - Calling Riot match timeline endpoint: matchId='EUW1_7914826574'
2026-07-13 22:18:07.268 [http-nio-8080-exec-4] DEBUG org.main.client.RiotApiHttpClient [requestId=349b2510-104b-43c6-bbec-5c902fe9aa23] [path=/api/crawl/euw/latest-player] - External HTTP call succeeded: url='https://europe.api.riotgames.com/lol/match/v5/matches/EUW1_7914826574/timeline', status=200 OK
2026-07-13 22:18:07.468 [scheduling-1] INFO  o.m.s.a.MatchAnalysisServiceImpl [requestId=] [path=] - Match analyzed successfully: matchId='EUW1_7915329251'
2026-07-13 22:18:08.155 [scheduling-1] INFO  o.m.s.a.MatchAnalysisServiceImpl [requestId=] [path=] - Match analyzed successfully: matchId='EUW1_7914946928'
2026-07-13 22:18:08.343 [http-nio-8080-exec-4] INFO  o.m.s.TimelineIngestServiceImpl [requestId=349b2510-104b-43c6-bbec-5c902fe9aa23] [path=/api/crawl/euw/latest-player] - Timeline ingested: matchId='EUW1_7914826574'
2026-07-13 22:18:08.352 [http-nio-8080-exec-4] DEBUG org.main.client.RiotApiHttpClient [requestId=349b2510-104b-43c6-bbec-5c902fe9aa23] [path=/api/crawl/euw/latest-player] - Calling Riot match details endpoint: matchId='EUW1_7914776105'
2026-07-13 22:18:08.493 [http-nio-8080-exec-4] DEBUG org.main.client.RiotApiHttpClient [requestId=349b2510-104b-43c6-bbec-5c902fe9aa23] [path=/api/crawl/euw/latest-player] - External HTTP call succeeded: url='https://europe.api.riotgames.com/lol/match/v5/matches/EUW1_7914776105', status=200 OK
2026-07-13 22:18:08.496 [http-nio-8080-exec-4] INFO  org.main.service.CrawlerServiceImpl [requestId=349b2510-104b-43c6-bbec-5c902fe9aa23] [path=/api/crawl/euw/latest-player] - Saved new match: matchId='EUW1_7914776105'
2026-07-13 22:18:08.507 [http-nio-8080-exec-4] DEBUG org.main.client.RiotApiHttpClient [requestId=349b2510-104b-43c6-bbec-5c902fe9aa23] [path=/api/crawl/euw/latest-player] - Calling Riot match timeline endpoint: matchId='EUW1_7914776105'
2026-07-13 22:18:08.825 [scheduling-1] INFO  o.m.s.a.MatchAnalysisServiceImpl [requestId=] [path=] - Match analyzed successfully: matchId='EUW1_7914925094'
2026-07-13 22:18:08.849 [http-nio-8080-exec-4] DEBUG org.main.client.RiotApiHttpClient [requestId=349b2510-104b-43c6-bbec-5c902fe9aa23] [path=/api/crawl/euw/latest-player] - External HTTP call succeeded: url='https://europe.api.riotgames.com/lol/match/v5/matches/EUW1_7914776105/timeline', status=200 OK
2026-07-13 22:18:09.007 [scheduling-1] INFO  o.m.s.a.MatchAnalysisServiceImpl [requestId=] [path=] - Match analyzed successfully: matchId='EUW1_7914920776'
2026-07-13 22:18:09.689 [scheduling-1] INFO  o.m.s.a.MatchAnalysisServiceImpl [requestId=] [path=] - Match analyzed successfully: matchId='EUW1_7914882384'
2026-07-13 22:18:10.156 [scheduling-1] INFO  o.m.s.a.MatchAnalysisServiceImpl [requestId=] [path=] - Match analyzed successfully: matchId='EUW1_7914854993'
2026-07-13 22:18:10.158 [scheduling-1] INFO  o.m.s.a.MatchAnalysisScheduler [requestId=] [path=] - Analysis scheduler processed 7 matches
2026-07-13 22:18:10.339 [http-nio-8080-exec-4] INFO  o.m.s.TimelineIngestServiceImpl [requestId=349b2510-104b-43c6-bbec-5c902fe9aa23] [path=/api/crawl/euw/latest-player] - Timeline ingested: matchId='EUW1_7914776105'
2026-07-13 22:18:10.347 [http-nio-8080-exec-4] DEBUG org.main.client.RiotApiHttpClient [requestId=349b2510-104b-43c6-bbec-5c902fe9aa23] [path=/api/crawl/euw/latest-player] - Calling Riot match details endpoint: matchId='EUW1_7914466121'
2026-07-13 22:18:10.487 [http-nio-8080-exec-4] DEBUG org.main.client.RiotApiHttpClient [requestId=349b2510-104b-43c6-bbec-5c902fe9aa23] [path=/api/crawl/euw/latest-player] - External HTTP call succeeded: url='https://europe.api.riotgames.com/lol/match/v5/matches/EUW1_7914466121', status=200 OK
2026-07-13 22:18:10.491 [http-nio-8080-exec-4] INFO  org.main.service.CrawlerServiceImpl [requestId=349b2510-104b-43c6-bbec-5c902fe9aa23] [path=/api/crawl/euw/latest-player] - Saved new match: matchId='EUW1_7914466121'
2026-07-13 22:18:10.502 [http-nio-8080-exec-4] DEBUG org.main.client.RiotApiHttpClient [requestId=349b2510-104b-43c6-bbec-5c902fe9aa23] [path=/api/crawl/euw/latest-player] - Calling Riot match timeline endpoint: matchId='EUW1_7914466121'
2026-07-13 22:18:10.851 [http-nio-8080-exec-4] DEBUG org.main.client.RiotApiHttpClient [requestId=349b2510-104b-43c6-bbec-5c902fe9aa23] [path=/api/crawl/euw/latest-player] - External HTTP call succeeded: url='https://europe.api.riotgames.com/lol/match/v5/matches/EUW1_7914466121/timeline', status=200 OK
2026-07-13 22:18:12.206 [http-nio-8080-exec-4] INFO  o.m.s.TimelineIngestServiceImpl [requestId=349b2510-104b-43c6-bbec-5c902fe9aa23] [path=/api/crawl/euw/latest-player] - Timeline ingested: matchId='EUW1_7914466121'
2026-07-13 22:18:12.216 [http-nio-8080-exec-4] DEBUG org.main.client.RiotApiHttpClient [requestId=349b2510-104b-43c6-bbec-5c902fe9aa23] [path=/api/crawl/euw/latest-player] - Calling Riot match details endpoint: matchId='EUW1_7914423362'
2026-07-13 22:18:12.369 [http-nio-8080-exec-4] DEBUG org.main.client.RiotApiHttpClient [requestId=349b2510-104b-43c6-bbec-5c902fe9aa23] [path=/api/crawl/euw/latest-player] - External HTTP call succeeded: url='https://europe.api.riotgames.com/lol/match/v5/matches/EUW1_7914423362', status=200 OK
2026-07-13 22:18:12.372 [http-nio-8080-exec-4] INFO  org.main.service.CrawlerServiceImpl [requestId=349b2510-104b-43c6-bbec-5c902fe9aa23] [path=/api/crawl/euw/latest-player] - Saved new match: matchId='EUW1_7914423362'
2026-07-13 22:18:12.381 [http-nio-8080-exec-4] DEBUG org.main.client.RiotApiHttpClient [requestId=349b2510-104b-43c6-bbec-5c902fe9aa23] [path=/api/crawl/euw/latest-player] - Calling Riot match timeline endpoint: matchId='EUW1_7914423362'
2026-07-13 22:18:12.696 [http-nio-8080-exec-4] DEBUG org.main.client.RiotApiHttpClient [requestId=349b2510-104b-43c6-bbec-5c902fe9aa23] [path=/api/crawl/euw/latest-player] - External HTTP call succeeded: url='https://europe.api.riotgames.com/lol/match/v5/matches/EUW1_7914423362/timeline', status=200 OK
2026-07-13 22:18:14.157 [http-nio-8080-exec-4] INFO  o.m.s.TimelineIngestServiceImpl [requestId=349b2510-104b-43c6-bbec-5c902fe9aa23] [path=/api/crawl/euw/latest-player] - Timeline ingested: matchId='EUW1_7914423362'
2026-07-13 22:18:14.167 [http-nio-8080-exec-4] DEBUG org.main.client.RiotApiHttpClient [requestId=349b2510-104b-43c6-bbec-5c902fe9aa23] [path=/api/crawl/euw/latest-player] - Calling Riot match details endpoint: matchId='EUW1_7914388081'
2026-07-13 22:18:14.309 [http-nio-8080-exec-4] DEBUG org.main.client.RiotApiHttpClient [requestId=349b2510-104b-43c6-bbec-5c902fe9aa23] [path=/api/crawl/euw/latest-player] - External HTTP call succeeded: url='https://europe.api.riotgames.com/lol/match/v5/matches/EUW1_7914388081', status=200 OK
2026-07-13 22:18:14.312 [http-nio-8080-exec-4] INFO  org.main.service.CrawlerServiceImpl [requestId=349b2510-104b-43c6-bbec-5c902fe9aa23] [path=/api/crawl/euw/latest-player] - Saved new match: matchId='EUW1_7914388081'
2026-07-13 22:18:14.324 [http-nio-8080-exec-4] DEBUG org.main.client.RiotApiHttpClient [requestId=349b2510-104b-43c6-bbec-5c902fe9aa23] [path=/api/crawl/euw/latest-player] - Calling Riot match timeline endpoint: matchId='EUW1_7914388081'
2026-07-13 22:18:14.757 [http-nio-8080-exec-4] DEBUG org.main.client.RiotApiHttpClient [requestId=349b2510-104b-43c6-bbec-5c902fe9aa23] [path=/api/crawl/euw/latest-player] - External HTTP call succeeded: url='https://europe.api.riotgames.com/lol/match/v5/matches/EUW1_7914388081/timeline', status=200 OK
2026-07-13 22:18:17.120 [http-nio-8080-exec-4] INFO  o.m.s.TimelineIngestServiceImpl [requestId=349b2510-104b-43c6-bbec-5c902fe9aa23] [path=/api/crawl/euw/latest-player] - Timeline ingested: matchId='EUW1_7914388081'
2026-07-13 22:18:17.137 [http-nio-8080-exec-4] DEBUG org.main.client.RiotApiHttpClient [requestId=349b2510-104b-43c6-bbec-5c902fe9aa23] [path=/api/crawl/euw/latest-player] - Calling Riot match details endpoint: matchId='EUW1_7914346349'
2026-07-13 22:18:17.279 [http-nio-8080-exec-4] DEBUG org.main.client.RiotApiHttpClient [requestId=349b2510-104b-43c6-bbec-5c902fe9aa23] [path=/api/crawl/euw/latest-player] - External HTTP call succeeded: url='https://europe.api.riotgames.com/lol/match/v5/matches/EUW1_7914346349', status=200 OK
2026-07-13 22:18:17.283 [http-nio-8080-exec-4] INFO  org.main.service.CrawlerServiceImpl [requestId=349b2510-104b-43c6-bbec-5c902fe9aa23] [path=/api/crawl/euw/latest-player] - Saved new match: matchId='EUW1_7914346349'
2026-07-13 22:18:17.294 [http-nio-8080-exec-4] DEBUG org.main.client.RiotApiHttpClient [requestId=349b2510-104b-43c6-bbec-5c902fe9aa23] [path=/api/crawl/euw/latest-player] - Calling Riot match timeline endpoint: matchId='EUW1_7914346349'
2026-07-13 22:18:17.816 [http-nio-8080-exec-4] DEBUG org.main.client.RiotApiHttpClient [requestId=349b2510-104b-43c6-bbec-5c902fe9aa23] [path=/api/crawl/euw/latest-player] - External HTTP call succeeded: url='https://europe.api.riotgames.com/lol/match/v5/matches/EUW1_7914346349/timeline', status=200 OK
2026-07-13 22:18:19.509 [http-nio-8080-exec-4] INFO  o.m.s.TimelineIngestServiceImpl [requestId=349b2510-104b-43c6-bbec-5c902fe9aa23] [path=/api/crawl/euw/latest-player] - Timeline ingested: matchId='EUW1_7914346349'
2026-07-13 22:18:19.518 [http-nio-8080-exec-4] DEBUG org.main.client.RiotApiHttpClient [requestId=349b2510-104b-43c6-bbec-5c902fe9aa23] [path=/api/crawl/euw/latest-player] - Calling Riot match details endpoint: matchId='EUW1_7914320550'
2026-07-13 22:18:19.733 [http-nio-8080-exec-4] DEBUG org.main.client.RiotApiHttpClient [requestId=349b2510-104b-43c6-bbec-5c902fe9aa23] [path=/api/crawl/euw/latest-player] - External HTTP call succeeded: url='https://europe.api.riotgames.com/lol/match/v5/matches/EUW1_7914320550', status=200 OK
2026-07-13 22:18:19.738 [http-nio-8080-exec-4] INFO  org.main.service.CrawlerServiceImpl [requestId=349b2510-104b-43c6-bbec-5c902fe9aa23] [path=/api/crawl/euw/latest-player] - Saved new match: matchId='EUW1_7914320550'
2026-07-13 22:18:19.748 [http-nio-8080-exec-4] DEBUG org.main.client.RiotApiHttpClient [requestId=349b2510-104b-43c6-bbec-5c902fe9aa23] [path=/api/crawl/euw/latest-player] - Calling Riot match timeline endpoint: matchId='EUW1_7914320550'
2026-07-13 22:18:20.074 [http-nio-8080-exec-4] DEBUG org.main.client.RiotApiHttpClient [requestId=349b2510-104b-43c6-bbec-5c902fe9aa23] [path=/api/crawl/euw/latest-player] - External HTTP call succeeded: url='https://europe.api.riotgames.com/lol/match/v5/matches/EUW1_7914320550/timeline', status=200 OK
2026-07-13 22:18:20.633 [scheduling-1] INFO  o.m.s.a.MatchAnalysisServiceImpl [requestId=] [path=] - Match analyzed successfully: matchId='EUW1_7914826574'
2026-07-13 22:18:21.348 [scheduling-1] INFO  o.m.s.a.MatchAnalysisServiceImpl [requestId=] [path=] - Match analyzed successfully: matchId='EUW1_7914776105'
2026-07-13 22:18:21.521 [http-nio-8080-exec-4] INFO  o.m.s.TimelineIngestServiceImpl [requestId=349b2510-104b-43c6-bbec-5c902fe9aa23] [path=/api/crawl/euw/latest-player] - Timeline ingested: matchId='EUW1_7914320550'
2026-07-13 22:18:21.530 [http-nio-8080-exec-4] DEBUG org.main.client.RiotApiHttpClient [requestId=349b2510-104b-43c6-bbec-5c902fe9aa23] [path=/api/crawl/euw/latest-player] - Calling Riot match details endpoint: matchId='EUW1_7913966817'
2026-07-13 22:18:21.776 [http-nio-8080-exec-4] DEBUG org.main.client.RiotApiHttpClient [requestId=349b2510-104b-43c6-bbec-5c902fe9aa23] [path=/api/crawl/euw/latest-player] - External HTTP call succeeded: url='https://europe.api.riotgames.com/lol/match/v5/matches/EUW1_7913966817', status=200 OK
2026-07-13 22:18:21.778 [http-nio-8080-exec-4] INFO  org.main.service.CrawlerServiceImpl [requestId=349b2510-104b-43c6-bbec-5c902fe9aa23] [path=/api/crawl/euw/latest-player] - Saved new match: matchId='EUW1_7913966817'
2026-07-13 22:18:21.791 [http-nio-8080-exec-4] DEBUG org.main.client.RiotApiHttpClient [requestId=349b2510-104b-43c6-bbec-5c902fe9aa23] [path=/api/crawl/euw/latest-player] - Calling Riot match timeline endpoint: matchId='EUW1_7913966817'
2026-07-13 22:18:21.924 [scheduling-1] INFO  o.m.s.a.MatchAnalysisServiceImpl [requestId=] [path=] - Match analyzed successfully: matchId='EUW1_7914466121'
2026-07-13 22:18:22.143 [http-nio-8080-exec-4] DEBUG org.main.client.RiotApiHttpClient [requestId=349b2510-104b-43c6-bbec-5c902fe9aa23] [path=/api/crawl/euw/latest-player] - External HTTP call succeeded: url='https://europe.api.riotgames.com/lol/match/v5/matches/EUW1_7913966817/timeline', status=200 OK
2026-07-13 22:18:22.533 [scheduling-1] INFO  o.m.s.a.MatchAnalysisServiceImpl [requestId=] [path=] - Match analyzed successfully: matchId='EUW1_7914423362'
2026-07-13 22:18:23.225 [scheduling-1] INFO  o.m.s.a.MatchAnalysisServiceImpl [requestId=] [path=] - Match analyzed successfully: matchId='EUW1_7914388081'
2026-07-13 22:18:23.513 [http-nio-8080-exec-4] INFO  o.m.s.TimelineIngestServiceImpl [requestId=349b2510-104b-43c6-bbec-5c902fe9aa23] [path=/api/crawl/euw/latest-player] - Timeline ingested: matchId='EUW1_7913966817'
2026-07-13 22:18:23.523 [http-nio-8080-exec-4] INFO  org.main.service.CrawlerServiceImpl [requestId=349b2510-104b-43c6-bbec-5c902fe9aa23] [path=/api/crawl/euw/latest-player] - crawlPuuidEUW finished: puuid='D2Qk3WOFCa7dYoY3uB0dpCGiMVQ3COwIH1d5VygT8gumdsK5gxVrGZujCDl5db4gaUh7W47PJw31Cw', requestedLimit=20, fetchedUnique=20, savedNewMatches=20
2026-07-13 22:18:23.523 [http-nio-8080-exec-4] INFO  o.main.controller.CrawlerController [requestId=349b2510-104b-43c6-bbec-5c902fe9aa23] [path=/api/crawl/euw/latest-player] - crawlLatestPlayer completed: puuid='D2Qk3WOFCa7dYoY3uB0dpCGiMVQ3COwIH1d5VygT8gumdsK5gxVrGZujCDl5db4gaUh7W47PJw31Cw', requestedLimit=20, savedNewMatches=20
2026-07-13 22:18:24.118 [scheduling-1] INFO  o.m.s.a.MatchAnalysisServiceImpl [requestId=] [path=] - Match analyzed successfully: matchId='EUW1_7914346349'
2026-07-13 22:18:24.807 [scheduling-1] INFO  o.m.s.a.MatchAnalysisServiceImpl [requestId=] [path=] - Match analyzed successfully: matchId='EUW1_7914320550'
2026-07-13 22:18:24.809 [scheduling-1] INFO  o.m.s.a.MatchAnalysisScheduler [requestId=] [path=] - Analysis scheduler processed 7 matches
2026-07-13 22:18:35.299 [scheduling-1] INFO  o.m.s.a.MatchAnalysisServiceImpl [requestId=] [path=] - Match analyzed successfully: matchId='EUW1_7913966817'
2026-07-13 22:18:35.300 [scheduling-1] INFO  o.m.s.a.MatchAnalysisScheduler [requestId=] [path=] - Analysis scheduler processed 1 matches
2026-07-13 22:19:33.774 [http-nio-8080-exec-7] INFO  o.main.controller.CrawlerController [requestId=e1bcdb6c-a2b8-42c2-9e3e-e122338fa8b9] [path=/api/crawl/euw/latest-player] - Received crawlLatestPlayer request: limit=20
2026-07-13 22:19:33.821 [http-nio-8080-exec-7] INFO  org.main.service.CrawlerServiceImpl [requestId=e1bcdb6c-a2b8-42c2-9e3e-e122338fa8b9] [path=/api/crawl/euw/latest-player] - Starting crawlLatestPlayerEUW: puuid='BwyBPTJ6xyPzh2qEXOTNhTqv1OtSzt2wAqRBNVN70r6JL0Ou2JcqNat57To0GPAoI25kqIz7p9cDHA', gameName='davidmaymon', tagLine='EUW', requestedLimit=20, effectiveLimit=20
2026-07-13 22:19:33.821 [http-nio-8080-exec-7] INFO  org.main.service.CrawlerServiceImpl [requestId=e1bcdb6c-a2b8-42c2-9e3e-e122338fa8b9] [path=/api/crawl/euw/latest-player] - Starting crawlPuuidEUW: puuid='BwyBPTJ6xyPzh2qEXOTNhTqv1OtSzt2wAqRBNVN70r6JL0Ou2JcqNat57To0GPAoI25kqIz7p9cDHA', requestedLimit=20, effectiveLimit=20
2026-07-13 22:19:33.821 [http-nio-8080-exec-7] DEBUG org.main.service.CrawlerServiceImpl [requestId=e1bcdb6c-a2b8-42c2-9e3e-e122338fa8b9] [path=/api/crawl/euw/latest-player] - Requesting match id page: puuid='BwyBPTJ6xyPzh2qEXOTNhTqv1OtSzt2wAqRBNVN70r6JL0Ou2JcqNat57To0GPAoI25kqIz7p9cDHA', start=0, count=20
2026-07-13 22:19:33.821 [http-nio-8080-exec-7] DEBUG org.main.client.RiotApiHttpClient [requestId=e1bcdb6c-a2b8-42c2-9e3e-e122338fa8b9] [path=/api/crawl/euw/latest-player] - Calling Riot match ids endpoint: puuid='BwyBPTJ6xyPzh2qEXOTNhTqv1OtSzt2wAqRBNVN70r6JL0Ou2JcqNat57To0GPAoI25kqIz7p9cDHA', start=0, count=20
2026-07-13 22:19:34.085 [http-nio-8080-exec-7] DEBUG org.main.client.RiotApiHttpClient [requestId=e1bcdb6c-a2b8-42c2-9e3e-e122338fa8b9] [path=/api/crawl/euw/latest-player] - External HTTP call succeeded: url='https://europe.api.riotgames.com/lol/match/v5/matches/by-puuid/BwyBPTJ6xyPzh2qEXOTNhTqv1OtSzt2wAqRBNVN70r6JL0Ou2JcqNat57To0GPAoI25kqIz7p9cDHA/ids?start=0&count=20', status=200 OK
2026-07-13 22:19:34.088 [http-nio-8080-exec-7] DEBUG org.main.client.RiotApiHttpClient [requestId=e1bcdb6c-a2b8-42c2-9e3e-e122338fa8b9] [path=/api/crawl/euw/latest-player] - Calling Riot match details endpoint: matchId='EUW1_7917005177'
2026-07-13 22:19:34.246 [http-nio-8080-exec-7] DEBUG org.main.client.RiotApiHttpClient [requestId=e1bcdb6c-a2b8-42c2-9e3e-e122338fa8b9] [path=/api/crawl/euw/latest-player] - External HTTP call succeeded: url='https://europe.api.riotgames.com/lol/match/v5/matches/EUW1_7917005177', status=200 OK
2026-07-13 22:19:34.249 [http-nio-8080-exec-7] INFO  org.main.service.CrawlerServiceImpl [requestId=e1bcdb6c-a2b8-42c2-9e3e-e122338fa8b9] [path=/api/crawl/euw/latest-player] - Saved new match: matchId='EUW1_7917005177'
2026-07-13 22:19:34.263 [http-nio-8080-exec-7] DEBUG org.main.client.RiotApiHttpClient [requestId=e1bcdb6c-a2b8-42c2-9e3e-e122338fa8b9] [path=/api/crawl/euw/latest-player] - Calling Riot match timeline endpoint: matchId='EUW1_7917005177'
2026-07-13 22:19:34.719 [http-nio-8080-exec-7] DEBUG org.main.client.RiotApiHttpClient [requestId=e1bcdb6c-a2b8-42c2-9e3e-e122338fa8b9] [path=/api/crawl/euw/latest-player] - External HTTP call succeeded: url='https://europe.api.riotgames.com/lol/match/v5/matches/EUW1_7917005177/timeline', status=200 OK
2026-07-13 22:19:35.397 [scheduling-1] INFO  o.m.s.a.MatchAnalysisServiceImpl [requestId=] [path=] - Match waits for timeline before analysis: matchId='EUW1_7917005177'
2026-07-13 22:19:35.399 [scheduling-1] INFO  o.m.s.a.MatchAnalysisScheduler [requestId=] [path=] - Analysis scheduler processed 1 matches
2026-07-13 22:19:36.498 [http-nio-8080-exec-7] INFO  o.m.s.TimelineIngestServiceImpl [requestId=e1bcdb6c-a2b8-42c2-9e3e-e122338fa8b9] [path=/api/crawl/euw/latest-player] - Timeline ingested: matchId='EUW1_7917005177'
2026-07-13 22:19:36.512 [http-nio-8080-exec-7] DEBUG org.main.client.RiotApiHttpClient [requestId=e1bcdb6c-a2b8-42c2-9e3e-e122338fa8b9] [path=/api/crawl/euw/latest-player] - Calling Riot match details endpoint: matchId='EUW1_7916951130'
2026-07-13 22:19:36.712 [http-nio-8080-exec-7] DEBUG org.main.client.RiotApiHttpClient [requestId=e1bcdb6c-a2b8-42c2-9e3e-e122338fa8b9] [path=/api/crawl/euw/latest-player] - External HTTP call succeeded: url='https://europe.api.riotgames.com/lol/match/v5/matches/EUW1_7916951130', status=200 OK
2026-07-13 22:19:36.714 [http-nio-8080-exec-7] INFO  org.main.service.CrawlerServiceImpl [requestId=e1bcdb6c-a2b8-42c2-9e3e-e122338fa8b9] [path=/api/crawl/euw/latest-player] - Saved new match: matchId='EUW1_7916951130'
2026-07-13 22:19:36.725 [http-nio-8080-exec-7] DEBUG org.main.client.RiotApiHttpClient [requestId=e1bcdb6c-a2b8-42c2-9e3e-e122338fa8b9] [path=/api/crawl/euw/latest-player] - Calling Riot match timeline endpoint: matchId='EUW1_7916951130'
2026-07-13 22:19:37.113 [http-nio-8080-exec-7] DEBUG org.main.client.RiotApiHttpClient [requestId=e1bcdb6c-a2b8-42c2-9e3e-e122338fa8b9] [path=/api/crawl/euw/latest-player] - External HTTP call succeeded: url='https://europe.api.riotgames.com/lol/match/v5/matches/EUW1_7916951130/timeline', status=200 OK
2026-07-13 22:19:38.580 [http-nio-8080-exec-7] INFO  o.m.s.TimelineIngestServiceImpl [requestId=e1bcdb6c-a2b8-42c2-9e3e-e122338fa8b9] [path=/api/crawl/euw/latest-player] - Timeline ingested: matchId='EUW1_7916951130'
2026-07-13 22:19:38.589 [http-nio-8080-exec-7] DEBUG org.main.client.RiotApiHttpClient [requestId=e1bcdb6c-a2b8-42c2-9e3e-e122338fa8b9] [path=/api/crawl/euw/latest-player] - Calling Riot match details endpoint: matchId='EUW1_7916876300'
2026-07-13 22:19:38.789 [http-nio-8080-exec-7] DEBUG org.main.client.RiotApiHttpClient [requestId=e1bcdb6c-a2b8-42c2-9e3e-e122338fa8b9] [path=/api/crawl/euw/latest-player] - External HTTP call succeeded: url='https://europe.api.riotgames.com/lol/match/v5/matches/EUW1_7916876300', status=200 OK
2026-07-13 22:19:38.791 [http-nio-8080-exec-7] INFO  org.main.service.CrawlerServiceImpl [requestId=e1bcdb6c-a2b8-42c2-9e3e-e122338fa8b9] [path=/api/crawl/euw/latest-player] - Saved new match: matchId='EUW1_7916876300'
2026-07-13 22:19:38.812 [http-nio-8080-exec-7] DEBUG org.main.client.RiotApiHttpClient [requestId=e1bcdb6c-a2b8-42c2-9e3e-e122338fa8b9] [path=/api/crawl/euw/latest-player] - Calling Riot match timeline endpoint: matchId='EUW1_7916876300'
2026-07-13 22:19:39.212 [http-nio-8080-exec-7] DEBUG org.main.client.RiotApiHttpClient [requestId=e1bcdb6c-a2b8-42c2-9e3e-e122338fa8b9] [path=/api/crawl/euw/latest-player] - External HTTP call succeeded: url='https://europe.api.riotgames.com/lol/match/v5/matches/EUW1_7916876300/timeline', status=200 OK
2026-07-13 22:19:40.557 [http-nio-8080-exec-7] INFO  o.m.s.TimelineIngestServiceImpl [requestId=e1bcdb6c-a2b8-42c2-9e3e-e122338fa8b9] [path=/api/crawl/euw/latest-player] - Timeline ingested: matchId='EUW1_7916876300'
2026-07-13 22:19:40.565 [http-nio-8080-exec-7] DEBUG org.main.client.RiotApiHttpClient [requestId=e1bcdb6c-a2b8-42c2-9e3e-e122338fa8b9] [path=/api/crawl/euw/latest-player] - Calling Riot match details endpoint: matchId='EUW1_7916807279'
2026-07-13 22:19:40.741 [http-nio-8080-exec-7] DEBUG org.main.client.RiotApiHttpClient [requestId=e1bcdb6c-a2b8-42c2-9e3e-e122338fa8b9] [path=/api/crawl/euw/latest-player] - External HTTP call succeeded: url='https://europe.api.riotgames.com/lol/match/v5/matches/EUW1_7916807279', status=200 OK
2026-07-13 22:19:40.744 [http-nio-8080-exec-7] INFO  org.main.service.CrawlerServiceImpl [requestId=e1bcdb6c-a2b8-42c2-9e3e-e122338fa8b9] [path=/api/crawl/euw/latest-player] - Saved new match: matchId='EUW1_7916807279'
2026-07-13 22:19:40.756 [http-nio-8080-exec-7] DEBUG org.main.client.RiotApiHttpClient [requestId=e1bcdb6c-a2b8-42c2-9e3e-e122338fa8b9] [path=/api/crawl/euw/latest-player] - Calling Riot match timeline endpoint: matchId='EUW1_7916807279'
2026-07-13 22:19:41.173 [http-nio-8080-exec-7] DEBUG org.main.client.RiotApiHttpClient [requestId=e1bcdb6c-a2b8-42c2-9e3e-e122338fa8b9] [path=/api/crawl/euw/latest-player] - External HTTP call succeeded: url='https://europe.api.riotgames.com/lol/match/v5/matches/EUW1_7916807279/timeline', status=200 OK
2026-07-13 22:19:43.327 [http-nio-8080-exec-7] INFO  o.m.s.TimelineIngestServiceImpl [requestId=e1bcdb6c-a2b8-42c2-9e3e-e122338fa8b9] [path=/api/crawl/euw/latest-player] - Timeline ingested: matchId='EUW1_7916807279'
2026-07-13 22:19:43.341 [http-nio-8080-exec-7] DEBUG org.main.client.RiotApiHttpClient [requestId=e1bcdb6c-a2b8-42c2-9e3e-e122338fa8b9] [path=/api/crawl/euw/latest-player] - Calling Riot match details endpoint: matchId='EUW1_7916754380'
2026-07-13 22:19:43.488 [http-nio-8080-exec-7] DEBUG org.main.client.RiotApiHttpClient [requestId=e1bcdb6c-a2b8-42c2-9e3e-e122338fa8b9] [path=/api/crawl/euw/latest-player] - External HTTP call succeeded: url='https://europe.api.riotgames.com/lol/match/v5/matches/EUW1_7916754380', status=200 OK
2026-07-13 22:19:43.491 [http-nio-8080-exec-7] INFO  org.main.service.CrawlerServiceImpl [requestId=e1bcdb6c-a2b8-42c2-9e3e-e122338fa8b9] [path=/api/crawl/euw/latest-player] - Saved new match: matchId='EUW1_7916754380'
2026-07-13 22:19:43.502 [http-nio-8080-exec-7] DEBUG org.main.client.RiotApiHttpClient [requestId=e1bcdb6c-a2b8-42c2-9e3e-e122338fa8b9] [path=/api/crawl/euw/latest-player] - Calling Riot match timeline endpoint: matchId='EUW1_7916754380'
2026-07-13 22:19:43.980 [http-nio-8080-exec-7] DEBUG org.main.client.RiotApiHttpClient [requestId=e1bcdb6c-a2b8-42c2-9e3e-e122338fa8b9] [path=/api/crawl/euw/latest-player] - External HTTP call succeeded: url='https://europe.api.riotgames.com/lol/match/v5/matches/EUW1_7916754380/timeline', status=200 OK
2026-07-13 22:19:46.136 [http-nio-8080-exec-7] INFO  o.m.s.TimelineIngestServiceImpl [requestId=e1bcdb6c-a2b8-42c2-9e3e-e122338fa8b9] [path=/api/crawl/euw/latest-player] - Timeline ingested: matchId='EUW1_7916754380'
2026-07-13 22:19:46.149 [http-nio-8080-exec-7] DEBUG org.main.client.RiotApiHttpClient [requestId=e1bcdb6c-a2b8-42c2-9e3e-e122338fa8b9] [path=/api/crawl/euw/latest-player] - Calling Riot match details endpoint: matchId='EUW1_7915973372'
2026-07-13 22:19:46.238 [scheduling-1] INFO  o.m.s.a.MatchAnalysisServiceImpl [requestId=] [path=] - Match analyzed successfully: matchId='EUW1_7917005177'
2026-07-13 22:19:46.278 [http-nio-8080-exec-7] DEBUG org.main.client.RiotApiHttpClient [requestId=e1bcdb6c-a2b8-42c2-9e3e-e122338fa8b9] [path=/api/crawl/euw/latest-player] - External HTTP call succeeded: url='https://europe.api.riotgames.com/lol/match/v5/matches/EUW1_7915973372', status=200 OK
2026-07-13 22:19:46.284 [http-nio-8080-exec-7] INFO  org.main.service.CrawlerServiceImpl [requestId=e1bcdb6c-a2b8-42c2-9e3e-e122338fa8b9] [path=/api/crawl/euw/latest-player] - Saved new match: matchId='EUW1_7915973372'
2026-07-13 22:19:46.296 [http-nio-8080-exec-7] DEBUG org.main.client.RiotApiHttpClient [requestId=e1bcdb6c-a2b8-42c2-9e3e-e122338fa8b9] [path=/api/crawl/euw/latest-player] - Calling Riot match timeline endpoint: matchId='EUW1_7915973372'
2026-07-13 22:19:46.569 [http-nio-8080-exec-7] DEBUG org.main.client.RiotApiHttpClient [requestId=e1bcdb6c-a2b8-42c2-9e3e-e122338fa8b9] [path=/api/crawl/euw/latest-player] - External HTTP call succeeded: url='https://europe.api.riotgames.com/lol/match/v5/matches/EUW1_7915973372/timeline', status=200 OK
2026-07-13 22:19:46.918 [scheduling-1] INFO  o.m.s.a.MatchAnalysisServiceImpl [requestId=] [path=] - Match analyzed successfully: matchId='EUW1_7916951130'
2026-07-13 22:19:47.412 [scheduling-1] INFO  o.m.s.a.MatchAnalysisServiceImpl [requestId=] [path=] - Match analyzed successfully: matchId='EUW1_7916876300'
2026-07-13 22:19:47.771 [http-nio-8080-exec-7] INFO  o.m.s.TimelineIngestServiceImpl [requestId=e1bcdb6c-a2b8-42c2-9e3e-e122338fa8b9] [path=/api/crawl/euw/latest-player] - Timeline ingested: matchId='EUW1_7915973372'
2026-07-13 22:19:47.782 [http-nio-8080-exec-7] DEBUG org.main.client.RiotApiHttpClient [requestId=e1bcdb6c-a2b8-42c2-9e3e-e122338fa8b9] [path=/api/crawl/euw/latest-player] - Calling Riot match details endpoint: matchId='EUW1_7915972147'
2026-07-13 22:19:47.924 [http-nio-8080-exec-7] DEBUG org.main.client.RiotApiHttpClient [requestId=e1bcdb6c-a2b8-42c2-9e3e-e122338fa8b9] [path=/api/crawl/euw/latest-player] - External HTTP call succeeded: url='https://europe.api.riotgames.com/lol/match/v5/matches/EUW1_7915972147', status=200 OK
2026-07-13 22:19:47.928 [http-nio-8080-exec-7] INFO  org.main.service.CrawlerServiceImpl [requestId=e1bcdb6c-a2b8-42c2-9e3e-e122338fa8b9] [path=/api/crawl/euw/latest-player] - Saved new match: matchId='EUW1_7915972147'
2026-07-13 22:19:47.937 [http-nio-8080-exec-7] DEBUG org.main.client.RiotApiHttpClient [requestId=e1bcdb6c-a2b8-42c2-9e3e-e122338fa8b9] [path=/api/crawl/euw/latest-player] - Calling Riot match timeline endpoint: matchId='EUW1_7915972147'
2026-07-13 22:19:48.132 [scheduling-1] INFO  o.m.s.a.MatchAnalysisServiceImpl [requestId=] [path=] - Match analyzed successfully: matchId='EUW1_7916807279'
2026-07-13 22:19:48.293 [http-nio-8080-exec-7] DEBUG org.main.client.RiotApiHttpClient [requestId=e1bcdb6c-a2b8-42c2-9e3e-e122338fa8b9] [path=/api/crawl/euw/latest-player] - External HTTP call succeeded: url='https://europe.api.riotgames.com/lol/match/v5/matches/EUW1_7915972147/timeline', status=200 OK
2026-07-13 22:19:48.776 [scheduling-1] INFO  o.m.s.a.MatchAnalysisServiceImpl [requestId=] [path=] - Match analyzed successfully: matchId='EUW1_7916754380'
2026-07-13 22:19:48.778 [scheduling-1] INFO  o.m.s.a.MatchAnalysisScheduler [requestId=] [path=] - Analysis scheduler processed 5 matches
2026-07-13 22:19:49.711 [http-nio-8080-exec-7] INFO  o.m.s.TimelineIngestServiceImpl [requestId=e1bcdb6c-a2b8-42c2-9e3e-e122338fa8b9] [path=/api/crawl/euw/latest-player] - Timeline ingested: matchId='EUW1_7915972147'
2026-07-13 22:19:49.721 [http-nio-8080-exec-7] DEBUG org.main.client.RiotApiHttpClient [requestId=e1bcdb6c-a2b8-42c2-9e3e-e122338fa8b9] [path=/api/crawl/euw/latest-player] - Calling Riot match details endpoint: matchId='EUW1_7915967002'
2026-07-13 22:19:49.872 [http-nio-8080-exec-7] DEBUG org.main.client.RiotApiHttpClient [requestId=e1bcdb6c-a2b8-42c2-9e3e-e122338fa8b9] [path=/api/crawl/euw/latest-player] - External HTTP call succeeded: url='https://europe.api.riotgames.com/lol/match/v5/matches/EUW1_7915967002', status=200 OK
2026-07-13 22:19:49.875 [http-nio-8080-exec-7] INFO  org.main.service.CrawlerServiceImpl [requestId=e1bcdb6c-a2b8-42c2-9e3e-e122338fa8b9] [path=/api/crawl/euw/latest-player] - Saved new match: matchId='EUW1_7915967002'
2026-07-13 22:19:49.885 [http-nio-8080-exec-7] DEBUG org.main.client.RiotApiHttpClient [requestId=e1bcdb6c-a2b8-42c2-9e3e-e122338fa8b9] [path=/api/crawl/euw/latest-player] - Calling Riot match timeline endpoint: matchId='EUW1_7915967002'
2026-07-13 22:19:50.312 [http-nio-8080-exec-7] DEBUG org.main.client.RiotApiHttpClient [requestId=e1bcdb6c-a2b8-42c2-9e3e-e122338fa8b9] [path=/api/crawl/euw/latest-player] - External HTTP call succeeded: url='https://europe.api.riotgames.com/lol/match/v5/matches/EUW1_7915967002/timeline', status=200 OK
2026-07-13 22:19:51.799 [http-nio-8080-exec-7] INFO  o.m.s.TimelineIngestServiceImpl [requestId=e1bcdb6c-a2b8-42c2-9e3e-e122338fa8b9] [path=/api/crawl/euw/latest-player] - Timeline ingested: matchId='EUW1_7915967002'
2026-07-13 22:19:51.808 [http-nio-8080-exec-7] DEBUG org.main.client.RiotApiHttpClient [requestId=e1bcdb6c-a2b8-42c2-9e3e-e122338fa8b9] [path=/api/crawl/euw/latest-player] - Calling Riot match details endpoint: matchId='EUW1_7915961076'
2026-07-13 22:19:51.946 [http-nio-8080-exec-7] DEBUG org.main.client.RiotApiHttpClient [requestId=e1bcdb6c-a2b8-42c2-9e3e-e122338fa8b9] [path=/api/crawl/euw/latest-player] - External HTTP call succeeded: url='https://europe.api.riotgames.com/lol/match/v5/matches/EUW1_7915961076', status=200 OK
2026-07-13 22:19:51.949 [http-nio-8080-exec-7] INFO  org.main.service.CrawlerServiceImpl [requestId=e1bcdb6c-a2b8-42c2-9e3e-e122338fa8b9] [path=/api/crawl/euw/latest-player] - Saved new match: matchId='EUW1_7915961076'
2026-07-13 22:19:51.961 [http-nio-8080-exec-7] DEBUG org.main.client.RiotApiHttpClient [requestId=e1bcdb6c-a2b8-42c2-9e3e-e122338fa8b9] [path=/api/crawl/euw/latest-player] - Calling Riot match timeline endpoint: matchId='EUW1_7915961076'
2026-07-13 22:19:52.227 [http-nio-8080-exec-7] DEBUG org.main.client.RiotApiHttpClient [requestId=e1bcdb6c-a2b8-42c2-9e3e-e122338fa8b9] [path=/api/crawl/euw/latest-player] - External HTTP call succeeded: url='https://europe.api.riotgames.com/lol/match/v5/matches/EUW1_7915961076/timeline', status=200 OK
2026-07-13 22:19:53.258 [http-nio-8080-exec-7] INFO  o.m.s.TimelineIngestServiceImpl [requestId=e1bcdb6c-a2b8-42c2-9e3e-e122338fa8b9] [path=/api/crawl/euw/latest-player] - Timeline ingested: matchId='EUW1_7915961076'
2026-07-13 22:19:53.267 [http-nio-8080-exec-7] DEBUG org.main.client.RiotApiHttpClient [requestId=e1bcdb6c-a2b8-42c2-9e3e-e122338fa8b9] [path=/api/crawl/euw/latest-player] - Calling Riot match details endpoint: matchId='EUW1_7915946367'
2026-07-13 22:19:53.411 [http-nio-8080-exec-7] DEBUG org.main.client.RiotApiHttpClient [requestId=e1bcdb6c-a2b8-42c2-9e3e-e122338fa8b9] [path=/api/crawl/euw/latest-player] - External HTTP call succeeded: url='https://europe.api.riotgames.com/lol/match/v5/matches/EUW1_7915946367', status=200 OK
2026-07-13 22:19:53.414 [http-nio-8080-exec-7] INFO  org.main.service.CrawlerServiceImpl [requestId=e1bcdb6c-a2b8-42c2-9e3e-e122338fa8b9] [path=/api/crawl/euw/latest-player] - Saved new match: matchId='EUW1_7915946367'
2026-07-13 22:19:53.425 [http-nio-8080-exec-7] DEBUG org.main.client.RiotApiHttpClient [requestId=e1bcdb6c-a2b8-42c2-9e3e-e122338fa8b9] [path=/api/crawl/euw/latest-player] - Calling Riot match timeline endpoint: matchId='EUW1_7915946367'
2026-07-13 22:19:53.836 [http-nio-8080-exec-7] DEBUG org.main.client.RiotApiHttpClient [requestId=e1bcdb6c-a2b8-42c2-9e3e-e122338fa8b9] [path=/api/crawl/euw/latest-player] - External HTTP call succeeded: url='https://europe.api.riotgames.com/lol/match/v5/matches/EUW1_7915946367/timeline', status=200 OK
2026-07-13 22:19:55.723 [http-nio-8080-exec-7] INFO  o.m.s.TimelineIngestServiceImpl [requestId=e1bcdb6c-a2b8-42c2-9e3e-e122338fa8b9] [path=/api/crawl/euw/latest-player] - Timeline ingested: matchId='EUW1_7915946367'
2026-07-13 22:19:55.733 [http-nio-8080-exec-7] DEBUG org.main.client.RiotApiHttpClient [requestId=e1bcdb6c-a2b8-42c2-9e3e-e122338fa8b9] [path=/api/crawl/euw/latest-player] - Calling Riot match details endpoint: matchId='EUW1_7915943038'
2026-07-13 22:19:55.873 [http-nio-8080-exec-7] DEBUG org.main.client.RiotApiHttpClient [requestId=e1bcdb6c-a2b8-42c2-9e3e-e122338fa8b9] [path=/api/crawl/euw/latest-player] - External HTTP call succeeded: url='https://europe.api.riotgames.com/lol/match/v5/matches/EUW1_7915943038', status=200 OK
2026-07-13 22:19:55.877 [http-nio-8080-exec-7] INFO  org.main.service.CrawlerServiceImpl [requestId=e1bcdb6c-a2b8-42c2-9e3e-e122338fa8b9] [path=/api/crawl/euw/latest-player] - Saved new match: matchId='EUW1_7915943038'
2026-07-13 22:19:55.890 [http-nio-8080-exec-7] DEBUG org.main.client.RiotApiHttpClient [requestId=e1bcdb6c-a2b8-42c2-9e3e-e122338fa8b9] [path=/api/crawl/euw/latest-player] - Calling Riot match timeline endpoint: matchId='EUW1_7915943038'
2026-07-13 22:19:56.071 [http-nio-8080-exec-7] DEBUG org.main.client.RiotApiHttpClient [requestId=e1bcdb6c-a2b8-42c2-9e3e-e122338fa8b9] [path=/api/crawl/euw/latest-player] - External HTTP call succeeded: url='https://europe.api.riotgames.com/lol/match/v5/matches/EUW1_7915943038/timeline', status=200 OK
2026-07-13 22:19:56.890 [http-nio-8080-exec-7] INFO  o.m.s.TimelineIngestServiceImpl [requestId=e1bcdb6c-a2b8-42c2-9e3e-e122338fa8b9] [path=/api/crawl/euw/latest-player] - Timeline ingested: matchId='EUW1_7915943038'
2026-07-13 22:19:56.897 [http-nio-8080-exec-7] DEBUG org.main.client.RiotApiHttpClient [requestId=e1bcdb6c-a2b8-42c2-9e3e-e122338fa8b9] [path=/api/crawl/euw/latest-player] - Calling Riot match details endpoint: matchId='EUW1_7915924415'
2026-07-13 22:19:57.037 [http-nio-8080-exec-7] DEBUG org.main.client.RiotApiHttpClient [requestId=e1bcdb6c-a2b8-42c2-9e3e-e122338fa8b9] [path=/api/crawl/euw/latest-player] - External HTTP call succeeded: url='https://europe.api.riotgames.com/lol/match/v5/matches/EUW1_7915924415', status=200 OK
2026-07-13 22:19:57.040 [http-nio-8080-exec-7] INFO  org.main.service.CrawlerServiceImpl [requestId=e1bcdb6c-a2b8-42c2-9e3e-e122338fa8b9] [path=/api/crawl/euw/latest-player] - Saved new match: matchId='EUW1_7915924415'
2026-07-13 22:19:57.051 [http-nio-8080-exec-7] DEBUG org.main.client.RiotApiHttpClient [requestId=e1bcdb6c-a2b8-42c2-9e3e-e122338fa8b9] [path=/api/crawl/euw/latest-player] - Calling Riot match timeline endpoint: matchId='EUW1_7915924415'
2026-07-13 22:19:57.524 [http-nio-8080-exec-7] DEBUG org.main.client.RiotApiHttpClient [requestId=e1bcdb6c-a2b8-42c2-9e3e-e122338fa8b9] [path=/api/crawl/euw/latest-player] - External HTTP call succeeded: url='https://europe.api.riotgames.com/lol/match/v5/matches/EUW1_7915924415/timeline', status=200 OK
2026-07-13 22:19:59.365 [scheduling-1] INFO  o.m.s.a.MatchAnalysisServiceImpl [requestId=] [path=] - Match analyzed successfully: matchId='EUW1_7915973372'
2026-07-13 22:19:59.669 [http-nio-8080-exec-7] INFO  o.m.s.TimelineIngestServiceImpl [requestId=e1bcdb6c-a2b8-42c2-9e3e-e122338fa8b9] [path=/api/crawl/euw/latest-player] - Timeline ingested: matchId='EUW1_7915924415'
2026-07-13 22:19:59.683 [http-nio-8080-exec-7] DEBUG org.main.client.RiotApiHttpClient [requestId=e1bcdb6c-a2b8-42c2-9e3e-e122338fa8b9] [path=/api/crawl/euw/latest-player] - Calling Riot match details endpoint: matchId='EUW1_7915926879'
2026-07-13 22:19:59.802 [http-nio-8080-exec-7] DEBUG org.main.client.RiotApiHttpClient [requestId=e1bcdb6c-a2b8-42c2-9e3e-e122338fa8b9] [path=/api/crawl/euw/latest-player] - External HTTP call succeeded: url='https://europe.api.riotgames.com/lol/match/v5/matches/EUW1_7915926879', status=200 OK
2026-07-13 22:19:59.804 [http-nio-8080-exec-7] INFO  org.main.service.CrawlerServiceImpl [requestId=e1bcdb6c-a2b8-42c2-9e3e-e122338fa8b9] [path=/api/crawl/euw/latest-player] - Saved new match: matchId='EUW1_7915926879'
2026-07-13 22:19:59.820 [http-nio-8080-exec-7] DEBUG org.main.client.RiotApiHttpClient [requestId=e1bcdb6c-a2b8-42c2-9e3e-e122338fa8b9] [path=/api/crawl/euw/latest-player] - Calling Riot match timeline endpoint: matchId='EUW1_7915926879'
2026-07-13 22:19:59.990 [http-nio-8080-exec-7] DEBUG org.main.client.RiotApiHttpClient [requestId=e1bcdb6c-a2b8-42c2-9e3e-e122338fa8b9] [path=/api/crawl/euw/latest-player] - External HTTP call succeeded: url='https://europe.api.riotgames.com/lol/match/v5/matches/EUW1_7915926879/timeline', status=200 OK
2026-07-13 22:20:00.019 [scheduling-1] INFO  o.m.s.a.MatchAnalysisServiceImpl [requestId=] [path=] - Match analyzed successfully: matchId='EUW1_7915972147'
2026-07-13 22:20:00.076 [http-nio-8080-exec-7] INFO  o.m.s.TimelineIngestServiceImpl [requestId=e1bcdb6c-a2b8-42c2-9e3e-e122338fa8b9] [path=/api/crawl/euw/latest-player] - Timeline ingested: matchId='EUW1_7915926879'
2026-07-13 22:20:00.080 [http-nio-8080-exec-7] DEBUG org.main.client.RiotApiHttpClient [requestId=e1bcdb6c-a2b8-42c2-9e3e-e122338fa8b9] [path=/api/crawl/euw/latest-player] - Calling Riot match details endpoint: matchId='EUW1_7915908561'
2026-07-13 22:20:00.275 [http-nio-8080-exec-7] DEBUG org.main.client.RiotApiHttpClient [requestId=e1bcdb6c-a2b8-42c2-9e3e-e122338fa8b9] [path=/api/crawl/euw/latest-player] - External HTTP call succeeded: url='https://europe.api.riotgames.com/lol/match/v5/matches/EUW1_7915908561', status=200 OK
2026-07-13 22:20:00.279 [http-nio-8080-exec-7] INFO  org.main.service.CrawlerServiceImpl [requestId=e1bcdb6c-a2b8-42c2-9e3e-e122338fa8b9] [path=/api/crawl/euw/latest-player] - Saved new match: matchId='EUW1_7915908561'
2026-07-13 22:20:00.293 [http-nio-8080-exec-7] DEBUG org.main.client.RiotApiHttpClient [requestId=e1bcdb6c-a2b8-42c2-9e3e-e122338fa8b9] [path=/api/crawl/euw/latest-player] - Calling Riot match timeline endpoint: matchId='EUW1_7915908561'
2026-07-13 22:20:00.662 [scheduling-1] INFO  o.m.s.a.MatchAnalysisServiceImpl [requestId=] [path=] - Match analyzed successfully: matchId='EUW1_7915967002'
2026-07-13 22:20:00.677 [http-nio-8080-exec-7] DEBUG org.main.client.RiotApiHttpClient [requestId=e1bcdb6c-a2b8-42c2-9e3e-e122338fa8b9] [path=/api/crawl/euw/latest-player] - External HTTP call succeeded: url='https://europe.api.riotgames.com/lol/match/v5/matches/EUW1_7915908561/timeline', status=200 OK
2026-07-13 22:20:01.117 [scheduling-1] INFO  o.m.s.a.MatchAnalysisServiceImpl [requestId=] [path=] - Match analyzed successfully: matchId='EUW1_7915961076'
2026-07-13 22:20:01.878 [scheduling-1] INFO  o.m.s.a.MatchAnalysisServiceImpl [requestId=] [path=] - Match analyzed successfully: matchId='EUW1_7915946367'
2026-07-13 22:20:02.242 [scheduling-1] INFO  o.m.s.a.MatchAnalysisServiceImpl [requestId=] [path=] - Match analyzed successfully: matchId='EUW1_7915943038'
2026-07-13 22:20:02.321 [http-nio-8080-exec-7] INFO  o.m.s.TimelineIngestServiceImpl [requestId=e1bcdb6c-a2b8-42c2-9e3e-e122338fa8b9] [path=/api/crawl/euw/latest-player] - Timeline ingested: matchId='EUW1_7915908561'
2026-07-13 22:20:02.331 [http-nio-8080-exec-7] DEBUG org.main.client.RiotApiHttpClient [requestId=e1bcdb6c-a2b8-42c2-9e3e-e122338fa8b9] [path=/api/crawl/euw/latest-player] - Calling Riot match details endpoint: matchId='EUW1_7915690521'
2026-07-13 22:20:02.491 [http-nio-8080-exec-7] DEBUG org.main.client.RiotApiHttpClient [requestId=e1bcdb6c-a2b8-42c2-9e3e-e122338fa8b9] [path=/api/crawl/euw/latest-player] - External HTTP call succeeded: url='https://europe.api.riotgames.com/lol/match/v5/matches/EUW1_7915690521', status=200 OK
2026-07-13 22:20:02.493 [http-nio-8080-exec-7] INFO  org.main.service.CrawlerServiceImpl [requestId=e1bcdb6c-a2b8-42c2-9e3e-e122338fa8b9] [path=/api/crawl/euw/latest-player] - Saved new match: matchId='EUW1_7915690521'
2026-07-13 22:20:02.505 [http-nio-8080-exec-7] DEBUG org.main.client.RiotApiHttpClient [requestId=e1bcdb6c-a2b8-42c2-9e3e-e122338fa8b9] [path=/api/crawl/euw/latest-player] - Calling Riot match timeline endpoint: matchId='EUW1_7915690521'
2026-07-13 22:20:02.882 [scheduling-1] INFO  o.m.s.a.MatchAnalysisServiceImpl [requestId=] [path=] - Match analyzed successfully: matchId='EUW1_7915924415'
2026-07-13 22:20:02.883 [scheduling-1] INFO  o.m.s.a.MatchAnalysisScheduler [requestId=] [path=] - Analysis scheduler processed 7 matches
2026-07-13 22:20:02.991 [http-nio-8080-exec-7] DEBUG org.main.client.RiotApiHttpClient [requestId=e1bcdb6c-a2b8-42c2-9e3e-e122338fa8b9] [path=/api/crawl/euw/latest-player] - External HTTP call succeeded: url='https://europe.api.riotgames.com/lol/match/v5/matches/EUW1_7915690521/timeline', status=200 OK
2026-07-13 22:20:04.668 [http-nio-8080-exec-7] INFO  o.m.s.TimelineIngestServiceImpl [requestId=e1bcdb6c-a2b8-42c2-9e3e-e122338fa8b9] [path=/api/crawl/euw/latest-player] - Timeline ingested: matchId='EUW1_7915690521'
2026-07-13 22:20:04.679 [http-nio-8080-exec-7] DEBUG org.main.client.RiotApiHttpClient [requestId=e1bcdb6c-a2b8-42c2-9e3e-e122338fa8b9] [path=/api/crawl/euw/latest-player] - Calling Riot match details endpoint: matchId='EUW1_7915654021'
2026-07-13 22:20:04.846 [http-nio-8080-exec-7] DEBUG org.main.client.RiotApiHttpClient [requestId=e1bcdb6c-a2b8-42c2-9e3e-e122338fa8b9] [path=/api/crawl/euw/latest-player] - External HTTP call succeeded: url='https://europe.api.riotgames.com/lol/match/v5/matches/EUW1_7915654021', status=200 OK
2026-07-13 22:20:04.849 [http-nio-8080-exec-7] INFO  org.main.service.CrawlerServiceImpl [requestId=e1bcdb6c-a2b8-42c2-9e3e-e122338fa8b9] [path=/api/crawl/euw/latest-player] - Saved new match: matchId='EUW1_7915654021'
2026-07-13 22:20:04.860 [http-nio-8080-exec-7] DEBUG org.main.client.RiotApiHttpClient [requestId=e1bcdb6c-a2b8-42c2-9e3e-e122338fa8b9] [path=/api/crawl/euw/latest-player] - Calling Riot match timeline endpoint: matchId='EUW1_7915654021'
2026-07-13 22:20:05.142 [http-nio-8080-exec-7] DEBUG org.main.client.RiotApiHttpClient [requestId=e1bcdb6c-a2b8-42c2-9e3e-e122338fa8b9] [path=/api/crawl/euw/latest-player] - External HTTP call succeeded: url='https://europe.api.riotgames.com/lol/match/v5/matches/EUW1_7915654021/timeline', status=200 OK
2026-07-13 22:20:06.020 [http-nio-8080-exec-7] INFO  o.m.s.TimelineIngestServiceImpl [requestId=e1bcdb6c-a2b8-42c2-9e3e-e122338fa8b9] [path=/api/crawl/euw/latest-player] - Timeline ingested: matchId='EUW1_7915654021'
2026-07-13 22:20:06.025 [http-nio-8080-exec-7] DEBUG org.main.client.RiotApiHttpClient [requestId=e1bcdb6c-a2b8-42c2-9e3e-e122338fa8b9] [path=/api/crawl/euw/latest-player] - Calling Riot match details endpoint: matchId='EUW1_7915600179'
2026-07-13 22:20:06.220 [http-nio-8080-exec-7] DEBUG org.main.client.RiotApiHttpClient [requestId=e1bcdb6c-a2b8-42c2-9e3e-e122338fa8b9] [path=/api/crawl/euw/latest-player] - External HTTP call succeeded: url='https://europe.api.riotgames.com/lol/match/v5/matches/EUW1_7915600179', status=200 OK
2026-07-13 22:20:06.223 [http-nio-8080-exec-7] INFO  org.main.service.CrawlerServiceImpl [requestId=e1bcdb6c-a2b8-42c2-9e3e-e122338fa8b9] [path=/api/crawl/euw/latest-player] - Saved new match: matchId='EUW1_7915600179'
2026-07-13 22:20:06.233 [http-nio-8080-exec-7] DEBUG org.main.client.RiotApiHttpClient [requestId=e1bcdb6c-a2b8-42c2-9e3e-e122338fa8b9] [path=/api/crawl/euw/latest-player] - Calling Riot match timeline endpoint: matchId='EUW1_7915600179'
2026-07-13 22:20:06.633 [http-nio-8080-exec-7] DEBUG org.main.client.RiotApiHttpClient [requestId=e1bcdb6c-a2b8-42c2-9e3e-e122338fa8b9] [path=/api/crawl/euw/latest-player] - External HTTP call succeeded: url='https://europe.api.riotgames.com/lol/match/v5/matches/EUW1_7915600179/timeline', status=200 OK
2026-07-13 22:20:08.312 [http-nio-8080-exec-7] INFO  o.m.s.TimelineIngestServiceImpl [requestId=e1bcdb6c-a2b8-42c2-9e3e-e122338fa8b9] [path=/api/crawl/euw/latest-player] - Timeline ingested: matchId='EUW1_7915600179'
2026-07-13 22:20:08.323 [http-nio-8080-exec-7] DEBUG org.main.client.RiotApiHttpClient [requestId=e1bcdb6c-a2b8-42c2-9e3e-e122338fa8b9] [path=/api/crawl/euw/latest-player] - Calling Riot match details endpoint: matchId='EUW1_7914776734'
2026-07-13 22:20:08.472 [http-nio-8080-exec-7] DEBUG org.main.client.RiotApiHttpClient [requestId=e1bcdb6c-a2b8-42c2-9e3e-e122338fa8b9] [path=/api/crawl/euw/latest-player] - External HTTP call succeeded: url='https://europe.api.riotgames.com/lol/match/v5/matches/EUW1_7914776734', status=200 OK
2026-07-13 22:20:08.475 [http-nio-8080-exec-7] INFO  org.main.service.CrawlerServiceImpl [requestId=e1bcdb6c-a2b8-42c2-9e3e-e122338fa8b9] [path=/api/crawl/euw/latest-player] - Saved new match: matchId='EUW1_7914776734'
2026-07-13 22:20:08.485 [http-nio-8080-exec-7] DEBUG org.main.client.RiotApiHttpClient [requestId=e1bcdb6c-a2b8-42c2-9e3e-e122338fa8b9] [path=/api/crawl/euw/latest-player] - Calling Riot match timeline endpoint: matchId='EUW1_7914776734'
2026-07-13 22:20:08.910 [http-nio-8080-exec-7] DEBUG org.main.client.RiotApiHttpClient [requestId=e1bcdb6c-a2b8-42c2-9e3e-e122338fa8b9] [path=/api/crawl/euw/latest-player] - External HTTP call succeeded: url='https://europe.api.riotgames.com/lol/match/v5/matches/EUW1_7914776734/timeline', status=200 OK
2026-07-13 22:20:10.607 [http-nio-8080-exec-7] INFO  o.m.s.TimelineIngestServiceImpl [requestId=e1bcdb6c-a2b8-42c2-9e3e-e122338fa8b9] [path=/api/crawl/euw/latest-player] - Timeline ingested: matchId='EUW1_7914776734'
2026-07-13 22:20:10.617 [http-nio-8080-exec-7] DEBUG org.main.client.RiotApiHttpClient [requestId=e1bcdb6c-a2b8-42c2-9e3e-e122338fa8b9] [path=/api/crawl/euw/latest-player] - Calling Riot match details endpoint: matchId='EUW1_7914723994'
2026-07-13 22:20:10.965 [http-nio-8080-exec-7] DEBUG org.main.client.RiotApiHttpClient [requestId=e1bcdb6c-a2b8-42c2-9e3e-e122338fa8b9] [path=/api/crawl/euw/latest-player] - External HTTP call succeeded: url='https://europe.api.riotgames.com/lol/match/v5/matches/EUW1_7914723994', status=200 OK
2026-07-13 22:20:10.967 [http-nio-8080-exec-7] INFO  org.main.service.CrawlerServiceImpl [requestId=e1bcdb6c-a2b8-42c2-9e3e-e122338fa8b9] [path=/api/crawl/euw/latest-player] - Saved new match: matchId='EUW1_7914723994'
2026-07-13 22:20:10.978 [http-nio-8080-exec-7] DEBUG org.main.client.RiotApiHttpClient [requestId=e1bcdb6c-a2b8-42c2-9e3e-e122338fa8b9] [path=/api/crawl/euw/latest-player] - Calling Riot match timeline endpoint: matchId='EUW1_7914723994'
2026-07-13 22:20:11.457 [http-nio-8080-exec-7] DEBUG org.main.client.RiotApiHttpClient [requestId=e1bcdb6c-a2b8-42c2-9e3e-e122338fa8b9] [path=/api/crawl/euw/latest-player] - External HTTP call succeeded: url='https://europe.api.riotgames.com/lol/match/v5/matches/EUW1_7914723994/timeline', status=200 OK
2026-07-13 22:20:13.067 [scheduling-1] INFO  o.m.s.a.MatchAnalysisServiceImpl [requestId=] [path=] - Match analyzed successfully: matchId='EUW1_7915926879'
2026-07-13 22:20:13.724 [scheduling-1] INFO  o.m.s.a.MatchAnalysisServiceImpl [requestId=] [path=] - Match analyzed successfully: matchId='EUW1_7915908561'
2026-07-13 22:20:13.947 [http-nio-8080-exec-7] INFO  o.m.s.TimelineIngestServiceImpl [requestId=e1bcdb6c-a2b8-42c2-9e3e-e122338fa8b9] [path=/api/crawl/euw/latest-player] - Timeline ingested: matchId='EUW1_7914723994'
2026-07-13 22:20:13.961 [http-nio-8080-exec-7] DEBUG org.main.client.RiotApiHttpClient [requestId=e1bcdb6c-a2b8-42c2-9e3e-e122338fa8b9] [path=/api/crawl/euw/latest-player] - Calling Riot match details endpoint: matchId='EUW1_7914616060'
2026-07-13 22:20:14.153 [http-nio-8080-exec-7] DEBUG org.main.client.RiotApiHttpClient [requestId=e1bcdb6c-a2b8-42c2-9e3e-e122338fa8b9] [path=/api/crawl/euw/latest-player] - External HTTP call succeeded: url='https://europe.api.riotgames.com/lol/match/v5/matches/EUW1_7914616060', status=200 OK
2026-07-13 22:20:14.158 [http-nio-8080-exec-7] INFO  org.main.service.CrawlerServiceImpl [requestId=e1bcdb6c-a2b8-42c2-9e3e-e122338fa8b9] [path=/api/crawl/euw/latest-player] - Saved new match: matchId='EUW1_7914616060'
2026-07-13 22:20:14.171 [http-nio-8080-exec-7] DEBUG org.main.client.RiotApiHttpClient [requestId=e1bcdb6c-a2b8-42c2-9e3e-e122338fa8b9] [path=/api/crawl/euw/latest-player] - Calling Riot match timeline endpoint: matchId='EUW1_7914616060'
2026-07-13 22:20:14.372 [scheduling-1] INFO  o.m.s.a.MatchAnalysisServiceImpl [requestId=] [path=] - Match analyzed successfully: matchId='EUW1_7915690521'
2026-07-13 22:20:14.595 [http-nio-8080-exec-7] DEBUG org.main.client.RiotApiHttpClient [requestId=e1bcdb6c-a2b8-42c2-9e3e-e122338fa8b9] [path=/api/crawl/euw/latest-player] - External HTTP call succeeded: url='https://europe.api.riotgames.com/lol/match/v5/matches/EUW1_7914616060/timeline', status=200 OK
2026-07-13 22:20:14.795 [scheduling-1] INFO  o.m.s.a.MatchAnalysisServiceImpl [requestId=] [path=] - Match analyzed successfully: matchId='EUW1_7915654021'
2026-07-13 22:20:15.340 [scheduling-1] INFO  o.m.s.a.MatchAnalysisServiceImpl [requestId=] [path=] - Match analyzed successfully: matchId='EUW1_7915600179'
2026-07-13 22:20:15.958 [scheduling-1] INFO  o.m.s.a.MatchAnalysisServiceImpl [requestId=] [path=] - Match analyzed successfully: matchId='EUW1_7914776734'
2026-07-13 22:20:16.130 [http-nio-8080-exec-7] INFO  o.m.s.TimelineIngestServiceImpl [requestId=e1bcdb6c-a2b8-42c2-9e3e-e122338fa8b9] [path=/api/crawl/euw/latest-player] - Timeline ingested: matchId='EUW1_7914616060'
2026-07-13 22:20:16.140 [http-nio-8080-exec-7] INFO  org.main.service.CrawlerServiceImpl [requestId=e1bcdb6c-a2b8-42c2-9e3e-e122338fa8b9] [path=/api/crawl/euw/latest-player] - crawlPuuidEUW finished: puuid='BwyBPTJ6xyPzh2qEXOTNhTqv1OtSzt2wAqRBNVN70r6JL0Ou2JcqNat57To0GPAoI25kqIz7p9cDHA', requestedLimit=20, fetchedUnique=20, savedNewMatches=20
2026-07-13 22:20:16.140 [http-nio-8080-exec-7] INFO  o.main.controller.CrawlerController [requestId=e1bcdb6c-a2b8-42c2-9e3e-e122338fa8b9] [path=/api/crawl/euw/latest-player] - crawlLatestPlayer completed: puuid='BwyBPTJ6xyPzh2qEXOTNhTqv1OtSzt2wAqRBNVN70r6JL0Ou2JcqNat57To0GPAoI25kqIz7p9cDHA', requestedLimit=20, savedNewMatches=20
2026-07-13 22:20:16.914 [scheduling-1] INFO  o.m.s.a.MatchAnalysisServiceImpl [requestId=] [path=] - Match analyzed successfully: matchId='EUW1_7914723994'
2026-07-13 22:20:16.917 [scheduling-1] INFO  o.m.s.a.MatchAnalysisScheduler [requestId=] [path=] - Analysis scheduler processed 7 matches
2026-07-13 22:20:27.626 [scheduling-1] INFO  o.m.s.a.MatchAnalysisServiceImpl [requestId=] [path=] - Match analyzed successfully: matchId='EUW1_7914616060'
2026-07-13 22:20:27.628 [scheduling-1] INFO  o.m.s.a.MatchAnalysisScheduler [requestId=] [path=] - Analysis scheduler processed 1 matches
2026-07-13 22:20:39.024 [http-nio-8080-exec-10] INFO  o.main.controller.CrawlerController [requestId=aaefd6d3-e9d1-41fd-8df2-97943354029f] [path=/api/crawl/euw/puuid/D2Qk3WOFCa7dYoY3uB0dpCGiMVQ3COwIH1d5VygT8gumdsK5gxVrGZujCDl5db4gaUh7W47PJw31Cw] - Received crawlByPuuid request: puuid='D2Qk3WOFCa7dYoY3uB0dpCGiMVQ3COwIH1d5VygT8gumdsK5gxVrGZujCDl5db4gaUh7W47PJw31Cw', limit=20
2026-07-13 22:20:39.024 [http-nio-8080-exec-10] INFO  org.main.service.CrawlerServiceImpl [requestId=aaefd6d3-e9d1-41fd-8df2-97943354029f] [path=/api/crawl/euw/puuid/D2Qk3WOFCa7dYoY3uB0dpCGiMVQ3COwIH1d5VygT8gumdsK5gxVrGZujCDl5db4gaUh7W47PJw31Cw] - Starting crawlPuuidEUW: puuid='D2Qk3WOFCa7dYoY3uB0dpCGiMVQ3COwIH1d5VygT8gumdsK5gxVrGZujCDl5db4gaUh7W47PJw31Cw', requestedLimit=20, effectiveLimit=20
2026-07-13 22:20:39.024 [http-nio-8080-exec-10] DEBUG org.main.service.CrawlerServiceImpl [requestId=aaefd6d3-e9d1-41fd-8df2-97943354029f] [path=/api/crawl/euw/puuid/D2Qk3WOFCa7dYoY3uB0dpCGiMVQ3COwIH1d5VygT8gumdsK5gxVrGZujCDl5db4gaUh7W47PJw31Cw] - Requesting match id page: puuid='D2Qk3WOFCa7dYoY3uB0dpCGiMVQ3COwIH1d5VygT8gumdsK5gxVrGZujCDl5db4gaUh7W47PJw31Cw', start=0, count=20
2026-07-13 22:20:39.024 [http-nio-8080-exec-10] DEBUG org.main.client.RiotApiHttpClient [requestId=aaefd6d3-e9d1-41fd-8df2-97943354029f] [path=/api/crawl/euw/puuid/D2Qk3WOFCa7dYoY3uB0dpCGiMVQ3COwIH1d5VygT8gumdsK5gxVrGZujCDl5db4gaUh7W47PJw31Cw] - Calling Riot match ids endpoint: puuid='D2Qk3WOFCa7dYoY3uB0dpCGiMVQ3COwIH1d5VygT8gumdsK5gxVrGZujCDl5db4gaUh7W47PJw31Cw', start=0, count=20
2026-07-13 22:20:39.282 [http-nio-8080-exec-10] DEBUG org.main.client.RiotApiHttpClient [requestId=aaefd6d3-e9d1-41fd-8df2-97943354029f] [path=/api/crawl/euw/puuid/D2Qk3WOFCa7dYoY3uB0dpCGiMVQ3COwIH1d5VygT8gumdsK5gxVrGZujCDl5db4gaUh7W47PJw31Cw] - External HTTP call succeeded: url='https://europe.api.riotgames.com/lol/match/v5/matches/by-puuid/D2Qk3WOFCa7dYoY3uB0dpCGiMVQ3COwIH1d5VygT8gumdsK5gxVrGZujCDl5db4gaUh7W47PJw31Cw/ids?start=0&count=20', status=200 OK
2026-07-13 22:20:39.286 [http-nio-8080-exec-10] INFO  org.main.service.CrawlerServiceImpl [requestId=aaefd6d3-e9d1-41fd-8df2-97943354029f] [path=/api/crawl/euw/puuid/D2Qk3WOFCa7dYoY3uB0dpCGiMVQ3COwIH1d5VygT8gumdsK5gxVrGZujCDl5db4gaUh7W47PJw31Cw] - Match already exists, checking timeline: matchId='EUW1_7916976004'
2026-07-13 22:20:39.331 [http-nio-8080-exec-10] INFO  o.m.s.TimelineIngestServiceImpl [requestId=aaefd6d3-e9d1-41fd-8df2-97943354029f] [path=/api/crawl/euw/puuid/D2Qk3WOFCa7dYoY3uB0dpCGiMVQ3COwIH1d5VygT8gumdsK5gxVrGZujCDl5db4gaUh7W47PJw31Cw] - Timeline already complete, skipping Riot API call: matchId='EUW1_7916976004'
2026-07-13 22:20:39.335 [http-nio-8080-exec-10] INFO  org.main.service.CrawlerServiceImpl [requestId=aaefd6d3-e9d1-41fd-8df2-97943354029f] [path=/api/crawl/euw/puuid/D2Qk3WOFCa7dYoY3uB0dpCGiMVQ3COwIH1d5VygT8gumdsK5gxVrGZujCDl5db4gaUh7W47PJw31Cw] - Match already exists, checking timeline: matchId='EUW1_7916896951'
2026-07-13 22:20:39.347 [http-nio-8080-exec-10] INFO  o.m.s.TimelineIngestServiceImpl [requestId=aaefd6d3-e9d1-41fd-8df2-97943354029f] [path=/api/crawl/euw/puuid/D2Qk3WOFCa7dYoY3uB0dpCGiMVQ3COwIH1d5VygT8gumdsK5gxVrGZujCDl5db4gaUh7W47PJw31Cw] - Timeline already complete, skipping Riot API call: matchId='EUW1_7916896951'
2026-07-13 22:20:39.352 [http-nio-8080-exec-10] INFO  org.main.service.CrawlerServiceImpl [requestId=aaefd6d3-e9d1-41fd-8df2-97943354029f] [path=/api/crawl/euw/puuid/D2Qk3WOFCa7dYoY3uB0dpCGiMVQ3COwIH1d5VygT8gumdsK5gxVrGZujCDl5db4gaUh7W47PJw31Cw] - Match already exists, checking timeline: matchId='EUW1_7916859064'
2026-07-13 22:20:39.363 [http-nio-8080-exec-10] INFO  o.m.s.TimelineIngestServiceImpl [requestId=aaefd6d3-e9d1-41fd-8df2-97943354029f] [path=/api/crawl/euw/puuid/D2Qk3WOFCa7dYoY3uB0dpCGiMVQ3COwIH1d5VygT8gumdsK5gxVrGZujCDl5db4gaUh7W47PJw31Cw] - Timeline already complete, skipping Riot API call: matchId='EUW1_7916859064'
2026-07-13 22:20:39.370 [http-nio-8080-exec-10] INFO  org.main.service.CrawlerServiceImpl [requestId=aaefd6d3-e9d1-41fd-8df2-97943354029f] [path=/api/crawl/euw/puuid/D2Qk3WOFCa7dYoY3uB0dpCGiMVQ3COwIH1d5VygT8gumdsK5gxVrGZujCDl5db4gaUh7W47PJw31Cw] - Match already exists, checking timeline: matchId='EUW1_7915450993'
2026-07-13 22:20:39.387 [http-nio-8080-exec-10] INFO  o.m.s.TimelineIngestServiceImpl [requestId=aaefd6d3-e9d1-41fd-8df2-97943354029f] [path=/api/crawl/euw/puuid/D2Qk3WOFCa7dYoY3uB0dpCGiMVQ3COwIH1d5VygT8gumdsK5gxVrGZujCDl5db4gaUh7W47PJw31Cw] - Timeline already complete, skipping Riot API call: matchId='EUW1_7915450993'
2026-07-13 22:20:39.390 [http-nio-8080-exec-10] INFO  org.main.service.CrawlerServiceImpl [requestId=aaefd6d3-e9d1-41fd-8df2-97943354029f] [path=/api/crawl/euw/puuid/D2Qk3WOFCa7dYoY3uB0dpCGiMVQ3COwIH1d5VygT8gumdsK5gxVrGZujCDl5db4gaUh7W47PJw31Cw] - Match already exists, checking timeline: matchId='EUW1_7915415964'
2026-07-13 22:20:39.402 [http-nio-8080-exec-10] INFO  o.m.s.TimelineIngestServiceImpl [requestId=aaefd6d3-e9d1-41fd-8df2-97943354029f] [path=/api/crawl/euw/puuid/D2Qk3WOFCa7dYoY3uB0dpCGiMVQ3COwIH1d5VygT8gumdsK5gxVrGZujCDl5db4gaUh7W47PJw31Cw] - Timeline already complete, skipping Riot API call: matchId='EUW1_7915415964'
2026-07-13 22:20:39.406 [http-nio-8080-exec-10] INFO  org.main.service.CrawlerServiceImpl [requestId=aaefd6d3-e9d1-41fd-8df2-97943354029f] [path=/api/crawl/euw/puuid/D2Qk3WOFCa7dYoY3uB0dpCGiMVQ3COwIH1d5VygT8gumdsK5gxVrGZujCDl5db4gaUh7W47PJw31Cw] - Match already exists, checking timeline: matchId='EUW1_7915369537'
2026-07-13 22:20:39.417 [http-nio-8080-exec-10] INFO  o.m.s.TimelineIngestServiceImpl [requestId=aaefd6d3-e9d1-41fd-8df2-97943354029f] [path=/api/crawl/euw/puuid/D2Qk3WOFCa7dYoY3uB0dpCGiMVQ3COwIH1d5VygT8gumdsK5gxVrGZujCDl5db4gaUh7W47PJw31Cw] - Timeline already complete, skipping Riot API call: matchId='EUW1_7915369537'
2026-07-13 22:20:39.422 [http-nio-8080-exec-10] INFO  org.main.service.CrawlerServiceImpl [requestId=aaefd6d3-e9d1-41fd-8df2-97943354029f] [path=/api/crawl/euw/puuid/D2Qk3WOFCa7dYoY3uB0dpCGiMVQ3COwIH1d5VygT8gumdsK5gxVrGZujCDl5db4gaUh7W47PJw31Cw] - Match already exists, checking timeline: matchId='EUW1_7915329251'
2026-07-13 22:20:39.432 [http-nio-8080-exec-10] INFO  o.m.s.TimelineIngestServiceImpl [requestId=aaefd6d3-e9d1-41fd-8df2-97943354029f] [path=/api/crawl/euw/puuid/D2Qk3WOFCa7dYoY3uB0dpCGiMVQ3COwIH1d5VygT8gumdsK5gxVrGZujCDl5db4gaUh7W47PJw31Cw] - Timeline already complete, skipping Riot API call: matchId='EUW1_7915329251'
2026-07-13 22:20:39.453 [http-nio-8080-exec-10] INFO  org.main.service.CrawlerServiceImpl [requestId=aaefd6d3-e9d1-41fd-8df2-97943354029f] [path=/api/crawl/euw/puuid/D2Qk3WOFCa7dYoY3uB0dpCGiMVQ3COwIH1d5VygT8gumdsK5gxVrGZujCDl5db4gaUh7W47PJw31Cw] - Match already exists, checking timeline: matchId='EUW1_7914946928'
2026-07-13 22:20:39.466 [http-nio-8080-exec-10] INFO  o.m.s.TimelineIngestServiceImpl [requestId=aaefd6d3-e9d1-41fd-8df2-97943354029f] [path=/api/crawl/euw/puuid/D2Qk3WOFCa7dYoY3uB0dpCGiMVQ3COwIH1d5VygT8gumdsK5gxVrGZujCDl5db4gaUh7W47PJw31Cw] - Timeline already complete, skipping Riot API call: matchId='EUW1_7914946928'
2026-07-13 22:20:39.470 [http-nio-8080-exec-10] INFO  org.main.service.CrawlerServiceImpl [requestId=aaefd6d3-e9d1-41fd-8df2-97943354029f] [path=/api/crawl/euw/puuid/D2Qk3WOFCa7dYoY3uB0dpCGiMVQ3COwIH1d5VygT8gumdsK5gxVrGZujCDl5db4gaUh7W47PJw31Cw] - Match already exists, checking timeline: matchId='EUW1_7914925094'
2026-07-13 22:20:39.481 [http-nio-8080-exec-10] INFO  o.m.s.TimelineIngestServiceImpl [requestId=aaefd6d3-e9d1-41fd-8df2-97943354029f] [path=/api/crawl/euw/puuid/D2Qk3WOFCa7dYoY3uB0dpCGiMVQ3COwIH1d5VygT8gumdsK5gxVrGZujCDl5db4gaUh7W47PJw31Cw] - Timeline already complete, skipping Riot API call: matchId='EUW1_7914925094'
2026-07-13 22:20:39.486 [http-nio-8080-exec-10] INFO  org.main.service.CrawlerServiceImpl [requestId=aaefd6d3-e9d1-41fd-8df2-97943354029f] [path=/api/crawl/euw/puuid/D2Qk3WOFCa7dYoY3uB0dpCGiMVQ3COwIH1d5VygT8gumdsK5gxVrGZujCDl5db4gaUh7W47PJw31Cw] - Match already exists, checking timeline: matchId='EUW1_7914920776'
2026-07-13 22:20:39.498 [http-nio-8080-exec-10] INFO  o.m.s.TimelineIngestServiceImpl [requestId=aaefd6d3-e9d1-41fd-8df2-97943354029f] [path=/api/crawl/euw/puuid/D2Qk3WOFCa7dYoY3uB0dpCGiMVQ3COwIH1d5VygT8gumdsK5gxVrGZujCDl5db4gaUh7W47PJw31Cw] - Timeline already complete, skipping Riot API call: matchId='EUW1_7914920776'
2026-07-13 22:20:39.504 [http-nio-8080-exec-10] INFO  org.main.service.CrawlerServiceImpl [requestId=aaefd6d3-e9d1-41fd-8df2-97943354029f] [path=/api/crawl/euw/puuid/D2Qk3WOFCa7dYoY3uB0dpCGiMVQ3COwIH1d5VygT8gumdsK5gxVrGZujCDl5db4gaUh7W47PJw31Cw] - Match already exists, checking timeline: matchId='EUW1_7914882384'
2026-07-13 22:20:39.516 [http-nio-8080-exec-10] INFO  o.m.s.TimelineIngestServiceImpl [requestId=aaefd6d3-e9d1-41fd-8df2-97943354029f] [path=/api/crawl/euw/puuid/D2Qk3WOFCa7dYoY3uB0dpCGiMVQ3COwIH1d5VygT8gumdsK5gxVrGZujCDl5db4gaUh7W47PJw31Cw] - Timeline already complete, skipping Riot API call: matchId='EUW1_7914882384'
2026-07-13 22:20:39.521 [http-nio-8080-exec-10] INFO  org.main.service.CrawlerServiceImpl [requestId=aaefd6d3-e9d1-41fd-8df2-97943354029f] [path=/api/crawl/euw/puuid/D2Qk3WOFCa7dYoY3uB0dpCGiMVQ3COwIH1d5VygT8gumdsK5gxVrGZujCDl5db4gaUh7W47PJw31Cw] - Match already exists, checking timeline: matchId='EUW1_7914854993'
2026-07-13 22:20:39.534 [http-nio-8080-exec-10] INFO  o.m.s.TimelineIngestServiceImpl [requestId=aaefd6d3-e9d1-41fd-8df2-97943354029f] [path=/api/crawl/euw/puuid/D2Qk3WOFCa7dYoY3uB0dpCGiMVQ3COwIH1d5VygT8gumdsK5gxVrGZujCDl5db4gaUh7W47PJw31Cw] - Timeline already complete, skipping Riot API call: matchId='EUW1_7914854993'
2026-07-13 22:20:39.539 [http-nio-8080-exec-10] INFO  org.main.service.CrawlerServiceImpl [requestId=aaefd6d3-e9d1-41fd-8df2-97943354029f] [path=/api/crawl/euw/puuid/D2Qk3WOFCa7dYoY3uB0dpCGiMVQ3COwIH1d5VygT8gumdsK5gxVrGZujCDl5db4gaUh7W47PJw31Cw] - Match already exists, checking timeline: matchId='EUW1_7914826574'
2026-07-13 22:20:39.555 [http-nio-8080-exec-10] INFO  o.m.s.TimelineIngestServiceImpl [requestId=aaefd6d3-e9d1-41fd-8df2-97943354029f] [path=/api/crawl/euw/puuid/D2Qk3WOFCa7dYoY3uB0dpCGiMVQ3COwIH1d5VygT8gumdsK5gxVrGZujCDl5db4gaUh7W47PJw31Cw] - Timeline already complete, skipping Riot API call: matchId='EUW1_7914826574'
2026-07-13 22:20:39.566 [http-nio-8080-exec-10] INFO  org.main.service.CrawlerServiceImpl [requestId=aaefd6d3-e9d1-41fd-8df2-97943354029f] [path=/api/crawl/euw/puuid/D2Qk3WOFCa7dYoY3uB0dpCGiMVQ3COwIH1d5VygT8gumdsK5gxVrGZujCDl5db4gaUh7W47PJw31Cw] - Match already exists, checking timeline: matchId='EUW1_7914776105'
2026-07-13 22:20:39.584 [http-nio-8080-exec-10] INFO  o.m.s.TimelineIngestServiceImpl [requestId=aaefd6d3-e9d1-41fd-8df2-97943354029f] [path=/api/crawl/euw/puuid/D2Qk3WOFCa7dYoY3uB0dpCGiMVQ3COwIH1d5VygT8gumdsK5gxVrGZujCDl5db4gaUh7W47PJw31Cw] - Timeline already complete, skipping Riot API call: matchId='EUW1_7914776105'
2026-07-13 22:20:39.587 [http-nio-8080-exec-10] INFO  org.main.service.CrawlerServiceImpl [requestId=aaefd6d3-e9d1-41fd-8df2-97943354029f] [path=/api/crawl/euw/puuid/D2Qk3WOFCa7dYoY3uB0dpCGiMVQ3COwIH1d5VygT8gumdsK5gxVrGZujCDl5db4gaUh7W47PJw31Cw] - Match already exists, checking timeline: matchId='EUW1_7914466121'
2026-07-13 22:20:39.596 [http-nio-8080-exec-10] INFO  o.m.s.TimelineIngestServiceImpl [requestId=aaefd6d3-e9d1-41fd-8df2-97943354029f] [path=/api/crawl/euw/puuid/D2Qk3WOFCa7dYoY3uB0dpCGiMVQ3COwIH1d5VygT8gumdsK5gxVrGZujCDl5db4gaUh7W47PJw31Cw] - Timeline already complete, skipping Riot API call: matchId='EUW1_7914466121'
2026-07-13 22:20:39.600 [http-nio-8080-exec-10] INFO  org.main.service.CrawlerServiceImpl [requestId=aaefd6d3-e9d1-41fd-8df2-97943354029f] [path=/api/crawl/euw/puuid/D2Qk3WOFCa7dYoY3uB0dpCGiMVQ3COwIH1d5VygT8gumdsK5gxVrGZujCDl5db4gaUh7W47PJw31Cw] - Match already exists, checking timeline: matchId='EUW1_7914423362'
2026-07-13 22:20:39.609 [http-nio-8080-exec-10] INFO  o.m.s.TimelineIngestServiceImpl [requestId=aaefd6d3-e9d1-41fd-8df2-97943354029f] [path=/api/crawl/euw/puuid/D2Qk3WOFCa7dYoY3uB0dpCGiMVQ3COwIH1d5VygT8gumdsK5gxVrGZujCDl5db4gaUh7W47PJw31Cw] - Timeline already complete, skipping Riot API call: matchId='EUW1_7914423362'
2026-07-13 22:20:39.613 [http-nio-8080-exec-10] INFO  org.main.service.CrawlerServiceImpl [requestId=aaefd6d3-e9d1-41fd-8df2-97943354029f] [path=/api/crawl/euw/puuid/D2Qk3WOFCa7dYoY3uB0dpCGiMVQ3COwIH1d5VygT8gumdsK5gxVrGZujCDl5db4gaUh7W47PJw31Cw] - Match already exists, checking timeline: matchId='EUW1_7914388081'
2026-07-13 22:20:39.621 [http-nio-8080-exec-10] INFO  o.m.s.TimelineIngestServiceImpl [requestId=aaefd6d3-e9d1-41fd-8df2-97943354029f] [path=/api/crawl/euw/puuid/D2Qk3WOFCa7dYoY3uB0dpCGiMVQ3COwIH1d5VygT8gumdsK5gxVrGZujCDl5db4gaUh7W47PJw31Cw] - Timeline already complete, skipping Riot API call: matchId='EUW1_7914388081'
2026-07-13 22:20:39.626 [http-nio-8080-exec-10] INFO  org.main.service.CrawlerServiceImpl [requestId=aaefd6d3-e9d1-41fd-8df2-97943354029f] [path=/api/crawl/euw/puuid/D2Qk3WOFCa7dYoY3uB0dpCGiMVQ3COwIH1d5VygT8gumdsK5gxVrGZujCDl5db4gaUh7W47PJw31Cw] - Match already exists, checking timeline: matchId='EUW1_7914346349'
2026-07-13 22:20:39.633 [http-nio-8080-exec-10] INFO  o.m.s.TimelineIngestServiceImpl [requestId=aaefd6d3-e9d1-41fd-8df2-97943354029f] [path=/api/crawl/euw/puuid/D2Qk3WOFCa7dYoY3uB0dpCGiMVQ3COwIH1d5VygT8gumdsK5gxVrGZujCDl5db4gaUh7W47PJw31Cw] - Timeline already complete, skipping Riot API call: matchId='EUW1_7914346349'
2026-07-13 22:20:39.636 [http-nio-8080-exec-10] INFO  org.main.service.CrawlerServiceImpl [requestId=aaefd6d3-e9d1-41fd-8df2-97943354029f] [path=/api/crawl/euw/puuid/D2Qk3WOFCa7dYoY3uB0dpCGiMVQ3COwIH1d5VygT8gumdsK5gxVrGZujCDl5db4gaUh7W47PJw31Cw] - Match already exists, checking timeline: matchId='EUW1_7914320550'
2026-07-13 22:20:39.642 [http-nio-8080-exec-10] INFO  o.m.s.TimelineIngestServiceImpl [requestId=aaefd6d3-e9d1-41fd-8df2-97943354029f] [path=/api/crawl/euw/puuid/D2Qk3WOFCa7dYoY3uB0dpCGiMVQ3COwIH1d5VygT8gumdsK5gxVrGZujCDl5db4gaUh7W47PJw31Cw] - Timeline already complete, skipping Riot API call: matchId='EUW1_7914320550'
2026-07-13 22:20:39.645 [http-nio-8080-exec-10] INFO  org.main.service.CrawlerServiceImpl [requestId=aaefd6d3-e9d1-41fd-8df2-97943354029f] [path=/api/crawl/euw/puuid/D2Qk3WOFCa7dYoY3uB0dpCGiMVQ3COwIH1d5VygT8gumdsK5gxVrGZujCDl5db4gaUh7W47PJw31Cw] - Match already exists, checking timeline: matchId='EUW1_7913966817'
2026-07-13 22:20:39.652 [http-nio-8080-exec-10] INFO  o.m.s.TimelineIngestServiceImpl [requestId=aaefd6d3-e9d1-41fd-8df2-97943354029f] [path=/api/crawl/euw/puuid/D2Qk3WOFCa7dYoY3uB0dpCGiMVQ3COwIH1d5VygT8gumdsK5gxVrGZujCDl5db4gaUh7W47PJw31Cw] - Timeline already complete, skipping Riot API call: matchId='EUW1_7913966817'
2026-07-13 22:20:39.653 [http-nio-8080-exec-10] INFO  org.main.service.CrawlerServiceImpl [requestId=aaefd6d3-e9d1-41fd-8df2-97943354029f] [path=/api/crawl/euw/puuid/D2Qk3WOFCa7dYoY3uB0dpCGiMVQ3COwIH1d5VygT8gumdsK5gxVrGZujCDl5db4gaUh7W47PJw31Cw] - crawlPuuidEUW finished: puuid='D2Qk3WOFCa7dYoY3uB0dpCGiMVQ3COwIH1d5VygT8gumdsK5gxVrGZujCDl5db4gaUh7W47PJw31Cw', requestedLimit=20, fetchedUnique=20, savedNewMatches=0
2026-07-13 22:20:39.653 [http-nio-8080-exec-10] INFO  o.main.controller.CrawlerController [requestId=aaefd6d3-e9d1-41fd-8df2-97943354029f] [path=/api/crawl/euw/puuid/D2Qk3WOFCa7dYoY3uB0dpCGiMVQ3COwIH1d5VygT8gumdsK5gxVrGZujCDl5db4gaUh7W47PJw31Cw] - crawlByPuuid completed: puuid='D2Qk3WOFCa7dYoY3uB0dpCGiMVQ3COwIH1d5VygT8gumdsK5gxVrGZujCDl5db4gaUh7W47PJw31Cw', requestedLimit=20, savedNewMatches=0
